workload,capacity,trial_seed,policy,source_policy,accesses,hits,faults,hit_rate,fault_rate,gap_to_opt_pct,best_fixed_faults,fault_reduction_vs_best_fixed_pct,vs_best_fixed,exec_time_s,train_time_s,policy_usage,q_states_before_eval,evaluation_seed,agent_seed,lecar_seed,trace_sha256,training_trace_overlap_count,deterministic_workload
sequential,10,0,FIFO,FIFO,3000,0,3000,0.0,1.0,0.0,2730,-9.89010989010989,loss,0.0025736669776961207,0.0,,0,999999,42,0,38bf24b7aba876e5b2ea5cc799290a7660425e26ca57bdacd133e03cdcc42cd2,25,True
sequential,10,0,LRU,LRU,3000,0,3000,0.0,1.0,0.0,2730,-9.89010989010989,loss,0.0025450829416513443,0.0,,0,999999,42,0,38bf24b7aba876e5b2ea5cc799290a7660425e26ca57bdacd133e03cdcc42cd2,25,True
sequential,10,0,LFU,LFU,3000,0,3000,0.0,1.0,0.0,2730,-9.89010989010989,loss,0.003127250005491078,0.0,,0,999999,42,0,38bf24b7aba876e5b2ea5cc799290a7660425e26ca57bdacd133e03cdcc42cd2,25,True
sequential,10,0,MRU,MRU,3000,270,2730,0.09,0.91,100.0,2730,0.0,tie,0.002399874967522919,0.0,,0,999999,42,0,38bf24b7aba876e5b2ea5cc799290a7660425e26ca57bdacd133e03cdcc42cd2,25,True
sequential,10,0,OPT,OPT,3000,270,2730,0.09,0.91,100.0,2730,0.0,tie,0.003562666941434145,0.0,,0,999999,42,0,38bf24b7aba876e5b2ea5cc799290a7660425e26ca57bdacd133e03cdcc42cd2,25,True
sequential,10,0,LeCaR-inspired,LeCaR,3000,0,3000,0.0,1.0,0.0,2730,-9.89010989010989,loss,0.004002916975878179,0.0,,0,999999,42,0,38bf24b7aba876e5b2ea5cc799290a7660425e26ca57bdacd133e03cdcc42cd2,25,True
sequential,10,0,RL-Windowed,RL-Adaptive (windowed),3000,0,3000,0.0,1.0,0.0,2730,-9.89010989010989,loss,0.0035489590372890234,0.0876637080218643,"{""FIFO"": 60, ""LFU"": 0, ""LRU"": 0, ""MRU"": 0}",2,999999,42,0,38bf24b7aba876e5b2ea5cc799290a7660425e26ca57bdacd133e03cdcc42cd2,25,True
sequential,10,0,RL-FixedCommit-20,RL-Adaptive (per-eviction),3000,0,3000,0.0,1.0,0.0,2730,-9.89010989010989,loss,0.004083625040948391,0.13137499999720603,"{""FIFO"": 2990, ""LFU"": 0, ""LRU"": 0, ""MRU"": 0}",1,999999,42,0,38bf24b7aba876e5b2ea5cc799290a7660425e26ca57bdacd133e03cdcc42cd2,25,True
sequential,10,1,FIFO,FIFO,3000,0,3000,0.0,1.0,0.0,2730,-9.89010989010989,loss,0.0026239589788019657,0.0,,0,16717777647965957393,2525721831092706418,3879375843389994631,38bf24b7aba876e5b2ea5cc799290a7660425e26ca57bdacd133e03cdcc42cd2,25,True
sequential,10,1,LRU,LRU,3000,0,3000,0.0,1.0,0.0,2730,-9.89010989010989,loss,0.0026190420612692833,0.0,,0,16717777647965957393,2525721831092706418,3879375843389994631,38bf24b7aba876e5b2ea5cc799290a7660425e26ca57bdacd133e03cdcc42cd2,25,True
sequential,10,1,LFU,LFU,3000,0,3000,0.0,1.0,0.0,2730,-9.89010989010989,loss,0.0032363750506192446,0.0,,0,16717777647965957393,2525721831092706418,3879375843389994631,38bf24b7aba876e5b2ea5cc799290a7660425e26ca57bdacd133e03cdcc42cd2,25,True
sequential,10,1,MRU,MRU,3000,270,2730,0.09,0.91,100.0,2730,0.0,tie,0.002470416948199272,0.0,,0,16717777647965957393,2525721831092706418,3879375843389994631,38bf24b7aba876e5b2ea5cc799290a7660425e26ca57bdacd133e03cdcc42cd2,25,True
sequential,10,1,OPT,OPT,3000,270,2730,0.09,0.91,100.0,2730,0.0,tie,0.003814042080193758,0.0,,0,16717777647965957393,2525721831092706418,3879375843389994631,38bf24b7aba876e5b2ea5cc799290a7660425e26ca57bdacd133e03cdcc42cd2,25,True
sequential,10,1,LeCaR-inspired,LeCaR,3000,0,3000,0.0,1.0,0.0,2730,-9.89010989010989,loss,0.004107500077225268,0.0,,0,16717777647965957393,2525721831092706418,3879375843389994631,38bf24b7aba876e5b2ea5cc799290a7660425e26ca57bdacd133e03cdcc42cd2,25,True
sequential,10,1,RL-Windowed,RL-Adaptive (windowed),3000,261,2739,0.087,0.913,96.66666666666667,2730,-0.32967032967032966,loss,0.0033586669014766812,0.08969841699581593,"{""FIFO"": 0, ""LFU"": 0, ""LRU"": 1, ""MRU"": 59}",2,16717777647965957393,2525721831092706418,3879375843389994631,38bf24b7aba876e5b2ea5cc799290a7660425e26ca57bdacd133e03cdcc42cd2,25,True
sequential,10,1,RL-FixedCommit-20,RL-Adaptive (per-eviction),3000,270,2730,0.09,0.91,100.0,2730,0.0,tie,0.0037609159480780363,0.1317338750232011,"{""FIFO"": 0, ""LFU"": 0, ""LRU"": 0, ""MRU"": 2720}",1,16717777647965957393,2525721831092706418,3879375843389994631,38bf24b7aba876e5b2ea5cc799290a7660425e26ca57bdacd133e03cdcc42cd2,25,True
sequential,10,2,FIFO,FIFO,3000,0,3000,0.0,1.0,0.0,2730,-9.89010989010989,loss,0.002550999983213842,0.0,,0,1305566401757673907,4059098351897074801,8251146533248606337,38bf24b7aba876e5b2ea5cc799290a7660425e26ca57bdacd133e03cdcc42cd2,25,True
sequential,10,2,LRU,LRU,3000,0,3000,0.0,1.0,0.0,2730,-9.89010989010989,loss,0.002546709030866623,0.0,,0,1305566401757673907,4059098351897074801,8251146533248606337,38bf24b7aba876e5b2ea5cc799290a7660425e26ca57bdacd133e03cdcc42cd2,25,True
sequential,10,2,LFU,LFU,3000,0,3000,0.0,1.0,0.0,2730,-9.89010989010989,loss,0.003147417097352445,0.0,,0,1305566401757673907,4059098351897074801,8251146533248606337,38bf24b7aba876e5b2ea5cc799290a7660425e26ca57bdacd133e03cdcc42cd2,25,True
sequential,10,2,MRU,MRU,3000,270,2730,0.09,0.91,100.0,2730,0.0,tie,0.0023960829712450504,0.0,,0,1305566401757673907,4059098351897074801,8251146533248606337,38bf24b7aba876e5b2ea5cc799290a7660425e26ca57bdacd133e03cdcc42cd2,25,True
sequential,10,2,OPT,OPT,3000,270,2730,0.09,0.91,100.0,2730,0.0,tie,0.0035445839166641235,0.0,,0,1305566401757673907,4059098351897074801,8251146533248606337,38bf24b7aba876e5b2ea5cc799290a7660425e26ca57bdacd133e03cdcc42cd2,25,True
sequential,10,2,LeCaR-inspired,LeCaR,3000,0,3000,0.0,1.0,0.0,2730,-9.89010989010989,loss,0.004006583010777831,0.0,,0,1305566401757673907,4059098351897074801,8251146533248606337,38bf24b7aba876e5b2ea5cc799290a7660425e26ca57bdacd133e03cdcc42cd2,25,True
sequential,10,2,RL-Windowed,RL-Adaptive (windowed),3000,0,3000,0.0,1.0,0.0,2730,-9.89010989010989,loss,0.003529416979290545,0.09090058400761336,"{""FIFO"": 59, ""LFU"": 0, ""LRU"": 0, ""MRU"": 1}",2,1305566401757673907,4059098351897074801,8251146533248606337,38bf24b7aba876e5b2ea5cc799290a7660425e26ca57bdacd133e03cdcc42cd2,25,True
sequential,10,2,RL-FixedCommit-20,RL-Adaptive (per-eviction),3000,270,2730,0.09,0.91,100.0,2730,0.0,tie,0.00385112501680851,0.1315500830532983,"{""FIFO"": 0, ""LFU"": 0, ""LRU"": 0, ""MRU"": 2720}",1,1305566401757673907,4059098351897074801,8251146533248606337,38bf24b7aba876e5b2ea5cc799290a7660425e26ca57bdacd133e03cdcc42cd2,25,True
sequential,10,3,FIFO,FIFO,3000,0,3000,0.0,1.0,0.0,2730,-9.89010989010989,loss,0.00257274997420609,0.0,,0,10896733126758641499,17229579976100088554,13657480034574457404,38bf24b7aba876e5b2ea5cc799290a7660425e26ca57bdacd133e03cdcc42cd2,25,True
sequential,10,3,LRU,LRU,3000,0,3000,0.0,1.0,0.0,2730,-9.89010989010989,loss,0.0025776249822229147,0.0,,0,10896733126758641499,17229579976100088554,13657480034574457404,38bf24b7aba876e5b2ea5cc799290a7660425e26ca57bdacd133e03cdcc42cd2,25,True
sequential,10,3,LFU,LFU,3000,0,3000,0.0,1.0,0.0,2730,-9.89010989010989,loss,0.00317283405456692,0.0,,0,10896733126758641499,17229579976100088554,13657480034574457404,38bf24b7aba876e5b2ea5cc799290a7660425e26ca57bdacd133e03cdcc42cd2,25,True
sequential,10,3,MRU,MRU,3000,270,2730,0.09,0.91,100.0,2730,0.0,tie,0.002429625019431114,0.0,,0,10896733126758641499,17229579976100088554,13657480034574457404,38bf24b7aba876e5b2ea5cc799290a7660425e26ca57bdacd133e03cdcc42cd2,25,True
sequential,10,3,OPT,OPT,3000,270,2730,0.09,0.91,100.0,2730,0.0,tie,0.003614166984334588,0.0,,0,10896733126758641499,17229579976100088554,13657480034574457404,38bf24b7aba876e5b2ea5cc799290a7660425e26ca57bdacd133e03cdcc42cd2,25,True
sequential,10,3,LeCaR-inspired,LeCaR,3000,0,3000,0.0,1.0,0.0,2730,-9.89010989010989,loss,0.004118375014513731,0.0,,0,10896733126758641499,17229579976100088554,13657480034574457404,38bf24b7aba876e5b2ea5cc799290a7660425e26ca57bdacd133e03cdcc42cd2,25,True
sequential,10,3,RL-Windowed,RL-Adaptive (windowed),3000,261,2739,0.087,0.913,96.66666666666667,2730,-0.32967032967032966,loss,0.003303334000520408,0.08418862498365343,"{""FIFO"": 0, ""LFU"": 0, ""LRU"": 1, ""MRU"": 59}",2,10896733126758641499,17229579976100088554,13657480034574457404,38bf24b7aba876e5b2ea5cc799290a7660425e26ca57bdacd133e03cdcc42cd2,25,True
sequential,10,3,RL-FixedCommit-20,RL-Adaptive (per-eviction),3000,0,3000,0.0,1.0,0.0,2730,-9.89010989010989,loss,0.004599082982167602,0.13086437503807247,"{""FIFO"": 0, ""LFU"": 2990, ""LRU"": 0, ""MRU"": 0}",1,10896733126758641499,17229579976100088554,13657480034574457404,38bf24b7aba876e5b2ea5cc799290a7660425e26ca57bdacd133e03cdcc42cd2,25,True
sequential,10,4,FIFO,FIFO,3000,0,3000,0.0,1.0,0.0,2730,-9.89010989010989,loss,0.00255520804785192,0.0,,0,3092690890239630504,1652322981519701649,13833213382424153356,38bf24b7aba876e5b2ea5cc799290a7660425e26ca57bdacd133e03cdcc42cd2,25,True
sequential,10,4,LRU,LRU,3000,0,3000,0.0,1.0,0.0,2730,-9.89010989010989,loss,0.002541625057347119,0.0,,0,3092690890239630504,1652322981519701649,13833213382424153356,38bf24b7aba876e5b2ea5cc799290a7660425e26ca57bdacd133e03cdcc42cd2,25,True
sequential,10,4,LFU,LFU,3000,0,3000,0.0,1.0,0.0,2730,-9.89010989010989,loss,0.0031500409822911024,0.0,,0,3092690890239630504,1652322981519701649,13833213382424153356,38bf24b7aba876e5b2ea5cc799290a7660425e26ca57bdacd133e03cdcc42cd2,25,True
sequential,10,4,MRU,MRU,3000,270,2730,0.09,0.91,100.0,2730,0.0,tie,0.002387041924521327,0.0,,0,3092690890239630504,1652322981519701649,13833213382424153356,38bf24b7aba876e5b2ea5cc799290a7660425e26ca57bdacd133e03cdcc42cd2,25,True
sequential,10,4,OPT,OPT,3000,270,2730,0.09,0.91,100.0,2730,0.0,tie,0.0035437920596450567,0.0,,0,3092690890239630504,1652322981519701649,13833213382424153356,38bf24b7aba876e5b2ea5cc799290a7660425e26ca57bdacd133e03cdcc42cd2,25,True
sequential,10,4,LeCaR-inspired,LeCaR,3000,0,3000,0.0,1.0,0.0,2730,-9.89010989010989,loss,0.003963332972489297,0.0,,0,3092690890239630504,1652322981519701649,13833213382424153356,38bf24b7aba876e5b2ea5cc799290a7660425e26ca57bdacd133e03cdcc42cd2,25,True
sequential,10,4,RL-Windowed,RL-Adaptive (windowed),3000,261,2739,0.087,0.913,96.66666666666667,2730,-0.32967032967032966,loss,0.003361875074915588,0.08554541599005461,"{""FIFO"": 0, ""LFU"": 0, ""LRU"": 1, ""MRU"": 59}",2,3092690890239630504,1652322981519701649,13833213382424153356,38bf24b7aba876e5b2ea5cc799290a7660425e26ca57bdacd133e03cdcc42cd2,25,True
sequential,10,4,RL-FixedCommit-20,RL-Adaptive (per-eviction),3000,270,2730,0.09,0.91,100.0,2730,0.0,tie,0.003817208926193416,0.12998574995435774,"{""FIFO"": 0, ""LFU"": 0, ""LRU"": 0, ""MRU"": 2720}",1,3092690890239630504,1652322981519701649,13833213382424153356,38bf24b7aba876e5b2ea5cc799290a7660425e26ca57bdacd133e03cdcc42cd2,25,True
sequential,10,5,FIFO,FIFO,3000,0,3000,0.0,1.0,0.0,2730,-9.89010989010989,loss,0.002579334075562656,0.0,,0,11441395483595616694,1121435539257306649,12311010682614744993,38bf24b7aba876e5b2ea5cc799290a7660425e26ca57bdacd133e03cdcc42cd2,25,True
sequential,10,5,LRU,LRU,3000,0,3000,0.0,1.0,0.0,2730,-9.89010989010989,loss,0.0025853340048342943,0.0,,0,11441395483595616694,1121435539257306649,12311010682614744993,38bf24b7aba876e5b2ea5cc799290a7660425e26ca57bdacd133e03cdcc42cd2,25,True
sequential,10,5,LFU,LFU,3000,0,3000,0.0,1.0,0.0,2730,-9.89010989010989,loss,0.0031774999806657434,0.0,,0,11441395483595616694,1121435539257306649,12311010682614744993,38bf24b7aba876e5b2ea5cc799290a7660425e26ca57bdacd133e03cdcc42cd2,25,True
sequential,10,5,MRU,MRU,3000,270,2730,0.09,0.91,100.0,2730,0.0,tie,0.002430125023238361,0.0,,0,11441395483595616694,1121435539257306649,12311010682614744993,38bf24b7aba876e5b2ea5cc799290a7660425e26ca57bdacd133e03cdcc42cd2,25,True
sequential,10,5,OPT,OPT,3000,270,2730,0.09,0.91,100.0,2730,0.0,tie,0.003624500008299947,0.0,,0,11441395483595616694,1121435539257306649,12311010682614744993,38bf24b7aba876e5b2ea5cc799290a7660425e26ca57bdacd133e03cdcc42cd2,25,True
sequential,10,5,LeCaR-inspired,LeCaR,3000,0,3000,0.0,1.0,0.0,2730,-9.89010989010989,loss,0.004137292038649321,0.0,,0,11441395483595616694,1121435539257306649,12311010682614744993,38bf24b7aba876e5b2ea5cc799290a7660425e26ca57bdacd133e03cdcc42cd2,25,True
sequential,10,5,RL-Windowed,RL-Adaptive (windowed),3000,261,2739,0.087,0.913,96.66666666666667,2730,-0.32967032967032966,loss,0.003307333099655807,0.08817604195792228,"{""FIFO"": 0, ""LFU"": 0, ""LRU"": 1, ""MRU"": 59}",2,11441395483595616694,1121435539257306649,12311010682614744993,38bf24b7aba876e5b2ea5cc799290a7660425e26ca57bdacd133e03cdcc42cd2,25,True
sequential,10,5,RL-FixedCommit-20,RL-Adaptive (per-eviction),3000,0,3000,0.0,1.0,0.0,2730,-9.89010989010989,loss,0.004008665913715959,0.12631112500093877,"{""FIFO"": 0, ""LFU"": 0, ""LRU"": 2990, ""MRU"": 0}",1,11441395483595616694,1121435539257306649,12311010682614744993,38bf24b7aba876e5b2ea5cc799290a7660425e26ca57bdacd133e03cdcc42cd2,25,True
sequential,10,6,FIFO,FIFO,3000,0,3000,0.0,1.0,0.0,2730,-9.89010989010989,loss,0.00252679199911654,0.0,,0,15841885749686287183,4365902871643889632,11744945720644652978,38bf24b7aba876e5b2ea5cc799290a7660425e26ca57bdacd133e03cdcc42cd2,25,True
sequential,10,6,LRU,LRU,3000,0,3000,0.0,1.0,0.0,2730,-9.89010989010989,loss,0.002525417017750442,0.0,,0,15841885749686287183,4365902871643889632,11744945720644652978,38bf24b7aba876e5b2ea5cc799290a7660425e26ca57bdacd133e03cdcc42cd2,25,True
sequential,10,6,LFU,LFU,3000,0,3000,0.0,1.0,0.0,2730,-9.89010989010989,loss,0.0031153750605881214,0.0,,0,15841885749686287183,4365902871643889632,11744945720644652978,38bf24b7aba876e5b2ea5cc799290a7660425e26ca57bdacd133e03cdcc42cd2,25,True
sequential,10,6,MRU,MRU,3000,270,2730,0.09,0.91,100.0,2730,0.0,tie,0.0023788749240338802,0.0,,0,15841885749686287183,4365902871643889632,11744945720644652978,38bf24b7aba876e5b2ea5cc799290a7660425e26ca57bdacd133e03cdcc42cd2,25,True
sequential,10,6,OPT,OPT,3000,270,2730,0.09,0.91,100.0,2730,0.0,tie,0.0035532909678295255,0.0,,0,15841885749686287183,4365902871643889632,11744945720644652978,38bf24b7aba876e5b2ea5cc799290a7660425e26ca57bdacd133e03cdcc42cd2,25,True
sequential,10,6,LeCaR-inspired,LeCaR,3000,0,3000,0.0,1.0,0.0,2730,-9.89010989010989,loss,0.003999875043518841,0.0,,0,15841885749686287183,4365902871643889632,11744945720644652978,38bf24b7aba876e5b2ea5cc799290a7660425e26ca57bdacd133e03cdcc42cd2,25,True
sequential,10,6,RL-Windowed,RL-Adaptive (windowed),3000,0,3000,0.0,1.0,0.0,2730,-9.89010989010989,loss,0.004142791964113712,0.08586904092226177,"{""FIFO"": 0, ""LFU"": 59, ""LRU"": 1, ""MRU"": 0}",2,15841885749686287183,4365902871643889632,11744945720644652978,38bf24b7aba876e5b2ea5cc799290a7660425e26ca57bdacd133e03cdcc42cd2,25,True
sequential,10,6,RL-FixedCommit-20,RL-Adaptive (per-eviction),3000,0,3000,0.0,1.0,0.0,2730,-9.89010989010989,loss,0.0040880420710891485,0.12739475001581013,"{""FIFO"": 0, ""LFU"": 0, ""LRU"": 2990, ""MRU"": 0}",1,15841885749686287183,4365902871643889632,11744945720644652978,38bf24b7aba876e5b2ea5cc799290a7660425e26ca57bdacd133e03cdcc42cd2,25,True
sequential,10,7,FIFO,FIFO,3000,0,3000,0.0,1.0,0.0,2730,-9.89010989010989,loss,0.0025909170508384705,0.0,,0,7866014719739355761,9532619309786877184,16008131557619445177,38bf24b7aba876e5b2ea5cc799290a7660425e26ca57bdacd133e03cdcc42cd2,25,True
sequential,10,7,LRU,LRU,3000,0,3000,0.0,1.0,0.0,2730,-9.89010989010989,loss,0.0025874159764498472,0.0,,0,7866014719739355761,9532619309786877184,16008131557619445177,38bf24b7aba876e5b2ea5cc799290a7660425e26ca57bdacd133e03cdcc42cd2,25,True
sequential,10,7,LFU,LFU,3000,0,3000,0.0,1.0,0.0,2730,-9.89010989010989,loss,0.00318100000731647,0.0,,0,7866014719739355761,9532619309786877184,16008131557619445177,38bf24b7aba876e5b2ea5cc799290a7660425e26ca57bdacd133e03cdcc42cd2,25,True
sequential,10,7,MRU,MRU,3000,270,2730,0.09,0.91,100.0,2730,0.0,tie,0.002435042057186365,0.0,,0,7866014719739355761,9532619309786877184,16008131557619445177,38bf24b7aba876e5b2ea5cc799290a7660425e26ca57bdacd133e03cdcc42cd2,25,True
sequential,10,7,OPT,OPT,3000,270,2730,0.09,0.91,100.0,2730,0.0,tie,0.0036175419809296727,0.0,,0,7866014719739355761,9532619309786877184,16008131557619445177,38bf24b7aba876e5b2ea5cc799290a7660425e26ca57bdacd133e03cdcc42cd2,25,True
sequential,10,7,LeCaR-inspired,LeCaR,3000,0,3000,0.0,1.0,0.0,2730,-9.89010989010989,loss,0.004046041984111071,0.0,,0,7866014719739355761,9532619309786877184,16008131557619445177,38bf24b7aba876e5b2ea5cc799290a7660425e26ca57bdacd133e03cdcc42cd2,25,True
sequential,10,7,RL-Windowed,RL-Adaptive (windowed),3000,261,2739,0.087,0.913,96.66666666666667,2730,-0.32967032967032966,loss,0.0032986250007525086,0.086345124989748,"{""FIFO"": 0, ""LFU"": 1, ""LRU"": 0, ""MRU"": 59}",2,7866014719739355761,9532619309786877184,16008131557619445177,38bf24b7aba876e5b2ea5cc799290a7660425e26ca57bdacd133e03cdcc42cd2,25,True
sequential,10,7,RL-FixedCommit-20,RL-Adaptive (per-eviction),3000,270,2730,0.09,0.91,100.0,2730,0.0,tie,0.0038102089893072844,0.1285446669207886,"{""FIFO"": 0, ""LFU"": 0, ""LRU"": 0, ""MRU"": 2720}",1,7866014719739355761,9532619309786877184,16008131557619445177,38bf24b7aba876e5b2ea5cc799290a7660425e26ca57bdacd133e03cdcc42cd2,25,True
sequential,10,8,FIFO,FIFO,3000,0,3000,0.0,1.0,0.0,2730,-9.89010989010989,loss,0.0025576669722795486,0.0,,0,10966373112097421076,4948905498182040407,13088539422047257325,38bf24b7aba876e5b2ea5cc799290a7660425e26ca57bdacd133e03cdcc42cd2,25,True
sequential,10,8,LRU,LRU,3000,0,3000,0.0,1.0,0.0,2730,-9.89010989010989,loss,0.002532290993258357,0.0,,0,10966373112097421076,4948905498182040407,13088539422047257325,38bf24b7aba876e5b2ea5cc799290a7660425e26ca57bdacd133e03cdcc42cd2,25,True
sequential,10,8,LFU,LFU,3000,0,3000,0.0,1.0,0.0,2730,-9.89010989010989,loss,0.0031237079529091716,0.0,,0,10966373112097421076,4948905498182040407,13088539422047257325,38bf24b7aba876e5b2ea5cc799290a7660425e26ca57bdacd133e03cdcc42cd2,25,True
sequential,10,8,MRU,MRU,3000,270,2730,0.09,0.91,100.0,2730,0.0,tie,0.002385249943472445,0.0,,0,10966373112097421076,4948905498182040407,13088539422047257325,38bf24b7aba876e5b2ea5cc799290a7660425e26ca57bdacd133e03cdcc42cd2,25,True
sequential,10,8,OPT,OPT,3000,270,2730,0.09,0.91,100.0,2730,0.0,tie,0.003555708099156618,0.0,,0,10966373112097421076,4948905498182040407,13088539422047257325,38bf24b7aba876e5b2ea5cc799290a7660425e26ca57bdacd133e03cdcc42cd2,25,True
sequential,10,8,LeCaR-inspired,LeCaR,3000,0,3000,0.0,1.0,0.0,2730,-9.89010989010989,loss,0.003995416918769479,0.0,,0,10966373112097421076,4948905498182040407,13088539422047257325,38bf24b7aba876e5b2ea5cc799290a7660425e26ca57bdacd133e03cdcc42cd2,25,True
sequential,10,8,RL-Windowed,RL-Adaptive (windowed),3000,261,2739,0.087,0.913,96.66666666666667,2730,-0.32967032967032966,loss,0.003305541933514178,0.08450445800554007,"{""FIFO"": 1, ""LFU"": 0, ""LRU"": 0, ""MRU"": 59}",2,10966373112097421076,4948905498182040407,13088539422047257325,38bf24b7aba876e5b2ea5cc799290a7660425e26ca57bdacd133e03cdcc42cd2,25,True
sequential,10,8,RL-FixedCommit-20,RL-Adaptive (per-eviction),3000,270,2730,0.09,0.91,100.0,2730,0.0,tie,0.0037523750215768814,0.12959433300420642,"{""FIFO"": 0, ""LFU"": 0, ""LRU"": 0, ""MRU"": 2720}",1,10966373112097421076,4948905498182040407,13088539422047257325,38bf24b7aba876e5b2ea5cc799290a7660425e26ca57bdacd133e03cdcc42cd2,25,True
sequential,10,9,FIFO,FIFO,3000,0,3000,0.0,1.0,0.0,2730,-9.89010989010989,loss,0.0025595839833840728,0.0,,0,2397568904857501707,14643337032763018093,5254420609676600275,38bf24b7aba876e5b2ea5cc799290a7660425e26ca57bdacd133e03cdcc42cd2,25,True
sequential,10,9,LRU,LRU,3000,0,3000,0.0,1.0,0.0,2730,-9.89010989010989,loss,0.00255687499884516,0.0,,0,2397568904857501707,14643337032763018093,5254420609676600275,38bf24b7aba876e5b2ea5cc799290a7660425e26ca57bdacd133e03cdcc42cd2,25,True
sequential,10,9,LFU,LFU,3000,0,3000,0.0,1.0,0.0,2730,-9.89010989010989,loss,0.0031404580222442746,0.0,,0,2397568904857501707,14643337032763018093,5254420609676600275,38bf24b7aba876e5b2ea5cc799290a7660425e26ca57bdacd133e03cdcc42cd2,25,True
sequential,10,9,MRU,MRU,3000,270,2730,0.09,0.91,100.0,2730,0.0,tie,0.0024360829265788198,0.0,,0,2397568904857501707,14643337032763018093,5254420609676600275,38bf24b7aba876e5b2ea5cc799290a7660425e26ca57bdacd133e03cdcc42cd2,25,True
sequential,10,9,OPT,OPT,3000,270,2730,0.09,0.91,100.0,2730,0.0,tie,0.0035542919067665935,0.0,,0,2397568904857501707,14643337032763018093,5254420609676600275,38bf24b7aba876e5b2ea5cc799290a7660425e26ca57bdacd133e03cdcc42cd2,25,True
sequential,10,9,LeCaR-inspired,LeCaR,3000,0,3000,0.0,1.0,0.0,2730,-9.89010989010989,loss,0.003988791955634952,0.0,,0,2397568904857501707,14643337032763018093,5254420609676600275,38bf24b7aba876e5b2ea5cc799290a7660425e26ca57bdacd133e03cdcc42cd2,25,True
sequential,10,9,RL-Windowed,RL-Adaptive (windowed),3000,261,2739,0.087,0.913,96.66666666666667,2730,-0.32967032967032966,loss,0.0033534159883856773,0.08527666702866554,"{""FIFO"": 0, ""LFU"": 0, ""LRU"": 1, ""MRU"": 59}",2,2397568904857501707,14643337032763018093,5254420609676600275,38bf24b7aba876e5b2ea5cc799290a7660425e26ca57bdacd133e03cdcc42cd2,25,True
sequential,10,9,RL-FixedCommit-20,RL-Adaptive (per-eviction),3000,270,2730,0.09,0.91,100.0,2730,0.0,tie,0.0038197500398382545,0.12734141701366752,"{""FIFO"": 0, ""LFU"": 0, ""LRU"": 0, ""MRU"": 2720}",1,2397568904857501707,14643337032763018093,5254420609676600275,38bf24b7aba876e5b2ea5cc799290a7660425e26ca57bdacd133e03cdcc42cd2,25,True
sequential,20,0,FIFO,FIFO,3000,0,3000,0.0,1.0,0.0,2430,-23.45679012345679,loss,0.003321334021165967,0.0,,0,999999,42,0,38bf24b7aba876e5b2ea5cc799290a7660425e26ca57bdacd133e03cdcc42cd2,25,True
sequential,20,0,LRU,LRU,3000,0,3000,0.0,1.0,0.0,2430,-23.45679012345679,loss,0.003312834072858095,0.0,,0,999999,42,0,38bf24b7aba876e5b2ea5cc799290a7660425e26ca57bdacd133e03cdcc42cd2,25,True
sequential,20,0,LFU,LFU,3000,0,3000,0.0,1.0,0.0,2430,-23.45679012345679,loss,0.004532709019258618,0.0,,0,999999,42,0,38bf24b7aba876e5b2ea5cc799290a7660425e26ca57bdacd133e03cdcc42cd2,25,True
sequential,20,0,MRU,MRU,3000,570,2430,0.19,0.81,100.0,2430,0.0,tie,0.00282024999614805,0.0,,0,999999,42,0,38bf24b7aba876e5b2ea5cc799290a7660425e26ca57bdacd133e03cdcc42cd2,25,True
sequential,20,0,OPT,OPT,3000,570,2430,0.19,0.81,100.0,2430,0.0,tie,0.005902583012357354,0.0,,0,999999,42,0,38bf24b7aba876e5b2ea5cc799290a7660425e26ca57bdacd133e03cdcc42cd2,25,True
sequential,20,0,LeCaR-inspired,LeCaR,3000,0,3000,0.0,1.0,0.0,2430,-23.45679012345679,loss,0.00509583402890712,0.0,,0,999999,42,0,38bf24b7aba876e5b2ea5cc799290a7660425e26ca57bdacd133e03cdcc42cd2,25,True
sequential,20,0,RL-Windowed,RL-Adaptive (windowed),3000,551,2449,0.18366666666666667,0.8163333333333334,96.66666666666669,2430,-0.7818930041152263,loss,0.0036845840513706207,0.09964625001884997,"{""FIFO"": 1, ""LFU"": 0, ""LRU"": 0, ""MRU"": 59}",2,999999,42,0,38bf24b7aba876e5b2ea5cc799290a7660425e26ca57bdacd133e03cdcc42cd2,25,True
sequential,20,0,RL-FixedCommit-20,RL-Adaptive (per-eviction),3000,570,2430,0.19,0.81,100.0,2430,0.0,tie,0.004043083055876195,0.12732008297462016,"{""FIFO"": 0, ""LFU"": 0, ""LRU"": 0, ""MRU"": 2410}",1,999999,42,0,38bf24b7aba876e5b2ea5cc799290a7660425e26ca57bdacd133e03cdcc42cd2,25,True
sequential,20,1,FIFO,FIFO,3000,0,3000,0.0,1.0,0.0,2430,-23.45679012345679,loss,0.00327391701284796,0.0,,0,16717777647965957393,2525721831092706418,3879375843389994631,38bf24b7aba876e5b2ea5cc799290a7660425e26ca57bdacd133e03cdcc42cd2,25,True
sequential,20,1,LRU,LRU,3000,0,3000,0.0,1.0,0.0,2430,-23.45679012345679,loss,0.0032586249290034175,0.0,,0,16717777647965957393,2525721831092706418,3879375843389994631,38bf24b7aba876e5b2ea5cc799290a7660425e26ca57bdacd133e03cdcc42cd2,25,True
sequential,20,1,LFU,LFU,3000,0,3000,0.0,1.0,0.0,2430,-23.45679012345679,loss,0.004456624970771372,0.0,,0,16717777647965957393,2525721831092706418,3879375843389994631,38bf24b7aba876e5b2ea5cc799290a7660425e26ca57bdacd133e03cdcc42cd2,25,True
sequential,20,1,MRU,MRU,3000,570,2430,0.19,0.81,100.0,2430,0.0,tie,0.002773582935333252,0.0,,0,16717777647965957393,2525721831092706418,3879375843389994631,38bf24b7aba876e5b2ea5cc799290a7660425e26ca57bdacd133e03cdcc42cd2,25,True
sequential,20,1,OPT,OPT,3000,570,2430,0.19,0.81,100.0,2430,0.0,tie,0.0057845000410452485,0.0,,0,16717777647965957393,2525721831092706418,3879375843389994631,38bf24b7aba876e5b2ea5cc799290a7660425e26ca57bdacd133e03cdcc42cd2,25,True
sequential,20,1,LeCaR-inspired,LeCaR,3000,0,3000,0.0,1.0,0.0,2430,-23.45679012345679,loss,0.004998084041289985,0.0,,0,16717777647965957393,2525721831092706418,3879375843389994631,38bf24b7aba876e5b2ea5cc799290a7660425e26ca57bdacd133e03cdcc42cd2,25,True
sequential,20,1,RL-Windowed,RL-Adaptive (windowed),3000,551,2449,0.18366666666666667,0.8163333333333334,96.66666666666669,2430,-0.7818930041152263,loss,0.0036852500634267926,0.10680399998091161,"{""FIFO"": 0, ""LFU"": 0, ""LRU"": 1, ""MRU"": 59}",2,16717777647965957393,2525721831092706418,3879375843389994631,38bf24b7aba876e5b2ea5cc799290a7660425e26ca57bdacd133e03cdcc42cd2,25,True
sequential,20,1,RL-FixedCommit-20,RL-Adaptive (per-eviction),3000,570,2430,0.19,0.81,100.0,2430,0.0,tie,0.004001874942332506,0.1344133330276236,"{""FIFO"": 0, ""LFU"": 0, ""LRU"": 0, ""MRU"": 2410}",1,16717777647965957393,2525721831092706418,3879375843389994631,38bf24b7aba876e5b2ea5cc799290a7660425e26ca57bdacd133e03cdcc42cd2,25,True
sequential,20,2,FIFO,FIFO,3000,0,3000,0.0,1.0,0.0,2430,-23.45679012345679,loss,0.003327750018797815,0.0,,0,1305566401757673907,4059098351897074801,8251146533248606337,38bf24b7aba876e5b2ea5cc799290a7660425e26ca57bdacd133e03cdcc42cd2,25,True
sequential,20,2,LRU,LRU,3000,0,3000,0.0,1.0,0.0,2430,-23.45679012345679,loss,0.0032744579948484898,0.0,,0,1305566401757673907,4059098351897074801,8251146533248606337,38bf24b7aba876e5b2ea5cc799290a7660425e26ca57bdacd133e03cdcc42cd2,25,True
sequential,20,2,LFU,LFU,3000,0,3000,0.0,1.0,0.0,2430,-23.45679012345679,loss,0.004482334014028311,0.0,,0,1305566401757673907,4059098351897074801,8251146533248606337,38bf24b7aba876e5b2ea5cc799290a7660425e26ca57bdacd133e03cdcc42cd2,25,True
sequential,20,2,MRU,MRU,3000,570,2430,0.19,0.81,100.0,2430,0.0,tie,0.0027728750137612224,0.0,,0,1305566401757673907,4059098351897074801,8251146533248606337,38bf24b7aba876e5b2ea5cc799290a7660425e26ca57bdacd133e03cdcc42cd2,25,True
sequential,20,2,OPT,OPT,3000,570,2430,0.19,0.81,100.0,2430,0.0,tie,0.005826457985676825,0.0,,0,1305566401757673907,4059098351897074801,8251146533248606337,38bf24b7aba876e5b2ea5cc799290a7660425e26ca57bdacd133e03cdcc42cd2,25,True
sequential,20,2,LeCaR-inspired,LeCaR,3000,0,3000,0.0,1.0,0.0,2430,-23.45679012345679,loss,0.005037624971009791,0.0,,0,1305566401757673907,4059098351897074801,8251146533248606337,38bf24b7aba876e5b2ea5cc799290a7660425e26ca57bdacd133e03cdcc42cd2,25,True
sequential,20,2,RL-Windowed,RL-Adaptive (windowed),3000,570,2430,0.19,0.81,100.0,2430,0.0,tie,0.0037072079721838236,0.10625808301847428,"{""FIFO"": 0, ""LFU"": 0, ""LRU"": 0, ""MRU"": 60}",2,1305566401757673907,4059098351897074801,8251146533248606337,38bf24b7aba876e5b2ea5cc799290a7660425e26ca57bdacd133e03cdcc42cd2,25,True
sequential,20,2,RL-FixedCommit-20,RL-Adaptive (per-eviction),3000,570,2430,0.19,0.81,100.0,2430,0.0,tie,0.004040166037157178,0.12539891595952213,"{""FIFO"": 0, ""LFU"": 0, ""LRU"": 0, ""MRU"": 2410}",1,1305566401757673907,4059098351897074801,8251146533248606337,38bf24b7aba876e5b2ea5cc799290a7660425e26ca57bdacd133e03cdcc42cd2,25,True
sequential,20,3,FIFO,FIFO,3000,0,3000,0.0,1.0,0.0,2430,-23.45679012345679,loss,0.003287083003669977,0.0,,0,10896733126758641499,17229579976100088554,13657480034574457404,38bf24b7aba876e5b2ea5cc799290a7660425e26ca57bdacd133e03cdcc42cd2,25,True
sequential,20,3,LRU,LRU,3000,0,3000,0.0,1.0,0.0,2430,-23.45679012345679,loss,0.0032773339189589024,0.0,,0,10896733126758641499,17229579976100088554,13657480034574457404,38bf24b7aba876e5b2ea5cc799290a7660425e26ca57bdacd133e03cdcc42cd2,25,True
sequential,20,3,LFU,LFU,3000,0,3000,0.0,1.0,0.0,2430,-23.45679012345679,loss,0.004483666969463229,0.0,,0,10896733126758641499,17229579976100088554,13657480034574457404,38bf24b7aba876e5b2ea5cc799290a7660425e26ca57bdacd133e03cdcc42cd2,25,True
sequential,20,3,MRU,MRU,3000,570,2430,0.19,0.81,100.0,2430,0.0,tie,0.00278562493622303,0.0,,0,10896733126758641499,17229579976100088554,13657480034574457404,38bf24b7aba876e5b2ea5cc799290a7660425e26ca57bdacd133e03cdcc42cd2,25,True
sequential,20,3,OPT,OPT,3000,570,2430,0.19,0.81,100.0,2430,0.0,tie,0.005780583946034312,0.0,,0,10896733126758641499,17229579976100088554,13657480034574457404,38bf24b7aba876e5b2ea5cc799290a7660425e26ca57bdacd133e03cdcc42cd2,25,True
sequential,20,3,LeCaR-inspired,LeCaR,3000,0,3000,0.0,1.0,0.0,2430,-23.45679012345679,loss,0.005054833018220961,0.0,,0,10896733126758641499,17229579976100088554,13657480034574457404,38bf24b7aba876e5b2ea5cc799290a7660425e26ca57bdacd133e03cdcc42cd2,25,True
sequential,20,3,RL-Windowed,RL-Adaptive (windowed),3000,551,2449,0.18366666666666667,0.8163333333333334,96.66666666666669,2430,-0.7818930041152263,loss,0.0037068750243633986,0.10416695906314999,"{""FIFO"": 0, ""LFU"": 0, ""LRU"": 1, ""MRU"": 59}",2,10896733126758641499,17229579976100088554,13657480034574457404,38bf24b7aba876e5b2ea5cc799290a7660425e26ca57bdacd133e03cdcc42cd2,25,True
sequential,20,3,RL-FixedCommit-20,RL-Adaptive (per-eviction),3000,570,2430,0.19,0.81,100.0,2430,0.0,tie,0.004312083008699119,0.12898879195563495,"{""FIFO"": 0, ""LFU"": 0, ""LRU"": 0, ""MRU"": 2410}",1,10896733126758641499,17229579976100088554,13657480034574457404,38bf24b7aba876e5b2ea5cc799290a7660425e26ca57bdacd133e03cdcc42cd2,25,True
sequential,20,4,FIFO,FIFO,3000,0,3000,0.0,1.0,0.0,2430,-23.45679012345679,loss,0.0032636249670758843,0.0,,0,3092690890239630504,1652322981519701649,13833213382424153356,38bf24b7aba876e5b2ea5cc799290a7660425e26ca57bdacd133e03cdcc42cd2,25,True
sequential,20,4,LRU,LRU,3000,0,3000,0.0,1.0,0.0,2430,-23.45679012345679,loss,0.0032555420184507966,0.0,,0,3092690890239630504,1652322981519701649,13833213382424153356,38bf24b7aba876e5b2ea5cc799290a7660425e26ca57bdacd133e03cdcc42cd2,25,True
sequential,20,4,LFU,LFU,3000,0,3000,0.0,1.0,0.0,2430,-23.45679012345679,loss,0.004463416989892721,0.0,,0,3092690890239630504,1652322981519701649,13833213382424153356,38bf24b7aba876e5b2ea5cc799290a7660425e26ca57bdacd133e03cdcc42cd2,25,True
sequential,20,4,MRU,MRU,3000,570,2430,0.19,0.81,100.0,2430,0.0,tie,0.0027731660520657897,0.0,,0,3092690890239630504,1652322981519701649,13833213382424153356,38bf24b7aba876e5b2ea5cc799290a7660425e26ca57bdacd133e03cdcc42cd2,25,True
sequential,20,4,OPT,OPT,3000,570,2430,0.19,0.81,100.0,2430,0.0,tie,0.005790708004496992,0.0,,0,3092690890239630504,1652322981519701649,13833213382424153356,38bf24b7aba876e5b2ea5cc799290a7660425e26ca57bdacd133e03cdcc42cd2,25,True
sequential,20,4,LeCaR-inspired,LeCaR,3000,0,3000,0.0,1.0,0.0,2430,-23.45679012345679,loss,0.004986874992027879,0.0,,0,3092690890239630504,1652322981519701649,13833213382424153356,38bf24b7aba876e5b2ea5cc799290a7660425e26ca57bdacd133e03cdcc42cd2,25,True
sequential,20,4,RL-Windowed,RL-Adaptive (windowed),3000,0,3000,0.0,1.0,0.0,2430,-23.45679012345679,loss,0.004181541968137026,0.09985033399425447,"{""FIFO"": 59, ""LFU"": 0, ""LRU"": 1, ""MRU"": 0}",2,3092690890239630504,1652322981519701649,13833213382424153356,38bf24b7aba876e5b2ea5cc799290a7660425e26ca57bdacd133e03cdcc42cd2,25,True
sequential,20,4,RL-FixedCommit-20,RL-Adaptive (per-eviction),3000,570,2430,0.19,0.81,100.0,2430,0.0,tie,0.004000416956841946,0.12550120800733566,"{""FIFO"": 0, ""LFU"": 0, ""LRU"": 0, ""MRU"": 2410}",1,3092690890239630504,1652322981519701649,13833213382424153356,38bf24b7aba876e5b2ea5cc799290a7660425e26ca57bdacd133e03cdcc42cd2,25,True
sequential,20,5,FIFO,FIFO,3000,0,3000,0.0,1.0,0.0,2430,-23.45679012345679,loss,0.0032630410278216004,0.0,,0,11441395483595616694,1121435539257306649,12311010682614744993,38bf24b7aba876e5b2ea5cc799290a7660425e26ca57bdacd133e03cdcc42cd2,25,True
sequential,20,5,LRU,LRU,3000,0,3000,0.0,1.0,0.0,2430,-23.45679012345679,loss,0.0032542500412091613,0.0,,0,11441395483595616694,1121435539257306649,12311010682614744993,38bf24b7aba876e5b2ea5cc799290a7660425e26ca57bdacd133e03cdcc42cd2,25,True
sequential,20,5,LFU,LFU,3000,0,3000,0.0,1.0,0.0,2430,-23.45679012345679,loss,0.004449125030077994,0.0,,0,11441395483595616694,1121435539257306649,12311010682614744993,38bf24b7aba876e5b2ea5cc799290a7660425e26ca57bdacd133e03cdcc42cd2,25,True
sequential,20,5,MRU,MRU,3000,570,2430,0.19,0.81,100.0,2430,0.0,tie,0.002765083103440702,0.0,,0,11441395483595616694,1121435539257306649,12311010682614744993,38bf24b7aba876e5b2ea5cc799290a7660425e26ca57bdacd133e03cdcc42cd2,25,True
sequential,20,5,OPT,OPT,3000,570,2430,0.19,0.81,100.0,2430,0.0,tie,0.005786790978163481,0.0,,0,11441395483595616694,1121435539257306649,12311010682614744993,38bf24b7aba876e5b2ea5cc799290a7660425e26ca57bdacd133e03cdcc42cd2,25,True
sequential,20,5,LeCaR-inspired,LeCaR,3000,0,3000,0.0,1.0,0.0,2430,-23.45679012345679,loss,0.00497391598764807,0.0,,0,11441395483595616694,1121435539257306649,12311010682614744993,38bf24b7aba876e5b2ea5cc799290a7660425e26ca57bdacd133e03cdcc42cd2,25,True
sequential,20,5,RL-Windowed,RL-Adaptive (windowed),3000,0,3000,0.0,1.0,0.0,2430,-23.45679012345679,loss,0.004185915924608707,0.10794145800173283,"{""FIFO"": 60, ""LFU"": 0, ""LRU"": 0, ""MRU"": 0}",2,11441395483595616694,1121435539257306649,12311010682614744993,38bf24b7aba876e5b2ea5cc799290a7660425e26ca57bdacd133e03cdcc42cd2,25,True
sequential,20,5,RL-FixedCommit-20,RL-Adaptive (per-eviction),3000,0,3000,0.0,1.0,0.0,2430,-23.45679012345679,loss,0.005951541941612959,0.1395140839740634,"{""FIFO"": 0, ""LFU"": 2980, ""LRU"": 0, ""MRU"": 0}",1,11441395483595616694,1121435539257306649,12311010682614744993,38bf24b7aba876e5b2ea5cc799290a7660425e26ca57bdacd133e03cdcc42cd2,25,True
sequential,20,6,FIFO,FIFO,3000,0,3000,0.0,1.0,0.0,2430,-23.45679012345679,loss,0.0032900420483201742,0.0,,0,15841885749686287183,4365902871643889632,11744945720644652978,38bf24b7aba876e5b2ea5cc799290a7660425e26ca57bdacd133e03cdcc42cd2,25,True
sequential,20,6,LRU,LRU,3000,0,3000,0.0,1.0,0.0,2430,-23.45679012345679,loss,0.0032774999272078276,0.0,,0,15841885749686287183,4365902871643889632,11744945720644652978,38bf24b7aba876e5b2ea5cc799290a7660425e26ca57bdacd133e03cdcc42cd2,25,True
sequential,20,6,LFU,LFU,3000,0,3000,0.0,1.0,0.0,2430,-23.45679012345679,loss,0.0044887090334668756,0.0,,0,15841885749686287183,4365902871643889632,11744945720644652978,38bf24b7aba876e5b2ea5cc799290a7660425e26ca57bdacd133e03cdcc42cd2,25,True
sequential,20,6,MRU,MRU,3000,570,2430,0.19,0.81,100.0,2430,0.0,tie,0.002787458011880517,0.0,,0,15841885749686287183,4365902871643889632,11744945720644652978,38bf24b7aba876e5b2ea5cc799290a7660425e26ca57bdacd133e03cdcc42cd2,25,True
sequential,20,6,OPT,OPT,3000,570,2430,0.19,0.81,100.0,2430,0.0,tie,0.00584200001321733,0.0,,0,15841885749686287183,4365902871643889632,11744945720644652978,38bf24b7aba876e5b2ea5cc799290a7660425e26ca57bdacd133e03cdcc42cd2,25,True
sequential,20,6,LeCaR-inspired,LeCaR,3000,0,3000,0.0,1.0,0.0,2430,-23.45679012345679,loss,0.005041667027398944,0.0,,0,15841885749686287183,4365902871643889632,11744945720644652978,38bf24b7aba876e5b2ea5cc799290a7660425e26ca57bdacd133e03cdcc42cd2,25,True
sequential,20,6,RL-Windowed,RL-Adaptive (windowed),3000,551,2449,0.18366666666666667,0.8163333333333334,96.66666666666669,2430,-0.7818930041152263,loss,0.003767124959267676,0.09881254204083234,"{""FIFO"": 0, ""LFU"": 0, ""LRU"": 1, ""MRU"": 59}",2,15841885749686287183,4365902871643889632,11744945720644652978,38bf24b7aba876e5b2ea5cc799290a7660425e26ca57bdacd133e03cdcc42cd2,25,True
sequential,20,6,RL-FixedCommit-20,RL-Adaptive (per-eviction),3000,570,2430,0.19,0.81,100.0,2430,0.0,tie,0.004095750045962632,0.13109799998346716,"{""FIFO"": 0, ""LFU"": 0, ""LRU"": 0, ""MRU"": 2410}",1,15841885749686287183,4365902871643889632,11744945720644652978,38bf24b7aba876e5b2ea5cc799290a7660425e26ca57bdacd133e03cdcc42cd2,25,True
sequential,20,7,FIFO,FIFO,3000,0,3000,0.0,1.0,0.0,2430,-23.45679012345679,loss,0.003360708011314273,0.0,,0,7866014719739355761,9532619309786877184,16008131557619445177,38bf24b7aba876e5b2ea5cc799290a7660425e26ca57bdacd133e03cdcc42cd2,25,True
sequential,20,7,LRU,LRU,3000,0,3000,0.0,1.0,0.0,2430,-23.45679012345679,loss,0.003367625060491264,0.0,,0,7866014719739355761,9532619309786877184,16008131557619445177,38bf24b7aba876e5b2ea5cc799290a7660425e26ca57bdacd133e03cdcc42cd2,25,True
sequential,20,7,LFU,LFU,3000,0,3000,0.0,1.0,0.0,2430,-23.45679012345679,loss,0.0045733340084552765,0.0,,0,7866014719739355761,9532619309786877184,16008131557619445177,38bf24b7aba876e5b2ea5cc799290a7660425e26ca57bdacd133e03cdcc42cd2,25,True
sequential,20,7,MRU,MRU,3000,570,2430,0.19,0.81,100.0,2430,0.0,tie,0.0028477919986471534,0.0,,0,7866014719739355761,9532619309786877184,16008131557619445177,38bf24b7aba876e5b2ea5cc799290a7660425e26ca57bdacd133e03cdcc42cd2,25,True
sequential,20,7,OPT,OPT,3000,570,2430,0.19,0.81,100.0,2430,0.0,tie,0.005895665963180363,0.0,,0,7866014719739355761,9532619309786877184,16008131557619445177,38bf24b7aba876e5b2ea5cc799290a7660425e26ca57bdacd133e03cdcc42cd2,25,True
sequential,20,7,LeCaR-inspired,LeCaR,3000,0,3000,0.0,1.0,0.0,2430,-23.45679012345679,loss,0.005141541012562811,0.0,,0,7866014719739355761,9532619309786877184,16008131557619445177,38bf24b7aba876e5b2ea5cc799290a7660425e26ca57bdacd133e03cdcc42cd2,25,True
sequential,20,7,RL-Windowed,RL-Adaptive (windowed),3000,551,2449,0.18366666666666667,0.8163333333333334,96.66666666666669,2430,-0.7818930041152263,loss,0.0036888750037178397,0.0944176249904558,"{""FIFO"": 0, ""LFU"": 0, ""LRU"": 1, ""MRU"": 59}",2,7866014719739355761,9532619309786877184,16008131557619445177,38bf24b7aba876e5b2ea5cc799290a7660425e26ca57bdacd133e03cdcc42cd2,25,True
sequential,20,7,RL-FixedCommit-20,RL-Adaptive (per-eviction),3000,570,2430,0.19,0.81,100.0,2430,0.0,tie,0.004009041003882885,0.1266816669376567,"{""FIFO"": 0, ""LFU"": 0, ""LRU"": 0, ""MRU"": 2410}",1,7866014719739355761,9532619309786877184,16008131557619445177,38bf24b7aba876e5b2ea5cc799290a7660425e26ca57bdacd133e03cdcc42cd2,25,True
sequential,20,8,FIFO,FIFO,3000,0,3000,0.0,1.0,0.0,2430,-23.45679012345679,loss,0.0033390000462532043,0.0,,0,10966373112097421076,4948905498182040407,13088539422047257325,38bf24b7aba876e5b2ea5cc799290a7660425e26ca57bdacd133e03cdcc42cd2,25,True
sequential,20,8,LRU,LRU,3000,0,3000,0.0,1.0,0.0,2430,-23.45679012345679,loss,0.003295375034213066,0.0,,0,10966373112097421076,4948905498182040407,13088539422047257325,38bf24b7aba876e5b2ea5cc799290a7660425e26ca57bdacd133e03cdcc42cd2,25,True
sequential,20,8,LFU,LFU,3000,0,3000,0.0,1.0,0.0,2430,-23.45679012345679,loss,0.004477833048440516,0.0,,0,10966373112097421076,4948905498182040407,13088539422047257325,38bf24b7aba876e5b2ea5cc799290a7660425e26ca57bdacd133e03cdcc42cd2,25,True
sequential,20,8,MRU,MRU,3000,570,2430,0.19,0.81,100.0,2430,0.0,tie,0.0027819579700008035,0.0,,0,10966373112097421076,4948905498182040407,13088539422047257325,38bf24b7aba876e5b2ea5cc799290a7660425e26ca57bdacd133e03cdcc42cd2,25,True
sequential,20,8,OPT,OPT,3000,570,2430,0.19,0.81,100.0,2430,0.0,tie,0.005797958001494408,0.0,,0,10966373112097421076,4948905498182040407,13088539422047257325,38bf24b7aba876e5b2ea5cc799290a7660425e26ca57bdacd133e03cdcc42cd2,25,True
sequential,20,8,LeCaR-inspired,LeCaR,3000,0,3000,0.0,1.0,0.0,2430,-23.45679012345679,loss,0.005003792000934482,0.0,,0,10966373112097421076,4948905498182040407,13088539422047257325,38bf24b7aba876e5b2ea5cc799290a7660425e26ca57bdacd133e03cdcc42cd2,25,True
sequential,20,8,RL-Windowed,RL-Adaptive (windowed),3000,551,2449,0.18366666666666667,0.8163333333333334,96.66666666666669,2430,-0.7818930041152263,loss,0.0037049170350655913,0.0985425419639796,"{""FIFO"": 1, ""LFU"": 0, ""LRU"": 0, ""MRU"": 59}",2,10966373112097421076,4948905498182040407,13088539422047257325,38bf24b7aba876e5b2ea5cc799290a7660425e26ca57bdacd133e03cdcc42cd2,25,True
sequential,20,8,RL-FixedCommit-20,RL-Adaptive (per-eviction),3000,0,3000,0.0,1.0,0.0,2430,-23.45679012345679,loss,0.0047654579393565655,0.14620495797134936,"{""FIFO"": 0, ""LFU"": 0, ""LRU"": 2980, ""MRU"": 0}",1,10966373112097421076,4948905498182040407,13088539422047257325,38bf24b7aba876e5b2ea5cc799290a7660425e26ca57bdacd133e03cdcc42cd2,25,True
sequential,20,9,FIFO,FIFO,3000,0,3000,0.0,1.0,0.0,2430,-23.45679012345679,loss,0.0032839999767020345,0.0,,0,2397568904857501707,14643337032763018093,5254420609676600275,38bf24b7aba876e5b2ea5cc799290a7660425e26ca57bdacd133e03cdcc42cd2,25,True
sequential,20,9,LRU,LRU,3000,0,3000,0.0,1.0,0.0,2430,-23.45679012345679,loss,0.0032854999881237745,0.0,,0,2397568904857501707,14643337032763018093,5254420609676600275,38bf24b7aba876e5b2ea5cc799290a7660425e26ca57bdacd133e03cdcc42cd2,25,True
sequential,20,9,LFU,LFU,3000,0,3000,0.0,1.0,0.0,2430,-23.45679012345679,loss,0.00446570897474885,0.0,,0,2397568904857501707,14643337032763018093,5254420609676600275,38bf24b7aba876e5b2ea5cc799290a7660425e26ca57bdacd133e03cdcc42cd2,25,True
sequential,20,9,MRU,MRU,3000,570,2430,0.19,0.81,100.0,2430,0.0,tie,0.002779250033199787,0.0,,0,2397568904857501707,14643337032763018093,5254420609676600275,38bf24b7aba876e5b2ea5cc799290a7660425e26ca57bdacd133e03cdcc42cd2,25,True
sequential,20,9,OPT,OPT,3000,570,2430,0.19,0.81,100.0,2430,0.0,tie,0.005795625038444996,0.0,,0,2397568904857501707,14643337032763018093,5254420609676600275,38bf24b7aba876e5b2ea5cc799290a7660425e26ca57bdacd133e03cdcc42cd2,25,True
sequential,20,9,LeCaR-inspired,LeCaR,3000,0,3000,0.0,1.0,0.0,2430,-23.45679012345679,loss,0.004975709016434848,0.0,,0,2397568904857501707,14643337032763018093,5254420609676600275,38bf24b7aba876e5b2ea5cc799290a7660425e26ca57bdacd133e03cdcc42cd2,25,True
sequential,20,9,RL-Windowed,RL-Adaptive (windowed),3000,551,2449,0.18366666666666667,0.8163333333333334,96.66666666666669,2430,-0.7818930041152263,loss,0.0037506669759750366,0.0971327091101557,"{""FIFO"": 0, ""LFU"": 0, ""LRU"": 1, ""MRU"": 59}",2,2397568904857501707,14643337032763018093,5254420609676600275,38bf24b7aba876e5b2ea5cc799290a7660425e26ca57bdacd133e03cdcc42cd2,25,True
sequential,20,9,RL-FixedCommit-20,RL-Adaptive (per-eviction),3000,570,2430,0.19,0.81,100.0,2430,0.0,tie,0.004085083957761526,0.13043549994472414,"{""FIFO"": 0, ""LFU"": 0, ""LRU"": 0, ""MRU"": 2410}",1,2397568904857501707,14643337032763018093,5254420609676600275,38bf24b7aba876e5b2ea5cc799290a7660425e26ca57bdacd133e03cdcc42cd2,25,True
sequential,40,0,FIFO,FIFO,3000,0,3000,0.0,1.0,0.0,1840,-63.04347826086956,loss,0.004843291942961514,0.0,,0,999999,42,0,38bf24b7aba876e5b2ea5cc799290a7660425e26ca57bdacd133e03cdcc42cd2,25,True
sequential,40,0,LRU,LRU,3000,0,3000,0.0,1.0,0.0,1840,-63.04347826086956,loss,0.004836292006075382,0.0,,0,999999,42,0,38bf24b7aba876e5b2ea5cc799290a7660425e26ca57bdacd133e03cdcc42cd2,25,True
sequential,40,0,LFU,LFU,3000,0,3000,0.0,1.0,0.0,1840,-63.04347826086956,loss,0.007281625061295927,0.0,,0,999999,42,0,38bf24b7aba876e5b2ea5cc799290a7660425e26ca57bdacd133e03cdcc42cd2,25,True
sequential,40,0,MRU,MRU,3000,1160,1840,0.38666666666666666,0.6133333333333333,100.0,1840,0.0,tie,0.0031600838992744684,0.0,,0,999999,42,0,38bf24b7aba876e5b2ea5cc799290a7660425e26ca57bdacd133e03cdcc42cd2,25,True
sequential,40,0,OPT,OPT,3000,1160,1840,0.38666666666666666,0.6133333333333333,100.0,1840,0.0,tie,0.008627999923191965,0.0,,0,999999,42,0,38bf24b7aba876e5b2ea5cc799290a7660425e26ca57bdacd133e03cdcc42cd2,25,True
sequential,40,0,LeCaR-inspired,LeCaR,3000,0,3000,0.0,1.0,0.0,1840,-63.04347826086956,loss,0.008430000045336783,0.0,,0,999999,42,0,38bf24b7aba876e5b2ea5cc799290a7660425e26ca57bdacd133e03cdcc42cd2,25,True
sequential,40,0,RL-Windowed,RL-Adaptive (windowed),3000,0,3000,0.0,1.0,0.0,1840,-63.04347826086956,loss,0.008076500031165779,0.11804741702508181,"{""FIFO"": 1, ""LFU"": 59, ""LRU"": 0, ""MRU"": 0}",2,999999,42,0,38bf24b7aba876e5b2ea5cc799290a7660425e26ca57bdacd133e03cdcc42cd2,25,True
sequential,40,0,RL-FixedCommit-20,RL-Adaptive (per-eviction),3000,1160,1840,0.38666666666666666,0.6133333333333333,100.0,1840,0.0,tie,0.004070332972332835,0.12156170792877674,"{""FIFO"": 0, ""LFU"": 0, ""LRU"": 0, ""MRU"": 1800}",1,999999,42,0,38bf24b7aba876e5b2ea5cc799290a7660425e26ca57bdacd133e03cdcc42cd2,25,True
sequential,40,1,FIFO,FIFO,3000,0,3000,0.0,1.0,0.0,1840,-63.04347826086956,loss,0.00475695903878659,0.0,,0,16717777647965957393,2525721831092706418,3879375843389994631,38bf24b7aba876e5b2ea5cc799290a7660425e26ca57bdacd133e03cdcc42cd2,25,True
sequential,40,1,LRU,LRU,3000,0,3000,0.0,1.0,0.0,1840,-63.04347826086956,loss,0.004770500003360212,0.0,,0,16717777647965957393,2525721831092706418,3879375843389994631,38bf24b7aba876e5b2ea5cc799290a7660425e26ca57bdacd133e03cdcc42cd2,25,True
sequential,40,1,LFU,LFU,3000,0,3000,0.0,1.0,0.0,1840,-63.04347826086956,loss,0.007149667013436556,0.0,,0,16717777647965957393,2525721831092706418,3879375843389994631,38bf24b7aba876e5b2ea5cc799290a7660425e26ca57bdacd133e03cdcc42cd2,25,True
sequential,40,1,MRU,MRU,3000,1160,1840,0.38666666666666666,0.6133333333333333,100.0,1840,0.0,tie,0.0030900000128895044,0.0,,0,16717777647965957393,2525721831092706418,3879375843389994631,38bf24b7aba876e5b2ea5cc799290a7660425e26ca57bdacd133e03cdcc42cd2,25,True
sequential,40,1,OPT,OPT,3000,1160,1840,0.38666666666666666,0.6133333333333333,100.0,1840,0.0,tie,0.00846370798535645,0.0,,0,16717777647965957393,2525721831092706418,3879375843389994631,38bf24b7aba876e5b2ea5cc799290a7660425e26ca57bdacd133e03cdcc42cd2,25,True
sequential,40,1,LeCaR-inspired,LeCaR,3000,0,3000,0.0,1.0,0.0,1840,-63.04347826086956,loss,0.008237374946475029,0.0,,0,16717777647965957393,2525721831092706418,3879375843389994631,38bf24b7aba876e5b2ea5cc799290a7660425e26ca57bdacd133e03cdcc42cd2,25,True
sequential,40,1,RL-Windowed,RL-Adaptive (windowed),3000,1150,1850,0.38333333333333336,0.6166666666666667,99.13793103448273,1840,-0.5434782608695652,loss,0.004081666935235262,0.14111345796845853,"{""FIFO"": 0, ""LFU"": 0, ""LRU"": 1, ""MRU"": 59}",2,16717777647965957393,2525721831092706418,3879375843389994631,38bf24b7aba876e5b2ea5cc799290a7660425e26ca57bdacd133e03cdcc42cd2,25,True
sequential,40,1,RL-FixedCommit-20,RL-Adaptive (per-eviction),3000,1160,1840,0.38666666666666666,0.6133333333333333,100.0,1840,0.0,tie,0.004119875025935471,0.1423464580439031,"{""FIFO"": 0, ""LFU"": 0, ""LRU"": 0, ""MRU"": 1800}",1,16717777647965957393,2525721831092706418,3879375843389994631,38bf24b7aba876e5b2ea5cc799290a7660425e26ca57bdacd133e03cdcc42cd2,25,True
sequential,40,2,FIFO,FIFO,3000,0,3000,0.0,1.0,0.0,1840,-63.04347826086956,loss,0.004841624991968274,0.0,,0,1305566401757673907,4059098351897074801,8251146533248606337,38bf24b7aba876e5b2ea5cc799290a7660425e26ca57bdacd133e03cdcc42cd2,25,True
sequential,40,2,LRU,LRU,3000,0,3000,0.0,1.0,0.0,1840,-63.04347826086956,loss,0.004832708975300193,0.0,,0,1305566401757673907,4059098351897074801,8251146533248606337,38bf24b7aba876e5b2ea5cc799290a7660425e26ca57bdacd133e03cdcc42cd2,25,True
sequential,40,2,LFU,LFU,3000,0,3000,0.0,1.0,0.0,1840,-63.04347826086956,loss,0.007283249986357987,0.0,,0,1305566401757673907,4059098351897074801,8251146533248606337,38bf24b7aba876e5b2ea5cc799290a7660425e26ca57bdacd133e03cdcc42cd2,25,True
sequential,40,2,MRU,MRU,3000,1160,1840,0.38666666666666666,0.6133333333333333,100.0,1840,0.0,tie,0.0031449999660253525,0.0,,0,1305566401757673907,4059098351897074801,8251146533248606337,38bf24b7aba876e5b2ea5cc799290a7660425e26ca57bdacd133e03cdcc42cd2,25,True
sequential,40,2,OPT,OPT,3000,1160,1840,0.38666666666666666,0.6133333333333333,100.0,1840,0.0,tie,0.008881625020876527,0.0,,0,1305566401757673907,4059098351897074801,8251146533248606337,38bf24b7aba876e5b2ea5cc799290a7660425e26ca57bdacd133e03cdcc42cd2,25,True
sequential,40,2,LeCaR-inspired,LeCaR,3000,0,3000,0.0,1.0,0.0,1840,-63.04347826086956,loss,0.008317749947309494,0.0,,0,1305566401757673907,4059098351897074801,8251146533248606337,38bf24b7aba876e5b2ea5cc799290a7660425e26ca57bdacd133e03cdcc42cd2,25,True
sequential,40,2,RL-Windowed,RL-Adaptive (windowed),3000,1160,1840,0.38666666666666666,0.6133333333333333,100.0,1840,0.0,tie,0.004025458008982241,0.11152449995279312,"{""FIFO"": 0, ""LFU"": 0, ""LRU"": 0, ""MRU"": 60}",2,1305566401757673907,4059098351897074801,8251146533248606337,38bf24b7aba876e5b2ea5cc799290a7660425e26ca57bdacd133e03cdcc42cd2,25,True
sequential,40,2,RL-FixedCommit-20,RL-Adaptive (per-eviction),3000,1160,1840,0.38666666666666666,0.6133333333333333,100.0,1840,0.0,tie,0.004077416961081326,0.1214874170254916,"{""FIFO"": 0, ""LFU"": 0, ""LRU"": 0, ""MRU"": 1800}",1,1305566401757673907,4059098351897074801,8251146533248606337,38bf24b7aba876e5b2ea5cc799290a7660425e26ca57bdacd133e03cdcc42cd2,25,True
sequential,40,3,FIFO,FIFO,3000,0,3000,0.0,1.0,0.0,1840,-63.04347826086956,loss,0.004807833000086248,0.0,,0,10896733126758641499,17229579976100088554,13657480034574457404,38bf24b7aba876e5b2ea5cc799290a7660425e26ca57bdacd133e03cdcc42cd2,25,True
sequential,40,3,LRU,LRU,3000,0,3000,0.0,1.0,0.0,1840,-63.04347826086956,loss,0.004799749935045838,0.0,,0,10896733126758641499,17229579976100088554,13657480034574457404,38bf24b7aba876e5b2ea5cc799290a7660425e26ca57bdacd133e03cdcc42cd2,25,True
sequential,40,3,LFU,LFU,3000,0,3000,0.0,1.0,0.0,1840,-63.04347826086956,loss,0.007193665951490402,0.0,,0,10896733126758641499,17229579976100088554,13657480034574457404,38bf24b7aba876e5b2ea5cc799290a7660425e26ca57bdacd133e03cdcc42cd2,25,True
sequential,40,3,MRU,MRU,3000,1160,1840,0.38666666666666666,0.6133333333333333,100.0,1840,0.0,tie,0.0031221250537782907,0.0,,0,10896733126758641499,17229579976100088554,13657480034574457404,38bf24b7aba876e5b2ea5cc799290a7660425e26ca57bdacd133e03cdcc42cd2,25,True
sequential,40,3,OPT,OPT,3000,1160,1840,0.38666666666666666,0.6133333333333333,100.0,1840,0.0,tie,0.008463207981549203,0.0,,0,10896733126758641499,17229579976100088554,13657480034574457404,38bf24b7aba876e5b2ea5cc799290a7660425e26ca57bdacd133e03cdcc42cd2,25,True
sequential,40,3,LeCaR-inspired,LeCaR,3000,0,3000,0.0,1.0,0.0,1840,-63.04347826086956,loss,0.008364374982193112,0.0,,0,10896733126758641499,17229579976100088554,13657480034574457404,38bf24b7aba876e5b2ea5cc799290a7660425e26ca57bdacd133e03cdcc42cd2,25,True
sequential,40,3,RL-Windowed,RL-Adaptive (windowed),3000,0,3000,0.0,1.0,0.0,1840,-63.04347826086956,loss,0.005787833943031728,0.1329145000781864,"{""FIFO"": 0, ""LFU"": 0, ""LRU"": 60, ""MRU"": 0}",2,10896733126758641499,17229579976100088554,13657480034574457404,38bf24b7aba876e5b2ea5cc799290a7660425e26ca57bdacd133e03cdcc42cd2,25,True
sequential,40,3,RL-FixedCommit-20,RL-Adaptive (per-eviction),3000,1160,1840,0.38666666666666666,0.6133333333333333,100.0,1840,0.0,tie,0.004152000066824257,0.12431379209738225,"{""FIFO"": 0, ""LFU"": 0, ""LRU"": 0, ""MRU"": 1800}",1,10896733126758641499,17229579976100088554,13657480034574457404,38bf24b7aba876e5b2ea5cc799290a7660425e26ca57bdacd133e03cdcc42cd2,25,True
sequential,40,4,FIFO,FIFO,3000,0,3000,0.0,1.0,0.0,1840,-63.04347826086956,loss,0.004841624991968274,0.0,,0,3092690890239630504,1652322981519701649,13833213382424153356,38bf24b7aba876e5b2ea5cc799290a7660425e26ca57bdacd133e03cdcc42cd2,25,True
sequential,40,4,LRU,LRU,3000,0,3000,0.0,1.0,0.0,1840,-63.04347826086956,loss,0.0048380420776084065,0.0,,0,3092690890239630504,1652322981519701649,13833213382424153356,38bf24b7aba876e5b2ea5cc799290a7660425e26ca57bdacd133e03cdcc42cd2,25,True
sequential,40,4,LFU,LFU,3000,0,3000,0.0,1.0,0.0,1840,-63.04347826086956,loss,0.007288458989933133,0.0,,0,3092690890239630504,1652322981519701649,13833213382424153356,38bf24b7aba876e5b2ea5cc799290a7660425e26ca57bdacd133e03cdcc42cd2,25,True
sequential,40,4,MRU,MRU,3000,1160,1840,0.38666666666666666,0.6133333333333333,100.0,1840,0.0,tie,0.0031649169977754354,0.0,,0,3092690890239630504,1652322981519701649,13833213382424153356,38bf24b7aba876e5b2ea5cc799290a7660425e26ca57bdacd133e03cdcc42cd2,25,True
sequential,40,4,OPT,OPT,3000,1160,1840,0.38666666666666666,0.6133333333333333,100.0,1840,0.0,tie,0.008625624934211373,0.0,,0,3092690890239630504,1652322981519701649,13833213382424153356,38bf24b7aba876e5b2ea5cc799290a7660425e26ca57bdacd133e03cdcc42cd2,25,True
sequential,40,4,LeCaR-inspired,LeCaR,3000,0,3000,0.0,1.0,0.0,1840,-63.04347826086956,loss,0.00844783300999552,0.0,,0,3092690890239630504,1652322981519701649,13833213382424153356,38bf24b7aba876e5b2ea5cc799290a7660425e26ca57bdacd133e03cdcc42cd2,25,True
sequential,40,4,RL-Windowed,RL-Adaptive (windowed),3000,1150,1850,0.38333333333333336,0.6166666666666667,99.13793103448273,1840,-0.5434782608695652,loss,0.00403087493032217,0.12127670797053725,"{""FIFO"": 0, ""LFU"": 0, ""LRU"": 1, ""MRU"": 59}",2,3092690890239630504,1652322981519701649,13833213382424153356,38bf24b7aba876e5b2ea5cc799290a7660425e26ca57bdacd133e03cdcc42cd2,25,True
sequential,40,4,RL-FixedCommit-20,RL-Adaptive (per-eviction),3000,1160,1840,0.38666666666666666,0.6133333333333333,100.0,1840,0.0,tie,0.004094458068720996,0.12421179201919585,"{""FIFO"": 0, ""LFU"": 0, ""LRU"": 0, ""MRU"": 1800}",1,3092690890239630504,1652322981519701649,13833213382424153356,38bf24b7aba876e5b2ea5cc799290a7660425e26ca57bdacd133e03cdcc42cd2,25,True
sequential,40,5,FIFO,FIFO,3000,0,3000,0.0,1.0,0.0,1840,-63.04347826086956,loss,0.004785749944858253,0.0,,0,11441395483595616694,1121435539257306649,12311010682614744993,38bf24b7aba876e5b2ea5cc799290a7660425e26ca57bdacd133e03cdcc42cd2,25,True
sequential,40,5,LRU,LRU,3000,0,3000,0.0,1.0,0.0,1840,-63.04347826086956,loss,0.004744624951854348,0.0,,0,11441395483595616694,1121435539257306649,12311010682614744993,38bf24b7aba876e5b2ea5cc799290a7660425e26ca57bdacd133e03cdcc42cd2,25,True
sequential,40,5,LFU,LFU,3000,0,3000,0.0,1.0,0.0,1840,-63.04347826086956,loss,0.007158082909882069,0.0,,0,11441395483595616694,1121435539257306649,12311010682614744993,38bf24b7aba876e5b2ea5cc799290a7660425e26ca57bdacd133e03cdcc42cd2,25,True
sequential,40,5,MRU,MRU,3000,1160,1840,0.38666666666666666,0.6133333333333333,100.0,1840,0.0,tie,0.0031075419392436743,0.0,,0,11441395483595616694,1121435539257306649,12311010682614744993,38bf24b7aba876e5b2ea5cc799290a7660425e26ca57bdacd133e03cdcc42cd2,25,True
sequential,40,5,OPT,OPT,3000,1160,1840,0.38666666666666666,0.6133333333333333,100.0,1840,0.0,tie,0.008482916979119182,0.0,,0,11441395483595616694,1121435539257306649,12311010682614744993,38bf24b7aba876e5b2ea5cc799290a7660425e26ca57bdacd133e03cdcc42cd2,25,True
sequential,40,5,LeCaR-inspired,LeCaR,3000,0,3000,0.0,1.0,0.0,1840,-63.04347826086956,loss,0.008253374951891601,0.0,,0,11441395483595616694,1121435539257306649,12311010682614744993,38bf24b7aba876e5b2ea5cc799290a7660425e26ca57bdacd133e03cdcc42cd2,25,True
sequential,40,5,RL-Windowed,RL-Adaptive (windowed),3000,0,3000,0.0,1.0,0.0,1840,-63.04347826086956,loss,0.005687166936695576,0.14141183299943805,"{""FIFO"": 60, ""LFU"": 0, ""LRU"": 0, ""MRU"": 0}",2,11441395483595616694,1121435539257306649,12311010682614744993,38bf24b7aba876e5b2ea5cc799290a7660425e26ca57bdacd133e03cdcc42cd2,25,True
sequential,40,5,RL-FixedCommit-20,RL-Adaptive (per-eviction),3000,0,3000,0.0,1.0,0.0,1840,-63.04347826086956,loss,0.006221415940672159,0.13346545794047415,"{""FIFO"": 0, ""LFU"": 0, ""LRU"": 2960, ""MRU"": 0}",1,11441395483595616694,1121435539257306649,12311010682614744993,38bf24b7aba876e5b2ea5cc799290a7660425e26ca57bdacd133e03cdcc42cd2,25,True
sequential,40,6,FIFO,FIFO,3000,0,3000,0.0,1.0,0.0,1840,-63.04347826086956,loss,0.004732833011075854,0.0,,0,15841885749686287183,4365902871643889632,11744945720644652978,38bf24b7aba876e5b2ea5cc799290a7660425e26ca57bdacd133e03cdcc42cd2,25,True
sequential,40,6,LRU,LRU,3000,0,3000,0.0,1.0,0.0,1840,-63.04347826086956,loss,0.004730332992039621,0.0,,0,15841885749686287183,4365902871643889632,11744945720644652978,38bf24b7aba876e5b2ea5cc799290a7660425e26ca57bdacd133e03cdcc42cd2,25,True
sequential,40,6,LFU,LFU,3000,0,3000,0.0,1.0,0.0,1840,-63.04347826086956,loss,0.007160500041209161,0.0,,0,15841885749686287183,4365902871643889632,11744945720644652978,38bf24b7aba876e5b2ea5cc799290a7660425e26ca57bdacd133e03cdcc42cd2,25,True
sequential,40,6,MRU,MRU,3000,1160,1840,0.38666666666666666,0.6133333333333333,100.0,1840,0.0,tie,0.003088375087827444,0.0,,0,15841885749686287183,4365902871643889632,11744945720644652978,38bf24b7aba876e5b2ea5cc799290a7660425e26ca57bdacd133e03cdcc42cd2,25,True
sequential,40,6,OPT,OPT,3000,1160,1840,0.38666666666666666,0.6133333333333333,100.0,1840,0.0,tie,0.008483582991175354,0.0,,0,15841885749686287183,4365902871643889632,11744945720644652978,38bf24b7aba876e5b2ea5cc799290a7660425e26ca57bdacd133e03cdcc42cd2,25,True
sequential,40,6,LeCaR-inspired,LeCaR,3000,0,3000,0.0,1.0,0.0,1840,-63.04347826086956,loss,0.008332083001732826,0.0,,0,15841885749686287183,4365902871643889632,11744945720644652978,38bf24b7aba876e5b2ea5cc799290a7660425e26ca57bdacd133e03cdcc42cd2,25,True
sequential,40,6,RL-Windowed,RL-Adaptive (windowed),3000,0,3000,0.0,1.0,0.0,1840,-63.04347826086956,loss,0.008226583944633603,0.1373857919825241,"{""FIFO"": 0, ""LFU"": 59, ""LRU"": 1, ""MRU"": 0}",2,15841885749686287183,4365902871643889632,11744945720644652978,38bf24b7aba876e5b2ea5cc799290a7660425e26ca57bdacd133e03cdcc42cd2,25,True
sequential,40,6,RL-FixedCommit-20,RL-Adaptive (per-eviction),3000,1160,1840,0.38666666666666666,0.6133333333333333,100.0,1840,0.0,tie,0.0041071249870583415,0.12363570800516754,"{""FIFO"": 0, ""LFU"": 0, ""LRU"": 0, ""MRU"": 1800}",1,15841885749686287183,4365902871643889632,11744945720644652978,38bf24b7aba876e5b2ea5cc799290a7660425e26ca57bdacd133e03cdcc42cd2,25,True
sequential,40,7,FIFO,FIFO,3000,0,3000,0.0,1.0,0.0,1840,-63.04347826086956,loss,0.004846167052164674,0.0,,0,7866014719739355761,9532619309786877184,16008131557619445177,38bf24b7aba876e5b2ea5cc799290a7660425e26ca57bdacd133e03cdcc42cd2,25,True
sequential,40,7,LRU,LRU,3000,0,3000,0.0,1.0,0.0,1840,-63.04347826086956,loss,0.004823290975764394,0.0,,0,7866014719739355761,9532619309786877184,16008131557619445177,38bf24b7aba876e5b2ea5cc799290a7660425e26ca57bdacd133e03cdcc42cd2,25,True
sequential,40,7,LFU,LFU,3000,0,3000,0.0,1.0,0.0,1840,-63.04347826086956,loss,0.007281041005626321,0.0,,0,7866014719739355761,9532619309786877184,16008131557619445177,38bf24b7aba876e5b2ea5cc799290a7660425e26ca57bdacd133e03cdcc42cd2,25,True
sequential,40,7,MRU,MRU,3000,1160,1840,0.38666666666666666,0.6133333333333333,100.0,1840,0.0,tie,0.003146542003378272,0.0,,0,7866014719739355761,9532619309786877184,16008131557619445177,38bf24b7aba876e5b2ea5cc799290a7660425e26ca57bdacd133e03cdcc42cd2,25,True
sequential,40,7,OPT,OPT,3000,1160,1840,0.38666666666666666,0.6133333333333333,100.0,1840,0.0,tie,0.008706917054951191,0.0,,0,7866014719739355761,9532619309786877184,16008131557619445177,38bf24b7aba876e5b2ea5cc799290a7660425e26ca57bdacd133e03cdcc42cd2,25,True
sequential,40,7,LeCaR-inspired,LeCaR,3000,0,3000,0.0,1.0,0.0,1840,-63.04347826086956,loss,0.008282082970254123,0.0,,0,7866014719739355761,9532619309786877184,16008131557619445177,38bf24b7aba876e5b2ea5cc799290a7660425e26ca57bdacd133e03cdcc42cd2,25,True
sequential,40,7,RL-Windowed,RL-Adaptive (windowed),3000,1150,1850,0.38333333333333336,0.6166666666666667,99.13793103448273,1840,-0.5434782608695652,loss,0.004011958953924477,0.10965150000993162,"{""FIFO"": 0, ""LFU"": 0, ""LRU"": 1, ""MRU"": 59}",2,7866014719739355761,9532619309786877184,16008131557619445177,38bf24b7aba876e5b2ea5cc799290a7660425e26ca57bdacd133e03cdcc42cd2,25,True
sequential,40,7,RL-FixedCommit-20,RL-Adaptive (per-eviction),3000,1160,1840,0.38666666666666666,0.6133333333333333,100.0,1840,0.0,tie,0.004042832995764911,0.12067099998239428,"{""FIFO"": 0, ""LFU"": 0, ""LRU"": 0, ""MRU"": 1800}",1,7866014719739355761,9532619309786877184,16008131557619445177,38bf24b7aba876e5b2ea5cc799290a7660425e26ca57bdacd133e03cdcc42cd2,25,True
sequential,40,8,FIFO,FIFO,3000,0,3000,0.0,1.0,0.0,1840,-63.04347826086956,loss,0.004779040929861367,0.0,,0,10966373112097421076,4948905498182040407,13088539422047257325,38bf24b7aba876e5b2ea5cc799290a7660425e26ca57bdacd133e03cdcc42cd2,25,True
sequential,40,8,LRU,LRU,3000,0,3000,0.0,1.0,0.0,1840,-63.04347826086956,loss,0.00474679097533226,0.0,,0,10966373112097421076,4948905498182040407,13088539422047257325,38bf24b7aba876e5b2ea5cc799290a7660425e26ca57bdacd133e03cdcc42cd2,25,True
sequential,40,8,LFU,LFU,3000,0,3000,0.0,1.0,0.0,1840,-63.04347826086956,loss,0.007135041989386082,0.0,,0,10966373112097421076,4948905498182040407,13088539422047257325,38bf24b7aba876e5b2ea5cc799290a7660425e26ca57bdacd133e03cdcc42cd2,25,True
sequential,40,8,MRU,MRU,3000,1160,1840,0.38666666666666666,0.6133333333333333,100.0,1840,0.0,tie,0.003089957986958325,0.0,,0,10966373112097421076,4948905498182040407,13088539422047257325,38bf24b7aba876e5b2ea5cc799290a7660425e26ca57bdacd133e03cdcc42cd2,25,True
sequential,40,8,OPT,OPT,3000,1160,1840,0.38666666666666666,0.6133333333333333,100.0,1840,0.0,tie,0.00848683388903737,0.0,,0,10966373112097421076,4948905498182040407,13088539422047257325,38bf24b7aba876e5b2ea5cc799290a7660425e26ca57bdacd133e03cdcc42cd2,25,True
sequential,40,8,LeCaR-inspired,LeCaR,3000,0,3000,0.0,1.0,0.0,1840,-63.04347826086956,loss,0.008248207974247634,0.0,,0,10966373112097421076,4948905498182040407,13088539422047257325,38bf24b7aba876e5b2ea5cc799290a7660425e26ca57bdacd133e03cdcc42cd2,25,True
sequential,40,8,RL-Windowed,RL-Adaptive (windowed),3000,1150,1850,0.38333333333333336,0.6166666666666667,99.13793103448273,1840,-0.5434782608695652,loss,0.004004916059784591,0.10722245799843222,"{""FIFO"": 1, ""LFU"": 0, ""LRU"": 0, ""MRU"": 59}",2,10966373112097421076,4948905498182040407,13088539422047257325,38bf24b7aba876e5b2ea5cc799290a7660425e26ca57bdacd133e03cdcc42cd2,25,True
sequential,40,8,RL-FixedCommit-20,RL-Adaptive (per-eviction),3000,1160,1840,0.38666666666666666,0.6133333333333333,100.0,1840,0.0,tie,0.004045041976496577,0.13164245802909136,"{""FIFO"": 0, ""LFU"": 0, ""LRU"": 0, ""MRU"": 1800}",1,10966373112097421076,4948905498182040407,13088539422047257325,38bf24b7aba876e5b2ea5cc799290a7660425e26ca57bdacd133e03cdcc42cd2,25,True
sequential,40,9,FIFO,FIFO,3000,0,3000,0.0,1.0,0.0,1840,-63.04347826086956,loss,0.004742167075164616,0.0,,0,2397568904857501707,14643337032763018093,5254420609676600275,38bf24b7aba876e5b2ea5cc799290a7660425e26ca57bdacd133e03cdcc42cd2,25,True
sequential,40,9,LRU,LRU,3000,0,3000,0.0,1.0,0.0,1840,-63.04347826086956,loss,0.004736791946925223,0.0,,0,2397568904857501707,14643337032763018093,5254420609676600275,38bf24b7aba876e5b2ea5cc799290a7660425e26ca57bdacd133e03cdcc42cd2,25,True
sequential,40,9,LFU,LFU,3000,0,3000,0.0,1.0,0.0,1840,-63.04347826086956,loss,0.007121082977391779,0.0,,0,2397568904857501707,14643337032763018093,5254420609676600275,38bf24b7aba876e5b2ea5cc799290a7660425e26ca57bdacd133e03cdcc42cd2,25,True
sequential,40,9,MRU,MRU,3000,1160,1840,0.38666666666666666,0.6133333333333333,100.0,1840,0.0,tie,0.0030883330618962646,0.0,,0,2397568904857501707,14643337032763018093,5254420609676600275,38bf24b7aba876e5b2ea5cc799290a7660425e26ca57bdacd133e03cdcc42cd2,25,True
sequential,40,9,OPT,OPT,3000,1160,1840,0.38666666666666666,0.6133333333333333,100.0,1840,0.0,tie,0.008464541984722018,0.0,,0,2397568904857501707,14643337032763018093,5254420609676600275,38bf24b7aba876e5b2ea5cc799290a7660425e26ca57bdacd133e03cdcc42cd2,25,True
sequential,40,9,LeCaR-inspired,LeCaR,3000,0,3000,0.0,1.0,0.0,1840,-63.04347826086956,loss,0.008264999953098595,0.0,,0,2397568904857501707,14643337032763018093,5254420609676600275,38bf24b7aba876e5b2ea5cc799290a7660425e26ca57bdacd133e03cdcc42cd2,25,True
sequential,40,9,RL-Windowed,RL-Adaptive (windowed),3000,0,3000,0.0,1.0,0.0,1840,-63.04347826086956,loss,0.00564350001513958,0.1250167500693351,"{""FIFO"": 59, ""LFU"": 0, ""LRU"": 1, ""MRU"": 0}",2,2397568904857501707,14643337032763018093,5254420609676600275,38bf24b7aba876e5b2ea5cc799290a7660425e26ca57bdacd133e03cdcc42cd2,25,True
sequential,40,9,RL-FixedCommit-20,RL-Adaptive (per-eviction),3000,1160,1840,0.38666666666666666,0.6133333333333333,100.0,1840,0.0,tie,0.004045374924317002,0.1199027500115335,"{""FIFO"": 0, ""LFU"": 0, ""LRU"": 0, ""MRU"": 1800}",1,2397568904857501707,14643337032763018093,5254420609676600275,38bf24b7aba876e5b2ea5cc799290a7660425e26ca57bdacd133e03cdcc42cd2,25,True
random,10,0,FIFO,FIFO,3000,297,2703,0.099,0.901,0.39215686274509837,2669,-1.2738853503184713,loss,0.00240116601344198,0.0,,0,999999,42,0,b335eb4c6fee4102381182c0a71088bd7baed361ecb35f64cf733ee22d14e897,0,False
random,10,0,LRU,LRU,3000,294,2706,0.098,0.902,0.0,2669,-1.3862869988759836,loss,0.002421375014819205,0.0,,0,999999,42,0,b335eb4c6fee4102381182c0a71088bd7baed361ecb35f64cf733ee22d14e897,0,False
random,10,0,LFU,LFU,3000,285,2715,0.095,0.905,-1.176470588235295,2669,-1.72349194454852,loss,0.0029750000685453415,0.0,,0,999999,42,0,b335eb4c6fee4102381182c0a71088bd7baed361ecb35f64cf733ee22d14e897,0,False
random,10,0,MRU,MRU,3000,331,2669,0.11033333333333334,0.8896666666666667,4.836601307189532,2669,0.0,tie,0.0024239589693024755,0.0,,0,999999,42,0,b335eb4c6fee4102381182c0a71088bd7baed361ecb35f64cf733ee22d14e897,0,False
random,10,0,OPT,OPT,3000,1059,1941,0.353,0.647,100.0,2669,27.276133383289622,win,0.002817917033098638,0.0,,0,999999,42,0,b335eb4c6fee4102381182c0a71088bd7baed361ecb35f64cf733ee22d14e897,0,False
random,10,0,LeCaR-inspired,LeCaR,3000,290,2710,0.09666666666666666,0.9033333333333333,-0.52287581699345,2669,-1.536155863619333,loss,0.004094333038665354,0.0,,0,999999,42,0,b335eb4c6fee4102381182c0a71088bd7baed361ecb35f64cf733ee22d14e897,0,False
random,10,0,RL-Windowed,RL-Adaptive (windowed),3000,300,2700,0.1,0.9,0.7843137254901967,2669,-1.1614837017609592,loss,0.003407666110433638,0.08545354194939137,"{""FIFO"": 1, ""LFU"": 0, ""LRU"": 20, ""MRU"": 39}",4,999999,42,0,b335eb4c6fee4102381182c0a71088bd7baed361ecb35f64cf733ee22d14e897,0,False
random,10,0,RL-FixedCommit-20,RL-Adaptive (per-eviction),3000,297,2703,0.099,0.901,0.39215686274509837,2669,-1.2738853503184713,loss,0.0039012079359963536,0.12641141598578542,"{""FIFO"": 40, ""LFU"": 200, ""LRU"": 2453, ""MRU"": 0}",4,999999,42,0,b335eb4c6fee4102381182c0a71088bd7baed361ecb35f64cf733ee22d14e897,0,False
random,10,1,FIFO,FIFO,3000,291,2709,0.097,0.903,1.3210039630118757,2703,-0.22197558268590456,loss,0.002449291991069913,0.0,,0,17095485856909076931,380161687476797235,536858141142340480,8fd1fd9c81ae4eaeef240df1e946ed9972d52db7c649e6c47e68c51930a3e92e,0,False
random,10,1,LRU,LRU,3000,281,2719,0.09366666666666666,0.9063333333333333,0.0,2703,-0.5919348871624122,loss,0.002474792068824172,0.0,,0,17095485856909076931,380161687476797235,536858141142340480,8fd1fd9c81ae4eaeef240df1e946ed9972d52db7c649e6c47e68c51930a3e92e,0,False
random,10,1,LFU,LFU,3000,297,2703,0.099,0.901,2.1136063408190098,2703,0.0,tie,0.002991375047713518,0.0,,0,17095485856909076931,380161687476797235,536858141142340480,8fd1fd9c81ae4eaeef240df1e946ed9972d52db7c649e6c47e68c51930a3e92e,0,False
random,10,1,MRU,MRU,3000,294,2706,0.098,0.902,1.717305151915443,2703,-0.11098779134295228,loss,0.002493040985427797,0.0,,0,17095485856909076931,380161687476797235,536858141142340480,8fd1fd9c81ae4eaeef240df1e946ed9972d52db7c649e6c47e68c51930a3e92e,0,False
random,10,1,OPT,OPT,3000,1038,1962,0.346,0.654,100.0,2703,27.413984461709212,win,0.002876416896469891,0.0,,0,17095485856909076931,380161687476797235,536858141142340480,8fd1fd9c81ae4eaeef240df1e946ed9972d52db7c649e6c47e68c51930a3e92e,0,False
random,10,1,LeCaR-inspired,LeCaR,3000,281,2719,0.09366666666666666,0.9063333333333333,0.0,2703,-0.5919348871624122,loss,0.004194958019070327,0.0,,0,17095485856909076931,380161687476797235,536858141142340480,8fd1fd9c81ae4eaeef240df1e946ed9972d52db7c649e6c47e68c51930a3e92e,0,False
random,10,1,RL-Windowed,RL-Adaptive (windowed),3000,281,2719,0.09366666666666666,0.9063333333333333,0.0,2703,-0.5919348871624122,loss,0.003652291023172438,0.08536962501239032,"{""FIFO"": 0, ""LFU"": 35, ""LRU"": 24, ""MRU"": 1}",4,17095485856909076931,380161687476797235,536858141142340480,8fd1fd9c81ae4eaeef240df1e946ed9972d52db7c649e6c47e68c51930a3e92e,0,False
random,10,1,RL-FixedCommit-20,RL-Adaptive (per-eviction),3000,309,2691,0.103,0.897,3.6988110964332783,2703,0.4439511653718091,win,0.0037776250392198563,0.12084116705227643,"{""FIFO"": 180, ""LFU"": 40, ""LRU"": 0, ""MRU"": 2461}",5,17095485856909076931,380161687476797235,536858141142340480,8fd1fd9c81ae4eaeef240df1e946ed9972d52db7c649e6c47e68c51930a3e92e,0,False
random,10,2,FIFO,FIFO,3000,355,2645,0.11833333333333333,0.8816666666666667,0.1351351351351202,2645,0.0,tie,0.002370250062085688,0.0,,0,17276347449250502957,6705285473295334159,9666295739926934942,e8ebd639b3fcd9b2e98fdab07fb7684c1387a3e9df1188956f34c9eb272c83b9,0,False
random,10,2,LRU,LRU,3000,354,2646,0.118,0.882,0.0,2645,-0.03780718336483932,loss,0.00238175003323704,0.0,,0,17276347449250502957,6705285473295334159,9666295739926934942,e8ebd639b3fcd9b2e98fdab07fb7684c1387a3e9df1188956f34c9eb272c83b9,0,False
random,10,2,LFU,LFU,3000,305,2695,0.10166666666666667,0.8983333333333333,-6.621621621621612,2645,-1.890359168241966,loss,0.0029444589745253325,0.0,,0,17276347449250502957,6705285473295334159,9666295739926934942,e8ebd639b3fcd9b2e98fdab07fb7684c1387a3e9df1188956f34c9eb272c83b9,0,False
random,10,2,MRU,MRU,3000,304,2696,0.10133333333333333,0.8986666666666666,-6.756756756756732,2645,-1.9281663516068053,loss,0.002436041017062962,0.0,,0,17276347449250502957,6705285473295334159,9666295739926934942,e8ebd639b3fcd9b2e98fdab07fb7684c1387a3e9df1188956f34c9eb272c83b9,0,False
random,10,2,OPT,OPT,3000,1094,1906,0.36466666666666664,0.6353333333333333,100.0,2645,27.939508506616257,win,0.0027507500490173697,0.0,,0,17276347449250502957,6705285473295334159,9666295739926934942,e8ebd639b3fcd9b2e98fdab07fb7684c1387a3e9df1188956f34c9eb272c83b9,0,False
random,10,2,LeCaR-inspired,LeCaR,3000,352,2648,0.11733333333333333,0.8826666666666667,-0.27027027027028544,2645,-0.11342155009451796,loss,0.004055041936226189,0.0,,0,17276347449250502957,6705285473295334159,9666295739926934942,e8ebd639b3fcd9b2e98fdab07fb7684c1387a3e9df1188956f34c9eb272c83b9,0,False
random,10,2,RL-Windowed,RL-Adaptive (windowed),3000,369,2631,0.123,0.877,2.0270270270270285,2645,0.5293005671077504,win,0.0032512920442968607,0.08746100007556379,"{""FIFO"": 45, ""LFU"": 1, ""LRU"": 1, ""MRU"": 13}",5,17276347449250502957,6705285473295334159,9666295739926934942,e8ebd639b3fcd9b2e98fdab07fb7684c1387a3e9df1188956f34c9eb272c83b9,0,False
random,10,2,RL-FixedCommit-20,RL-Adaptive (per-eviction),3000,356,2644,0.11866666666666667,0.8813333333333333,0.27027027027028544,2645,0.03780718336483932,win,0.003641666960902512,0.12331545795314014,"{""FIFO"": 2594, ""LFU"": 0, ""LRU"": 0, ""MRU"": 40}",4,17276347449250502957,6705285473295334159,9666295739926934942,e8ebd639b3fcd9b2e98fdab07fb7684c1387a3e9df1188956f34c9eb272c83b9,0,False
random,10,3,FIFO,FIFO,3000,296,2704,0.09866666666666667,0.9013333333333333,-0.8196721311475417,2698,-0.2223869532987398,loss,0.0024232499999925494,0.0,,0,11135197561411485317,2895896041510568057,13907250221823512245,655085c55a69b3c2447cf6f7ded4a2d8a1c8cb22ecab6e89238bc551cdf131c3,0,False
random,10,3,LRU,LRU,3000,302,2698,0.10066666666666667,0.8993333333333333,0.0,2698,0.0,tie,0.0024332499597221613,0.0,,0,11135197561411485317,2895896041510568057,13907250221823512245,655085c55a69b3c2447cf6f7ded4a2d8a1c8cb22ecab6e89238bc551cdf131c3,0,False
random,10,3,LFU,LFU,3000,272,2728,0.09066666666666667,0.9093333333333333,-4.098360655737709,2698,-1.111934766493699,loss,0.002997291972860694,0.0,,0,11135197561411485317,2895896041510568057,13907250221823512245,655085c55a69b3c2447cf6f7ded4a2d8a1c8cb22ecab6e89238bc551cdf131c3,0,False
random,10,3,MRU,MRU,3000,289,2711,0.09633333333333334,0.9036666666666666,-1.775956284152992,2698,-0.48183839881393625,loss,0.0024611250264570117,0.0,,0,11135197561411485317,2895896041510568057,13907250221823512245,655085c55a69b3c2447cf6f7ded4a2d8a1c8cb22ecab6e89238bc551cdf131c3,0,False
random,10,3,OPT,OPT,3000,1034,1966,0.3446666666666667,0.6553333333333333,100.0,2698,27.131208302446257,win,0.0028018750017508864,0.0,,0,11135197561411485317,2895896041510568057,13907250221823512245,655085c55a69b3c2447cf6f7ded4a2d8a1c8cb22ecab6e89238bc551cdf131c3,0,False
random,10,3,LeCaR-inspired,LeCaR,3000,300,2700,0.1,0.9,-0.2732240437158624,2698,-0.07412898443291327,loss,0.004004915943369269,0.0,,0,11135197561411485317,2895896041510568057,13907250221823512245,655085c55a69b3c2447cf6f7ded4a2d8a1c8cb22ecab6e89238bc551cdf131c3,0,False
random,10,3,RL-Windowed,RL-Adaptive (windowed),3000,300,2700,0.1,0.9,-0.2732240437158624,2698,-0.07412898443291327,loss,0.0033515830291435122,0.09034658293239772,"{""FIFO"": 34, ""LFU"": 0, ""LRU"": 26, ""MRU"": 0}",5,11135197561411485317,2895896041510568057,13907250221823512245,655085c55a69b3c2447cf6f7ded4a2d8a1c8cb22ecab6e89238bc551cdf131c3,0,False
random,10,3,RL-FixedCommit-20,RL-Adaptive (per-eviction),3000,301,2699,0.10033333333333333,0.8996666666666666,-0.13661202185790844,2698,-0.037064492216456635,loss,0.0038075409829616547,0.12331604200880975,"{""FIFO"": 49, ""LFU"": 0, ""LRU"": 2640, ""MRU"": 0}",3,11135197561411485317,2895896041510568057,13907250221823512245,655085c55a69b3c2447cf6f7ded4a2d8a1c8cb22ecab6e89238bc551cdf131c3,0,False
random,10,4,FIFO,FIFO,3000,296,2704,0.09866666666666667,0.9013333333333333,-0.4010695187165779,2701,-0.11106997408367271,loss,0.0024500000290572643,0.0,,0,12456491545091027600,5722155710693620527,5593157496631826280,e2043ebaef0082adeb85379641e33c0692efd498fe575e265ee1fb871c65c20c,0,False
random,10,4,LRU,LRU,3000,299,2701,0.09966666666666667,0.9003333333333333,0.0,2701,0.0,tie,0.002469250001013279,0.0,,0,12456491545091027600,5722155710693620527,5593157496631826280,e2043ebaef0082adeb85379641e33c0692efd498fe575e265ee1fb871c65c20c,0,False
random,10,4,LFU,LFU,3000,293,2707,0.09766666666666667,0.9023333333333333,-0.8021390374331558,2701,-0.22213994816734542,loss,0.0030088750645518303,0.0,,0,12456491545091027600,5722155710693620527,5593157496631826280,e2043ebaef0082adeb85379641e33c0692efd498fe575e265ee1fb871c65c20c,0,False
random,10,4,MRU,MRU,3000,291,2709,0.097,0.903,-1.069518716577556,2701,-0.2961865975564606,loss,0.0024940420407801867,0.0,,0,12456491545091027600,5722155710693620527,5593157496631826280,e2043ebaef0082adeb85379641e33c0692efd498fe575e265ee1fb871c65c20c,0,False
random,10,4,OPT,OPT,3000,1047,1953,0.349,0.651,100.0,2701,27.693446871529062,win,0.0028494580183178186,0.0,,0,12456491545091027600,5722155710693620527,5593157496631826280,e2043ebaef0082adeb85379641e33c0692efd498fe575e265ee1fb871c65c20c,0,False
random,10,4,LeCaR-inspired,LeCaR,3000,297,2703,0.099,0.901,-0.26737967914440014,2701,-0.07404664938911515,loss,0.00411612493917346,0.0,,0,12456491545091027600,5722155710693620527,5593157496631826280,e2043ebaef0082adeb85379641e33c0692efd498fe575e265ee1fb871c65c20c,0,False
random,10,4,RL-Windowed,RL-Adaptive (windowed),3000,282,2718,0.094,0.906,-2.27272727272729,2701,-0.6293965198074787,loss,0.003345790901221335,0.08915391704067588,"{""FIFO"": 0, ""LFU"": 1, ""LRU"": 41, ""MRU"": 18}",4,12456491545091027600,5722155710693620527,5593157496631826280,e2043ebaef0082adeb85379641e33c0692efd498fe575e265ee1fb871c65c20c,0,False
random,10,4,RL-FixedCommit-20,RL-Adaptive (per-eviction),3000,298,2702,0.09933333333333333,0.9006666666666666,-0.1336898395721778,2701,-0.037023324694557574,loss,0.004253207938745618,0.11920979199931026,"{""FIFO"": 100, ""LFU"": 2432, ""LRU"": 0, ""MRU"": 160}",5,12456491545091027600,5722155710693620527,5593157496631826280,e2043ebaef0082adeb85379641e33c0692efd498fe575e265ee1fb871c65c20c,0,False
random,10,5,FIFO,FIFO,3000,304,2696,0.10133333333333333,0.8986666666666666,-1.3351134846461816,2686,-0.37230081906180196,loss,0.002419459051452577,0.0,,0,17762136797593927991,13907774163946486002,9269067645424866872,bff541afe2c33d8db1fda6dbf5e5df7138a577d1fc854b620cdd25d6349931b1,0,False
random,10,5,LRU,LRU,3000,314,2686,0.10466666666666667,0.8953333333333333,0.0,2686,0.0,tie,0.0024307500571012497,0.0,,0,17762136797593927991,13907774163946486002,9269067645424866872,bff541afe2c33d8db1fda6dbf5e5df7138a577d1fc854b620cdd25d6349931b1,0,False
random,10,5,LFU,LFU,3000,302,2698,0.10066666666666667,0.8993333333333333,-1.6021361815754358,2686,-0.4467609828741623,loss,0.002951083006337285,0.0,,0,17762136797593927991,13907774163946486002,9269067645424866872,bff541afe2c33d8db1fda6dbf5e5df7138a577d1fc854b620cdd25d6349931b1,0,False
random,10,5,MRU,MRU,3000,283,2717,0.09433333333333334,0.9056666666666666,-4.138851802403194,2686,-1.154132539091586,loss,0.0024659159826114774,0.0,,0,17762136797593927991,13907774163946486002,9269067645424866872,bff541afe2c33d8db1fda6dbf5e5df7138a577d1fc854b620cdd25d6349931b1,0,False
random,10,5,OPT,OPT,3000,1063,1937,0.35433333333333333,0.6456666666666667,100.0,2686,27.885331347728965,win,0.002798000001348555,0.0,,0,17762136797593927991,13907774163946486002,9269067645424866872,bff541afe2c33d8db1fda6dbf5e5df7138a577d1fc854b620cdd25d6349931b1,0,False
random,10,5,LeCaR-inspired,LeCaR,3000,312,2688,0.104,0.896,-0.2670226969292541,2686,-0.07446016381236038,loss,0.004034374956972897,0.0,,0,17762136797593927991,13907774163946486002,9269067645424866872,bff541afe2c33d8db1fda6dbf5e5df7138a577d1fc854b620cdd25d6349931b1,0,False
random,10,5,RL-Windowed,RL-Adaptive (windowed),3000,287,2713,0.09566666666666666,0.9043333333333333,-3.6048064085447304,2686,-1.0052122114668651,loss,0.003727333969436586,0.09296179201919585,"{""FIFO"": 0, ""LFU"": 45, ""LRU"": 15, ""MRU"": 0}",4,17762136797593927991,13907774163946486002,9269067645424866872,bff541afe2c33d8db1fda6dbf5e5df7138a577d1fc854b620cdd25d6349931b1,0,False
random,10,5,RL-FixedCommit-20,RL-Adaptive (per-eviction),3000,296,2704,0.09866666666666667,0.9013333333333333,-2.4032042723631535,2686,-0.6701414743112435,loss,0.003772958996705711,0.12122354202438146,"{""FIFO"": 60, ""LFU"": 0, ""LRU"": 0, ""MRU"": 2634}",4,17762136797593927991,13907774163946486002,9269067645424866872,bff541afe2c33d8db1fda6dbf5e5df7138a577d1fc854b620cdd25d6349931b1,0,False
random,10,6,FIFO,FIFO,3000,295,2705,0.09833333333333333,0.9016666666666666,-0.7968127490039847,2669,-1.348819782690146,loss,0.0024158749729394913,0.0,,0,17497751690583444669,1712061413337076445,12089785830432276782,66d9120424e45861b2a57107efc4920345740944c225a8773420fc0a02dd15cc,0,False
random,10,6,LRU,LRU,3000,301,2699,0.10033333333333333,0.8996666666666666,0.0,2669,-1.1240164855751218,loss,0.0024386669974774122,0.0,,0,17497751690583444669,1712061413337076445,12089785830432276782,66d9120424e45861b2a57107efc4920345740944c225a8773420fc0a02dd15cc,0,False
random,10,6,LFU,LFU,3000,322,2678,0.10733333333333334,0.8926666666666667,2.7888446215139027,2669,-0.3372049456725365,loss,0.0029152079951018095,0.0,,0,17497751690583444669,1712061413337076445,12089785830432276782,66d9120424e45861b2a57107efc4920345740944c225a8773420fc0a02dd15cc,0,False
random,10,6,MRU,MRU,3000,331,2669,0.11033333333333334,0.8896666666666667,3.9840637450198795,2669,0.0,tie,0.00244154199026525,0.0,,0,17497751690583444669,1712061413337076445,12089785830432276782,66d9120424e45861b2a57107efc4920345740944c225a8773420fc0a02dd15cc,0,False
random,10,6,OPT,OPT,3000,1054,1946,0.35133333333333333,0.6486666666666666,100.0,2669,27.088797302360433,win,0.0027894160011783242,0.0,,0,17497751690583444669,1712061413337076445,12089785830432276782,66d9120424e45861b2a57107efc4920345740944c225a8773420fc0a02dd15cc,0,False
random,10,6,LeCaR-inspired,LeCaR,3000,295,2705,0.09833333333333333,0.9016666666666666,-0.7968127490039847,2669,-1.348819782690146,loss,0.004089499940164387,0.0,,0,17497751690583444669,1712061413337076445,12089785830432276782,66d9120424e45861b2a57107efc4920345740944c225a8773420fc0a02dd15cc,0,False
random,10,6,RL-Windowed,RL-Adaptive (windowed),3000,317,2683,0.10566666666666667,0.8943333333333333,2.1248339973439445,2669,-0.5245410266017235,loss,0.0033776250202208757,0.09053558297455311,"{""FIFO"": 18, ""LFU"": 1, ""LRU"": 0, ""MRU"": 41}",4,17497751690583444669,1712061413337076445,12089785830432276782,66d9120424e45861b2a57107efc4920345740944c225a8773420fc0a02dd15cc,0,False
random,10,6,RL-FixedCommit-20,RL-Adaptive (per-eviction),3000,331,2669,0.11033333333333334,0.8896666666666667,3.9840637450198795,2669,0.0,tie,0.004280708963051438,0.12348158296663314,"{""FIFO"": 80, ""LFU"": 2479, ""LRU"": 0, ""MRU"": 100}",4,17497751690583444669,1712061413337076445,12089785830432276782,66d9120424e45861b2a57107efc4920345740944c225a8773420fc0a02dd15cc,0,False
random,10,7,FIFO,FIFO,3000,327,2673,0.109,0.891,-0.6811989100817598,2668,-0.1874062968515742,loss,0.0024442090652883053,0.0,,0,17268333184477102642,7540988029405500152,10575069237749322032,63cb827f332e949537a5ed82317ddfe2c9803751cb4548c4d5548877d9a5b2d3,0,False
random,10,7,LRU,LRU,3000,332,2668,0.11066666666666666,0.8893333333333333,0.0,2668,0.0,tie,0.0024626669473946095,0.0,,0,17268333184477102642,7540988029405500152,10575069237749322032,63cb827f332e949537a5ed82317ddfe2c9803751cb4548c4d5548877d9a5b2d3,0,False
random,10,7,LFU,LFU,3000,288,2712,0.096,0.904,-5.994550408719369,2668,-1.6491754122938531,loss,0.0030259169870987535,0.0,,0,17268333184477102642,7540988029405500152,10575069237749322032,63cb827f332e949537a5ed82317ddfe2c9803751cb4548c4d5548877d9a5b2d3,0,False
random,10,7,MRU,MRU,3000,312,2688,0.104,0.896,-2.724795640326994,2668,-0.7496251874062968,loss,0.002483458025380969,0.0,,0,17268333184477102642,7540988029405500152,10575069237749322032,63cb827f332e949537a5ed82317ddfe2c9803751cb4548c4d5548877d9a5b2d3,0,False
random,10,7,OPT,OPT,3000,1066,1934,0.35533333333333333,0.6446666666666667,100.0,2668,27.511244377811096,win,0.002837750012986362,0.0,,0,17268333184477102642,7540988029405500152,10575069237749322032,63cb827f332e949537a5ed82317ddfe2c9803751cb4548c4d5548877d9a5b2d3,0,False
random,10,7,LeCaR-inspired,LeCaR,3000,331,2669,0.11033333333333334,0.8896666666666667,-0.13623978201637918,2668,-0.037481259370314844,loss,0.004084334010258317,0.0,,0,17268333184477102642,7540988029405500152,10575069237749322032,63cb827f332e949537a5ed82317ddfe2c9803751cb4548c4d5548877d9a5b2d3,0,False
random,10,7,RL-Windowed,RL-Adaptive (windowed),3000,305,2695,0.10166666666666667,0.8983333333333333,-3.6784741144414212,2668,-1.0119940029985008,loss,0.0037195829208940268,0.08700133301317692,"{""FIFO"": 0, ""LFU"": 45, ""LRU"": 0, ""MRU"": 15}",4,17268333184477102642,7540988029405500152,10575069237749322032,63cb827f332e949537a5ed82317ddfe2c9803751cb4548c4d5548877d9a5b2d3,0,False
random,10,7,RL-FixedCommit-20,RL-Adaptive (per-eviction),3000,330,2670,0.11,0.89,-0.272479564032713,2668,-0.07496251874062969,loss,0.0036883329739794135,0.12026487500406802,"{""FIFO"": 2240, ""LFU"": 0, ""LRU"": 0, ""MRU"": 420}",4,17268333184477102642,7540988029405500152,10575069237749322032,63cb827f332e949537a5ed82317ddfe2c9803751cb4548c4d5548877d9a5b2d3,0,False
random,10,8,FIFO,FIFO,3000,284,2716,0.09466666666666666,0.9053333333333333,-0.6675567423231131,2693,-0.8540660972892685,loss,0.0024216249585151672,0.0,,0,14509467739425123465,5713185295374171254,7845611142894280835,d6390f6afa9e325363995f38a5b8e961fe47abed81bd80197f5f6938e3501a83,0,False
random,10,8,LRU,LRU,3000,289,2711,0.09633333333333334,0.9036666666666666,0.0,2693,-0.6683995544002971,loss,0.0024638340109959245,0.0,,0,14509467739425123465,5713185295374171254,7845611142894280835,d6390f6afa9e325363995f38a5b8e961fe47abed81bd80197f5f6938e3501a83,0,False
random,10,8,LFU,LFU,3000,307,2693,0.10233333333333333,0.8976666666666666,2.4032042723631535,2693,0.0,tie,0.002977500087581575,0.0,,0,14509467739425123465,5713185295374171254,7845611142894280835,d6390f6afa9e325363995f38a5b8e961fe47abed81bd80197f5f6938e3501a83,0,False
random,10,8,MRU,MRU,3000,288,2712,0.096,0.904,-0.1335113484646493,2693,-0.7055328629780914,loss,0.002453500055707991,0.0,,0,14509467739425123465,5713185295374171254,7845611142894280835,d6390f6afa9e325363995f38a5b8e961fe47abed81bd80197f5f6938e3501a83,0,False
random,10,8,OPT,OPT,3000,1038,1962,0.346,0.654,100.0,2693,27.14444857036762,win,0.0028423339826986194,0.0,,0,14509467739425123465,5713185295374171254,7845611142894280835,d6390f6afa9e325363995f38a5b8e961fe47abed81bd80197f5f6938e3501a83,0,False
random,10,8,LeCaR-inspired,LeCaR,3000,287,2713,0.09566666666666666,0.9043333333333333,-0.2670226969292541,2693,-0.7426661715558857,loss,0.0041157499654218554,0.0,,0,14509467739425123465,5713185295374171254,7845611142894280835,d6390f6afa9e325363995f38a5b8e961fe47abed81bd80197f5f6938e3501a83,0,False
random,10,8,RL-Windowed,RL-Adaptive (windowed),3000,279,2721,0.093,0.907,-1.3351134846462263,2693,-1.0397326401782399,loss,0.0033751659793779254,0.0853610000340268,"{""FIFO"": 36, ""LFU"": 0, ""LRU"": 23, ""MRU"": 1}",4,14509467739425123465,5713185295374171254,7845611142894280835,d6390f6afa9e325363995f38a5b8e961fe47abed81bd80197f5f6938e3501a83,0,False
random,10,8,RL-FixedCommit-20,RL-Adaptive (per-eviction),3000,291,2709,0.097,0.903,0.26702269692920966,2693,-0.5941329372447085,loss,0.003793791984207928,0.12371775007341057,"{""FIFO"": 2479, ""LFU"": 0, ""LRU"": 0, ""MRU"": 220}",3,14509467739425123465,5713185295374171254,7845611142894280835,d6390f6afa9e325363995f38a5b8e961fe47abed81bd80197f5f6938e3501a83,0,False
random,10,9,FIFO,FIFO,3000,275,2725,0.09166666666666666,0.9083333333333333,0.26281208935612516,2705,-0.7393715341959335,loss,0.0025071250274777412,0.0,,0,17130787463716766900,7625077886221154819,12275859685010431029,c68ab486a640a54c888da089b2e281089fd24250d6687b89e48a31a47af23cda,0,False
random,10,9,LRU,LRU,3000,273,2727,0.091,0.909,0.0,2705,-0.8133086876155268,loss,0.0025019999593496323,0.0,,0,17130787463716766900,7625077886221154819,12275859685010431029,c68ab486a640a54c888da089b2e281089fd24250d6687b89e48a31a47af23cda,0,False
random,10,9,LFU,LFU,3000,295,2705,0.09833333333333333,0.9016666666666666,2.890932982917245,2705,0.0,tie,0.003014999907463789,0.0,,0,17130787463716766900,7625077886221154819,12275859685010431029,c68ab486a640a54c888da089b2e281089fd24250d6687b89e48a31a47af23cda,0,False
random,10,9,MRU,MRU,3000,288,2712,0.096,0.904,1.9710906701708293,2705,-0.2587800369685767,loss,0.0025047080125659704,0.0,,0,17130787463716766900,7625077886221154819,12275859685010431029,c68ab486a640a54c888da089b2e281089fd24250d6687b89e48a31a47af23cda,0,False
random,10,9,OPT,OPT,3000,1034,1966,0.3446666666666667,0.6553333333333333,100.0,2705,27.31977818853974,win,0.002876541926525533,0.0,,0,17130787463716766900,7625077886221154819,12275859685010431029,c68ab486a640a54c888da089b2e281089fd24250d6687b89e48a31a47af23cda,0,False
random,10,9,LeCaR-inspired,LeCaR,3000,278,2722,0.09266666666666666,0.9073333333333333,0.657030223390291,2705,-0.6284658040665434,loss,0.004241250106133521,0.0,,0,17130787463716766900,7625077886221154819,12275859685010431029,c68ab486a640a54c888da089b2e281089fd24250d6687b89e48a31a47af23cda,0,False
random,10,9,RL-Windowed,RL-Adaptive (windowed),3000,302,2698,0.10066666666666667,0.8993333333333333,3.810775295663618,2705,0.2587800369685767,win,0.003609167062677443,0.0860715409507975,"{""FIFO"": 25, ""LFU"": 34, ""LRU"": 0, ""MRU"": 1}",4,17130787463716766900,7625077886221154819,12275859685010431029,c68ab486a640a54c888da089b2e281089fd24250d6687b89e48a31a47af23cda,0,False
random,10,9,RL-FixedCommit-20,RL-Adaptive (per-eviction),3000,273,2727,0.091,0.909,0.0,2705,-0.8133086876155268,loss,0.003752749995328486,0.12193254206795245,"{""FIFO"": 60, ""LFU"": 0, ""LRU"": 2657, ""MRU"": 0}",4,17130787463716766900,7625077886221154819,12275859685010431029,c68ab486a640a54c888da089b2e281089fd24250d6687b89e48a31a47af23cda,0,False
random,20,0,FIFO,FIFO,3000,584,2416,0.19466666666666665,0.8053333333333333,0.10330578512395557,2352,-2.7210884353741496,loss,0.0028000830207020044,0.0,,0,999999,42,0,b335eb4c6fee4102381182c0a71088bd7baed361ecb35f64cf733ee22d14e897,0,False
random,20,0,LRU,LRU,3000,583,2417,0.19433333333333333,0.8056666666666666,0.0,2352,-2.7636054421768708,loss,0.0028553749434649944,0.0,,0,999999,42,0,b335eb4c6fee4102381182c0a71088bd7baed361ecb35f64cf733ee22d14e897,0,False
random,20,0,LFU,LFU,3000,607,2393,0.20233333333333334,0.7976666666666666,2.4793388429752086,2352,-1.7431972789115646,loss,0.0037743329303339124,0.0,,0,999999,42,0,b335eb4c6fee4102381182c0a71088bd7baed361ecb35f64cf733ee22d14e897,0,False
random,20,0,MRU,MRU,3000,648,2352,0.216,0.784,6.714876033057834,2352,0.0,tie,0.0028743749717250466,0.0,,0,999999,42,0,b335eb4c6fee4102381182c0a71088bd7baed361ecb35f64cf733ee22d14e897,0,False
random,20,0,OPT,OPT,3000,1551,1449,0.517,0.483,100.0,2352,38.392857142857146,win,0.003849834087304771,0.0,,0,999999,42,0,b335eb4c6fee4102381182c0a71088bd7baed361ecb35f64cf733ee22d14e897,0,False
random,20,0,LeCaR-inspired,LeCaR,3000,581,2419,0.19366666666666665,0.8063333333333333,-0.20661157024794555,2352,-2.848639455782313,loss,0.005044332938268781,0.0,,0,999999,42,0,b335eb4c6fee4102381182c0a71088bd7baed361ecb35f64cf733ee22d14e897,0,False
random,20,0,RL-Windowed,RL-Adaptive (windowed),3000,604,2396,0.20133333333333334,0.7986666666666666,2.1694214876033078,2352,-1.870748299319728,loss,0.0038703749887645245,0.09554441703949124,"{""FIFO"": 1, ""LFU"": 0, ""LRU"": 20, ""MRU"": 39}",4,999999,42,0,b335eb4c6fee4102381182c0a71088bd7baed361ecb35f64cf733ee22d14e897,0,False
random,20,0,RL-FixedCommit-20,RL-Adaptive (per-eviction),3000,573,2427,0.191,0.809,-1.0330578512396933,2352,-3.188775510204082,loss,0.004076290992088616,0.12966554204467684,"{""FIFO"": 2187, ""LFU"": 0, ""LRU"": 100, ""MRU"": 120}",3,999999,42,0,b335eb4c6fee4102381182c0a71088bd7baed361ecb35f64cf733ee22d14e897,0,False
random,20,1,FIFO,FIFO,3000,586,2414,0.19533333333333333,0.8046666666666666,-0.8537886872998701,2406,-0.3325020781379884,loss,0.002865375019609928,0.0,,0,17095485856909076931,380161687476797235,536858141142340480,8fd1fd9c81ae4eaeef240df1e946ed9972d52db7c649e6c47e68c51930a3e92e,0,False
random,20,1,LRU,LRU,3000,594,2406,0.198,0.802,0.0,2406,0.0,tie,0.0029067499563097954,0.0,,0,17095485856909076931,380161687476797235,536858141142340480,8fd1fd9c81ae4eaeef240df1e946ed9972d52db7c649e6c47e68c51930a3e92e,0,False
random,20,1,LFU,LFU,3000,565,2435,0.18833333333333332,0.8116666666666666,-3.094983991462091,2406,-1.2053200332502079,loss,0.0038929159054532647,0.0,,0,17095485856909076931,380161687476797235,536858141142340480,8fd1fd9c81ae4eaeef240df1e946ed9972d52db7c649e6c47e68c51930a3e92e,0,False
random,20,1,MRU,MRU,3000,585,2415,0.195,0.805,-0.9605122732123805,2406,-0.3740648379052369,loss,0.00297645793762058,0.0,,0,17095485856909076931,380161687476797235,536858141142340480,8fd1fd9c81ae4eaeef240df1e946ed9972d52db7c649e6c47e68c51930a3e92e,0,False
random,20,1,OPT,OPT,3000,1531,1469,0.5103333333333333,0.48966666666666664,100.0,2406,38.94430590191189,win,0.003938916954211891,0.0,,0,17095485856909076931,380161687476797235,536858141142340480,8fd1fd9c81ae4eaeef240df1e946ed9972d52db7c649e6c47e68c51930a3e92e,0,False
random,20,1,LeCaR-inspired,LeCaR,3000,599,2401,0.19966666666666666,0.8003333333333333,0.5336179295624455,2406,0.20781379883624274,win,0.005035832989960909,0.0,,0,17095485856909076931,380161687476797235,536858141142340480,8fd1fd9c81ae4eaeef240df1e946ed9972d52db7c649e6c47e68c51930a3e92e,0,False
random,20,1,RL-Windowed,RL-Adaptive (windowed),3000,598,2402,0.19933333333333333,0.8006666666666666,0.4268943436499706,2406,0.1662510390689942,win,0.003715959028340876,0.09634400007780641,"{""FIFO"": 0, ""LFU"": 0, ""LRU"": 59, ""MRU"": 1}",4,17095485856909076931,380161687476797235,536858141142340480,8fd1fd9c81ae4eaeef240df1e946ed9972d52db7c649e6c47e68c51930a3e92e,0,False
random,20,1,RL-FixedCommit-20,RL-Adaptive (per-eviction),3000,587,2413,0.19566666666666666,0.8043333333333333,-0.7470651013873952,2406,-0.29093931837073983,loss,0.004072790965437889,0.1255997499683872,"{""FIFO"": 2193, ""LFU"": 0, ""LRU"": 200, ""MRU"": 0}",3,17095485856909076931,380161687476797235,536858141142340480,8fd1fd9c81ae4eaeef240df1e946ed9972d52db7c649e6c47e68c51930a3e92e,0,False
random,20,2,FIFO,FIFO,3000,647,2353,0.21566666666666667,0.7843333333333333,1.7763845350052376,2353,0.0,tie,0.0027596669970080256,0.0,,0,17276347449250502957,6705285473295334159,9666295739926934942,e8ebd639b3fcd9b2e98fdab07fb7684c1387a3e9df1188956f34c9eb272c83b9,0,False
random,20,2,LRU,LRU,3000,630,2370,0.21,0.79,0.0,2353,-0.7224819379515512,loss,0.00282325001899153,0.0,,0,17276347449250502957,6705285473295334159,9666295739926934942,e8ebd639b3fcd9b2e98fdab07fb7684c1387a3e9df1188956f34c9eb272c83b9,0,False
random,20,2,LFU,LFU,3000,587,2413,0.19566666666666666,0.8043333333333333,-4.493207941483795,2353,-2.54993625159371,loss,0.003836125019006431,0.0,,0,17276347449250502957,6705285473295334159,9666295739926934942,e8ebd639b3fcd9b2e98fdab07fb7684c1387a3e9df1188956f34c9eb272c83b9,0,False
random,20,2,MRU,MRU,3000,612,2388,0.204,0.796,-1.8808777429467096,2353,-1.4874628134296644,loss,0.0029142090352252126,0.0,,0,17276347449250502957,6705285473295334159,9666295739926934942,e8ebd639b3fcd9b2e98fdab07fb7684c1387a3e9df1188956f34c9eb272c83b9,0,False
random,20,2,OPT,OPT,3000,1587,1413,0.529,0.471,100.0,2353,39.949001274968126,win,0.0036998329451307654,0.0,,0,17276347449250502957,6705285473295334159,9666295739926934942,e8ebd639b3fcd9b2e98fdab07fb7684c1387a3e9df1188956f34c9eb272c83b9,0,False
random,20,2,LeCaR-inspired,LeCaR,3000,628,2372,0.20933333333333334,0.7906666666666666,-0.20898641588294456,2353,-0.8074798130046749,loss,0.004965250031091273,0.0,,0,17276347449250502957,6705285473295334159,9666295739926934942,e8ebd639b3fcd9b2e98fdab07fb7684c1387a3e9df1188956f34c9eb272c83b9,0,False
random,20,2,RL-Windowed,RL-Adaptive (windowed),3000,660,2340,0.22,0.78,3.1347962382445167,2353,0.5524861878453039,win,0.003724333946593106,0.09614229097496718,"{""FIFO"": 45, ""LFU"": 1, ""LRU"": 1, ""MRU"": 13}",5,17276347449250502957,6705285473295334159,9666295739926934942,e8ebd639b3fcd9b2e98fdab07fb7684c1387a3e9df1188956f34c9eb272c83b9,0,False
random,20,2,RL-FixedCommit-20,RL-Adaptive (per-eviction),3000,584,2416,0.19466666666666665,0.8053333333333333,-4.806687565308247,2353,-2.6774330641733957,loss,0.004181416938081384,0.1341848330339417,"{""FIFO"": 0, ""LFU"": 0, ""LRU"": 340, ""MRU"": 2056}",3,17276347449250502957,6705285473295334159,9666295739926934942,e8ebd639b3fcd9b2e98fdab07fb7684c1387a3e9df1188956f34c9eb272c83b9,0,False
random,20,3,FIFO,FIFO,3000,587,2413,0.19566666666666666,0.8043333333333333,-0.6458557588805172,2405,-0.33264033264033266,loss,0.0028564580716192722,0.0,,0,11135197561411485317,2895896041510568057,13907250221823512245,655085c55a69b3c2447cf6f7ded4a2d8a1c8cb22ecab6e89238bc551cdf131c3,0,False
random,20,3,LRU,LRU,3000,593,2407,0.19766666666666666,0.8023333333333333,0.0,2405,-0.08316008316008316,loss,0.0029212910449132323,0.0,,0,11135197561411485317,2895896041510568057,13907250221823512245,655085c55a69b3c2447cf6f7ded4a2d8a1c8cb22ecab6e89238bc551cdf131c3,0,False
random,20,3,LFU,LFU,3000,595,2405,0.19833333333333333,0.8016666666666666,0.21528525296018436,2405,0.0,tie,0.003906499943695962,0.0,,0,11135197561411485317,2895896041510568057,13907250221823512245,655085c55a69b3c2447cf6f7ded4a2d8a1c8cb22ecab6e89238bc551cdf131c3,0,False
random,20,3,MRU,MRU,3000,588,2412,0.196,0.804,-0.5382131324004429,2405,-0.2910602910602911,loss,0.003005958045832813,0.0,,0,11135197561411485317,2895896041510568057,13907250221823512245,655085c55a69b3c2447cf6f7ded4a2d8a1c8cb22ecab6e89238bc551cdf131c3,0,False
random,20,3,OPT,OPT,3000,1522,1478,0.5073333333333333,0.49266666666666664,100.0,2405,38.54469854469855,win,0.004200334078632295,0.0,,0,11135197561411485317,2895896041510568057,13907250221823512245,655085c55a69b3c2447cf6f7ded4a2d8a1c8cb22ecab6e89238bc551cdf131c3,0,False
random,20,3,LeCaR-inspired,LeCaR,3000,590,2410,0.19666666666666666,0.8033333333333333,-0.3229278794402586,2405,-0.2079002079002079,loss,0.005110000027343631,0.0,,0,11135197561411485317,2895896041510568057,13907250221823512245,655085c55a69b3c2447cf6f7ded4a2d8a1c8cb22ecab6e89238bc551cdf131c3,0,False
random,20,3,RL-Windowed,RL-Adaptive (windowed),3000,587,2413,0.19566666666666666,0.8043333333333333,-0.6458557588805172,2405,-0.33264033264033266,loss,0.0036639999598264694,0.10686258401256055,"{""FIFO"": 59, ""LFU"": 0, ""LRU"": 1, ""MRU"": 0}",5,11135197561411485317,2895896041510568057,13907250221823512245,655085c55a69b3c2447cf6f7ded4a2d8a1c8cb22ecab6e89238bc551cdf131c3,0,False
random,20,3,RL-FixedCommit-20,RL-Adaptive (per-eviction),3000,594,2406,0.198,0.802,0.10764262648007425,2405,-0.04158004158004158,loss,0.0041195000521838665,0.1276912500616163,"{""FIFO"": 80, ""LFU"": 0, ""LRU"": 100, ""MRU"": 2206}",3,11135197561411485317,2895896041510568057,13907250221823512245,655085c55a69b3c2447cf6f7ded4a2d8a1c8cb22ecab6e89238bc551cdf131c3,0,False
random,20,4,FIFO,FIFO,3000,575,2425,0.19166666666666668,0.8083333333333333,-1.3815090329436663,2380,-1.8907563025210083,loss,0.0028249589959159493,0.0,,0,12456491545091027600,5722155710693620527,5593157496631826280,e2043ebaef0082adeb85379641e33c0692efd498fe575e265ee1fb871c65c20c,0,False
random,20,4,LRU,LRU,3000,588,2412,0.196,0.804,0.0,2380,-1.3445378151260505,loss,0.0028605409897863865,0.0,,0,12456491545091027600,5722155710693620527,5593157496631826280,e2043ebaef0082adeb85379641e33c0692efd498fe575e265ee1fb871c65c20c,0,False
random,20,4,LFU,LFU,3000,604,2396,0.20133333333333334,0.7986666666666666,1.700318809776858,2380,-0.6722689075630253,loss,0.003770915907807648,0.0,,0,12456491545091027600,5722155710693620527,5593157496631826280,e2043ebaef0082adeb85379641e33c0692efd498fe575e265ee1fb871c65c20c,0,False
random,20,4,MRU,MRU,3000,620,2380,0.20666666666666667,0.7933333333333333,3.4006376195536805,2380,0.0,tie,0.002929875045083463,0.0,,0,12456491545091027600,5722155710693620527,5593157496631826280,e2043ebaef0082adeb85379641e33c0692efd498fe575e265ee1fb871c65c20c,0,False
random,20,4,OPT,OPT,3000,1529,1471,0.5096666666666667,0.49033333333333334,100.0,2380,38.19327731092437,win,0.003919041948392987,0.0,,0,12456491545091027600,5722155710693620527,5593157496631826280,e2043ebaef0082adeb85379641e33c0692efd498fe575e265ee1fb871c65c20c,0,False
random,20,4,LeCaR-inspired,LeCaR,3000,591,2409,0.197,0.803,0.3188097768331565,2380,-1.218487394957983,loss,0.00500650005415082,0.0,,0,12456491545091027600,5722155710693620527,5593157496631826280,e2043ebaef0082adeb85379641e33c0692efd498fe575e265ee1fb871c65c20c,0,False
random,20,4,RL-Windowed,RL-Adaptive (windowed),3000,592,2408,0.19733333333333333,0.8026666666666666,0.4250797024442322,2380,-1.1764705882352942,loss,0.0037894999841228127,0.10635825002100319,"{""FIFO"": 0, ""LFU"": 1, ""LRU"": 41, ""MRU"": 18}",4,12456491545091027600,5722155710693620527,5593157496631826280,e2043ebaef0082adeb85379641e33c0692efd498fe575e265ee1fb871c65c20c,0,False
random,20,4,RL-FixedCommit-20,RL-Adaptive (per-eviction),3000,602,2398,0.20066666666666666,0.7993333333333333,1.487778958554742,2380,-0.7563025210084033,loss,0.004112916998565197,0.1269710420165211,"{""FIFO"": 0, ""LFU"": 0, ""LRU"": 140, ""MRU"": 2238}",3,12456491545091027600,5722155710693620527,5593157496631826280,e2043ebaef0082adeb85379641e33c0692efd498fe575e265ee1fb871c65c20c,0,False
random,20,5,FIFO,FIFO,3000,625,2375,0.20833333333333334,0.7916666666666666,0.7423117709438205,2375,0.0,tie,0.002749916980974376,0.0,,0,17762136797593927991,13907774163946486002,9269067645424866872,bff541afe2c33d8db1fda6dbf5e5df7138a577d1fc854b620cdd25d6349931b1,0,False
random,20,5,LRU,LRU,3000,618,2382,0.206,0.794,0.0,2375,-0.29473684210526313,loss,0.00280887505505234,0.0,,0,17762136797593927991,13907774163946486002,9269067645424866872,bff541afe2c33d8db1fda6dbf5e5df7138a577d1fc854b620cdd25d6349931b1,0,False
random,20,5,LFU,LFU,3000,619,2381,0.20633333333333334,0.7936666666666666,0.10604453870628025,2375,-0.25263157894736843,loss,0.0037183749955147505,0.0,,0,17762136797593927991,13907774163946486002,9269067645424866872,bff541afe2c33d8db1fda6dbf5e5df7138a577d1fc854b620cdd25d6349931b1,0,False
random,20,5,MRU,MRU,3000,585,2415,0.195,0.805,-3.4994697773064716,2375,-1.6842105263157894,loss,0.0029067499563097954,0.0,,0,17762136797593927991,13907774163946486002,9269067645424866872,bff541afe2c33d8db1fda6dbf5e5df7138a577d1fc854b620cdd25d6349931b1,0,False
random,20,5,OPT,OPT,3000,1561,1439,0.5203333333333333,0.4796666666666667,100.0,2375,39.410526315789475,win,0.0037620000075548887,0.0,,0,17762136797593927991,13907774163946486002,9269067645424866872,bff541afe2c33d8db1fda6dbf5e5df7138a577d1fc854b620cdd25d6349931b1,0,False
random,20,5,LeCaR-inspired,LeCaR,3000,613,2387,0.20433333333333334,0.7956666666666666,-0.5302226935312601,2375,-0.5052631578947369,loss,0.005082041956484318,0.0,,0,17762136797593927991,13907774163946486002,9269067645424866872,bff541afe2c33d8db1fda6dbf5e5df7138a577d1fc854b620cdd25d6349931b1,0,False
random,20,5,RL-Windowed,RL-Adaptive (windowed),3000,614,2386,0.20466666666666666,0.7953333333333333,-0.4241781548250151,2375,-0.4631578947368421,loss,0.003875582944601774,0.09767124999780208,"{""FIFO"": 0, ""LFU"": 0, ""LRU"": 15, ""MRU"": 45}",4,17762136797593927991,13907774163946486002,9269067645424866872,bff541afe2c33d8db1fda6dbf5e5df7138a577d1fc854b620cdd25d6349931b1,0,False
random,20,5,RL-FixedCommit-20,RL-Adaptive (per-eviction),3000,623,2377,0.20766666666666667,0.7923333333333333,0.5302226935312954,2375,-0.08421052631578947,loss,0.0042048749746754766,0.13234983396250755,"{""FIFO"": 0, ""LFU"": 220, ""LRU"": 2137, ""MRU"": 0}",3,17762136797593927991,13907774163946486002,9269067645424866872,bff541afe2c33d8db1fda6dbf5e5df7138a577d1fc854b620cdd25d6349931b1,0,False
random,20,6,FIFO,FIFO,3000,580,2420,0.19333333333333333,0.8066666666666666,-1.590668080593851,2383,-1.5526647083508183,loss,0.0028792499797418714,0.0,,0,17497751690583444669,1712061413337076445,12089785830432276782,66d9120424e45861b2a57107efc4920345740944c225a8773420fc0a02dd15cc,0,False
random,20,6,LRU,LRU,3000,595,2405,0.19833333333333333,0.8016666666666666,0.0,2383,-0.9232060428031893,loss,0.0029445409309118986,0.0,,0,17497751690583444669,1712061413337076445,12089785830432276782,66d9120424e45861b2a57107efc4920345740944c225a8773420fc0a02dd15cc,0,False
random,20,6,LFU,LFU,3000,615,2385,0.205,0.795,2.1208907741251113,2383,-0.0839278220730172,loss,0.0038528339937329292,0.0,,0,17497751690583444669,1712061413337076445,12089785830432276782,66d9120424e45861b2a57107efc4920345740944c225a8773420fc0a02dd15cc,0,False
random,20,6,MRU,MRU,3000,617,2383,0.20566666666666666,0.7943333333333333,2.3329798515376368,2383,0.0,tie,0.0029705000342801213,0.0,,0,17497751690583444669,1712061413337076445,12089785830432276782,66d9120424e45861b2a57107efc4920345740944c225a8773420fc0a02dd15cc,0,False
random,20,6,OPT,OPT,3000,1538,1462,0.5126666666666667,0.48733333333333334,100.0,2383,38.64876206462442,win,0.003892624983564019,0.0,,0,17497751690583444669,1712061413337076445,12089785830432276782,66d9120424e45861b2a57107efc4920345740944c225a8773420fc0a02dd15cc,0,False
random,20,6,LeCaR-inspired,LeCaR,3000,589,2411,0.19633333333333333,0.8036666666666666,-0.6362672322375404,2383,-1.1749895090222409,loss,0.005133875063620508,0.0,,0,17497751690583444669,1712061413337076445,12089785830432276782,66d9120424e45861b2a57107efc4920345740944c225a8773420fc0a02dd15cc,0,False
random,20,6,RL-Windowed,RL-Adaptive (windowed),3000,613,2387,0.20433333333333334,0.7956666666666666,1.9088016967126211,2383,-0.1678556441460344,loss,0.004411958041600883,0.10249624995049089,"{""FIFO"": 18, ""LFU"": 42, ""LRU"": 0, ""MRU"": 0}",4,17497751690583444669,1712061413337076445,12089785830432276782,66d9120424e45861b2a57107efc4920345740944c225a8773420fc0a02dd15cc,0,False
random,20,6,RL-FixedCommit-20,RL-Adaptive (per-eviction),3000,648,2352,0.216,0.784,5.620360551431584,2383,1.3008812421317666,win,0.004984874976798892,0.13615283300168812,"{""FIFO"": 80, ""LFU"": 2252, ""LRU"": 0, ""MRU"": 0}",5,17497751690583444669,1712061413337076445,12089785830432276782,66d9120424e45861b2a57107efc4920345740944c225a8773420fc0a02dd15cc,0,False
random,20,7,FIFO,FIFO,3000,615,2385,0.205,0.795,-0.2129925452609279,2383,-0.0839278220730172,loss,0.0028172500897198915,0.0,,0,17268333184477102642,7540988029405500152,10575069237749322032,63cb827f332e949537a5ed82317ddfe2c9803751cb4548c4d5548877d9a5b2d3,0,False
random,20,7,LRU,LRU,3000,617,2383,0.20566666666666666,0.7943333333333333,0.0,2383,0.0,tie,0.0028307909378781915,0.0,,0,17268333184477102642,7540988029405500152,10575069237749322032,63cb827f332e949537a5ed82317ddfe2c9803751cb4548c4d5548877d9a5b2d3,0,False
random,20,7,LFU,LFU,3000,593,2407,0.19766666666666666,0.8023333333333333,-2.5559105431309925,2383,-1.0071338648762065,loss,0.0037807500921189785,0.0,,0,17268333184477102642,7540988029405500152,10575069237749322032,63cb827f332e949537a5ed82317ddfe2c9803751cb4548c4d5548877d9a5b2d3,0,False
random,20,7,MRU,MRU,3000,582,2418,0.194,0.806,-3.7273695420660427,2383,-1.4687368862778012,loss,0.002931291004642844,0.0,,0,17268333184477102642,7540988029405500152,10575069237749322032,63cb827f332e949537a5ed82317ddfe2c9803751cb4548c4d5548877d9a5b2d3,0,False
random,20,7,OPT,OPT,3000,1556,1444,0.5186666666666667,0.48133333333333334,100.0,2383,39.40411246328158,win,0.003799333004280925,0.0,,0,17268333184477102642,7540988029405500152,10575069237749322032,63cb827f332e949537a5ed82317ddfe2c9803751cb4548c4d5548877d9a5b2d3,0,False
random,20,7,LeCaR-inspired,LeCaR,3000,623,2377,0.20766666666666667,0.7923333333333333,0.6389776357827481,2383,0.2517834662190516,win,0.005028667044825852,0.0,,0,17268333184477102642,7540988029405500152,10575069237749322032,63cb827f332e949537a5ed82317ddfe2c9803751cb4548c4d5548877d9a5b2d3,0,False
random,20,7,RL-Windowed,RL-Adaptive (windowed),3000,596,2404,0.19866666666666666,0.8013333333333333,-2.2364217252396186,2383,-0.8812421317666806,loss,0.003822790924459696,0.09677549998741597,"{""FIFO"": 0, ""LFU"": 1, ""LRU"": 44, ""MRU"": 15}",4,17268333184477102642,7540988029405500152,10575069237749322032,63cb827f332e949537a5ed82317ddfe2c9803751cb4548c4d5548877d9a5b2d3,0,False
random,20,7,RL-FixedCommit-20,RL-Adaptive (per-eviction),3000,615,2385,0.205,0.795,-0.2129925452609279,2383,-0.0839278220730172,loss,0.004087332985363901,0.13145895896013826,"{""FIFO"": 2125, ""LFU"": 80, ""LRU"": 0, ""MRU"": 160}",4,17268333184477102642,7540988029405500152,10575069237749322032,63cb827f332e949537a5ed82317ddfe2c9803751cb4548c4d5548877d9a5b2d3,0,False
random,20,8,FIFO,FIFO,3000,587,2413,0.19566666666666666,0.8043333333333333,0.5279831045406669,2383,-1.2589173310952582,loss,0.0028357920236885548,0.0,,0,14509467739425123465,5713185295374171254,7845611142894280835,d6390f6afa9e325363995f38a5b8e961fe47abed81bd80197f5f6938e3501a83,0,False
random,20,8,LRU,LRU,3000,582,2418,0.194,0.806,0.0,2383,-1.4687368862778012,loss,0.0028932919958606362,0.0,,0,14509467739425123465,5713185295374171254,7845611142894280835,d6390f6afa9e325363995f38a5b8e961fe47abed81bd80197f5f6938e3501a83,0,False
random,20,8,LFU,LFU,3000,617,2383,0.20566666666666666,0.7943333333333333,3.695881731784598,2383,0.0,tie,0.0038518329383805394,0.0,,0,14509467739425123465,5713185295374171254,7845611142894280835,d6390f6afa9e325363995f38a5b8e961fe47abed81bd80197f5f6938e3501a83,0,False
random,20,8,MRU,MRU,3000,581,2419,0.19366666666666665,0.8063333333333333,-0.10559662090811929,2383,-1.5107007973143096,loss,0.0029710419476032257,0.0,,0,14509467739425123465,5713185295374171254,7845611142894280835,d6390f6afa9e325363995f38a5b8e961fe47abed81bd80197f5f6938e3501a83,0,False
random,20,8,OPT,OPT,3000,1529,1471,0.5096666666666667,0.49033333333333334,100.0,2383,38.27108686529584,win,0.003943833988159895,0.0,,0,14509467739425123465,5713185295374171254,7845611142894280835,d6390f6afa9e325363995f38a5b8e961fe47abed81bd80197f5f6938e3501a83,0,False
random,20,8,LeCaR-inspired,LeCaR,3000,587,2413,0.19566666666666666,0.8043333333333333,0.5279831045406669,2383,-1.2589173310952582,loss,0.005104957963339984,0.0,,0,14509467739425123465,5713185295374171254,7845611142894280835,d6390f6afa9e325363995f38a5b8e961fe47abed81bd80197f5f6938e3501a83,0,False
random,20,8,RL-Windowed,RL-Adaptive (windowed),3000,580,2420,0.19333333333333333,0.8066666666666666,-0.21119324181623858,2383,-1.5526647083508183,loss,0.0037393750390037894,0.09465908305719495,"{""FIFO"": 0, ""LFU"": 0, ""LRU"": 59, ""MRU"": 1}",4,14509467739425123465,5713185295374171254,7845611142894280835,d6390f6afa9e325363995f38a5b8e961fe47abed81bd80197f5f6938e3501a83,0,False
random,20,8,RL-FixedCommit-20,RL-Adaptive (per-eviction),3000,626,2374,0.20866666666666667,0.7913333333333333,4.646251319957777,2383,0.3776751993285774,win,0.004912458010949194,0.132207041955553,"{""FIFO"": 0, ""LFU"": 2174, ""LRU"": 20, ""MRU"": 160}",4,14509467739425123465,5713185295374171254,7845611142894280835,d6390f6afa9e325363995f38a5b8e961fe47abed81bd80197f5f6938e3501a83,0,False
random,20,9,FIFO,FIFO,3000,556,2444,0.18533333333333332,0.8146666666666667,-0.528541226215657,2376,-2.861952861952862,loss,0.0028910839464515448,0.0,,0,17130787463716766900,7625077886221154819,12275859685010431029,c68ab486a640a54c888da089b2e281089fd24250d6687b89e48a31a47af23cda,0,False
random,20,9,LRU,LRU,3000,561,2439,0.187,0.813,0.0,2376,-2.6515151515151514,loss,0.002943999948911369,0.0,,0,17130787463716766900,7625077886221154819,12275859685010431029,c68ab486a640a54c888da089b2e281089fd24250d6687b89e48a31a47af23cda,0,False
random,20,9,LFU,LFU,3000,624,2376,0.208,0.792,6.659619450317096,2376,0.0,tie,0.003792750067077577,0.0,,0,17130787463716766900,7625077886221154819,12275859685010431029,c68ab486a640a54c888da089b2e281089fd24250d6687b89e48a31a47af23cda,0,False
random,20,9,MRU,MRU,3000,591,2409,0.197,0.803,3.171247357293837,2376,-1.3888888888888888,loss,0.0029496250208467245,0.0,,0,17130787463716766900,7625077886221154819,12275859685010431029,c68ab486a640a54c888da089b2e281089fd24250d6687b89e48a31a47af23cda,0,False
random,20,9,OPT,OPT,3000,1507,1493,0.5023333333333333,0.49766666666666665,100.0,2376,37.16329966329966,win,0.003925375058315694,0.0,,0,17130787463716766900,7625077886221154819,12275859685010431029,c68ab486a640a54c888da089b2e281089fd24250d6687b89e48a31a47af23cda,0,False
random,20,9,LeCaR-inspired,LeCaR,3000,563,2437,0.18766666666666668,0.8123333333333334,0.21141649048623465,2376,-2.5673400673400675,loss,0.0050734999822452664,0.0,,0,17130787463716766900,7625077886221154819,12275859685010431029,c68ab486a640a54c888da089b2e281089fd24250d6687b89e48a31a47af23cda,0,False
random,20,9,RL-Windowed,RL-Adaptive (windowed),3000,586,2414,0.19533333333333333,0.8046666666666666,2.6427061310782154,2376,-1.5993265993265993,loss,0.004297792096622288,0.10364895896054804,"{""FIFO"": 25, ""LFU"": 34, ""LRU"": 0, ""MRU"": 1}",4,17130787463716766900,7625077886221154819,12275859685010431029,c68ab486a640a54c888da089b2e281089fd24250d6687b89e48a31a47af23cda,0,False
random,20,9,RL-FixedCommit-20,RL-Adaptive (per-eviction),3000,618,2382,0.206,0.794,6.025369978858322,2376,-0.25252525252525254,loss,0.00417729199398309,0.13277316698804498,"{""FIFO"": 0, ""LFU"": 0, ""LRU"": 220, ""MRU"": 2142}",3,17130787463716766900,7625077886221154819,12275859685010431029,c68ab486a640a54c888da089b2e281089fd24250d6687b89e48a31a47af23cda,0,False
random,40,0,FIFO,FIFO,3000,1216,1784,0.4053333333333333,0.5946666666666667,2.111932418162632,1770,-0.7909604519774012,loss,0.0030676249880343676,0.0,,0,999999,42,0,b335eb4c6fee4102381182c0a71088bd7baed361ecb35f64cf733ee22d14e897,0,False
random,40,0,LRU,LRU,3000,1196,1804,0.39866666666666667,0.6013333333333334,0.0,1770,-1.92090395480226,loss,0.003206667024642229,0.0,,0,999999,42,0,b335eb4c6fee4102381182c0a71088bd7baed361ecb35f64cf733ee22d14e897,0,False
random,40,0,LFU,LFU,3000,1230,1770,0.41,0.59,3.590285110876478,1770,0.0,tie,0.004482625052332878,0.0,,0,999999,42,0,b335eb4c6fee4102381182c0a71088bd7baed361ecb35f64cf733ee22d14e897,0,False
random,40,0,MRU,MRU,3000,1224,1776,0.408,0.592,2.956705385427692,1770,-0.3389830508474576,loss,0.00327841704711318,0.0,,0,999999,42,0,b335eb4c6fee4102381182c0a71088bd7baed361ecb35f64cf733ee22d14e897,0,False
random,40,0,OPT,OPT,3000,2143,857,0.7143333333333334,0.2856666666666667,100.0,1770,51.5819209039548,win,0.004170458065345883,0.0,,0,999999,42,0,b335eb4c6fee4102381182c0a71088bd7baed361ecb35f64cf733ee22d14e897,0,False
random,40,0,LeCaR-inspired,LeCaR,3000,1195,1805,0.3983333333333333,0.6016666666666667,-0.10559662090811929,1770,-1.9774011299435028,loss,0.005657083005644381,0.0,,0,999999,42,0,b335eb4c6fee4102381182c0a71088bd7baed361ecb35f64cf733ee22d14e897,0,False
random,40,0,RL-Windowed,RL-Adaptive (windowed),3000,1199,1801,0.39966666666666667,0.6003333333333334,0.3167898627243931,1770,-1.7514124293785311,loss,0.00411595799960196,0.10254262504167855,"{""FIFO"": 1, ""LFU"": 0, ""LRU"": 59, ""MRU"": 0}",4,999999,42,0,b335eb4c6fee4102381182c0a71088bd7baed361ecb35f64cf733ee22d14e897,0,False
random,40,0,RL-FixedCommit-20,RL-Adaptive (per-eviction),3000,1199,1801,0.39966666666666667,0.6003333333333334,0.3167898627243931,1770,-1.7514124293785311,loss,0.004190500010736287,0.12498591700568795,"{""FIFO"": 180, ""LFU"": 0, ""LRU"": 1581, ""MRU"": 0}",3,999999,42,0,b335eb4c6fee4102381182c0a71088bd7baed361ecb35f64cf733ee22d14e897,0,False
random,40,1,FIFO,FIFO,3000,1163,1837,0.38766666666666666,0.6123333333333333,0.8307372793354225,1833,-0.2182214948172395,loss,0.0031415839912369847,0.0,,0,17095485856909076931,380161687476797235,536858141142340480,8fd1fd9c81ae4eaeef240df1e946ed9972d52db7c649e6c47e68c51930a3e92e,0,False
random,40,1,LRU,LRU,3000,1155,1845,0.385,0.615,0.0,1833,-0.6546644844517185,loss,0.0032636249670758843,0.0,,0,17095485856909076931,380161687476797235,536858141142340480,8fd1fd9c81ae4eaeef240df1e946ed9972d52db7c649e6c47e68c51930a3e92e,0,False
random,40,1,LFU,LFU,3000,1158,1842,0.386,0.614,0.3115264797507791,1833,-0.4909983633387889,loss,0.004690749919973314,0.0,,0,17095485856909076931,380161687476797235,536858141142340480,8fd1fd9c81ae4eaeef240df1e946ed9972d52db7c649e6c47e68c51930a3e92e,0,False
random,40,1,MRU,MRU,3000,1167,1833,0.389,0.611,1.2461059190031163,1833,0.0,tie,0.0034137910697609186,0.0,,0,17095485856909076931,380161687476797235,536858141142340480,8fd1fd9c81ae4eaeef240df1e946ed9972d52db7c649e6c47e68c51930a3e92e,0,False
random,40,1,OPT,OPT,3000,2118,882,0.706,0.294,100.0,1833,51.88216039279869,win,0.00437933299690485,0.0,,0,17095485856909076931,380161687476797235,536858141142340480,8fd1fd9c81ae4eaeef240df1e946ed9972d52db7c649e6c47e68c51930a3e92e,0,False
random,40,1,LeCaR-inspired,LeCaR,3000,1156,1844,0.38533333333333336,0.6146666666666667,0.10384215991691484,1833,-0.6001091107474086,loss,0.005812083021737635,0.0,,0,17095485856909076931,380161687476797235,536858141142340480,8fd1fd9c81ae4eaeef240df1e946ed9972d52db7c649e6c47e68c51930a3e92e,0,False
random,40,1,RL-Windowed,RL-Adaptive (windowed),3000,1182,1818,0.394,0.606,2.803738317757012,1833,0.8183306055646481,win,0.0041371670085936785,0.10471183306071907,"{""FIFO"": 24, ""LFU"": 0, ""LRU"": 35, ""MRU"": 1}",4,17095485856909076931,380161687476797235,536858141142340480,8fd1fd9c81ae4eaeef240df1e946ed9972d52db7c649e6c47e68c51930a3e92e,0,False
random,40,1,RL-FixedCommit-20,RL-Adaptive (per-eviction),3000,1155,1845,0.385,0.615,0.0,1833,-0.6546644844517185,loss,0.004278874956071377,0.13893062493298203,"{""FIFO"": 0, ""LFU"": 0, ""LRU"": 1805, ""MRU"": 0}",3,17095485856909076931,380161687476797235,536858141142340480,8fd1fd9c81ae4eaeef240df1e946ed9972d52db7c649e6c47e68c51930a3e92e,0,False
random,40,2,FIFO,FIFO,3000,1230,1770,0.41,0.59,-3.9955604883462863,1734,-2.0761245674740483,loss,0.0030946250772103667,0.0,,0,17276347449250502957,6705285473295334159,9666295739926934942,e8ebd639b3fcd9b2e98fdab07fb7684c1387a3e9df1188956f34c9eb272c83b9,0,False
random,40,2,LRU,LRU,3000,1266,1734,0.422,0.578,0.0,1734,0.0,tie,0.003157291910611093,0.0,,0,17276347449250502957,6705285473295334159,9666295739926934942,e8ebd639b3fcd9b2e98fdab07fb7684c1387a3e9df1188956f34c9eb272c83b9,0,False
random,40,2,LFU,LFU,3000,1167,1833,0.389,0.611,-10.987791342952287,1734,-5.709342560553633,loss,0.004693957976996899,0.0,,0,17276347449250502957,6705285473295334159,9666295739926934942,e8ebd639b3fcd9b2e98fdab07fb7684c1387a3e9df1188956f34c9eb272c83b9,0,False
random,40,2,MRU,MRU,3000,1176,1824,0.392,0.608,-9.988901220865715,1734,-5.190311418685121,loss,0.0033956669503822923,0.0,,0,17276347449250502957,6705285473295334159,9666295739926934942,e8ebd639b3fcd9b2e98fdab07fb7684c1387a3e9df1188956f34c9eb272c83b9,0,False
random,40,2,OPT,OPT,3000,2167,833,0.7223333333333334,0.2776666666666667,100.0,1734,51.96078431372549,win,0.0041498750215396285,0.0,,0,17276347449250502957,6705285473295334159,9666295739926934942,e8ebd639b3fcd9b2e98fdab07fb7684c1387a3e9df1188956f34c9eb272c83b9,0,False
random,40,2,LeCaR-inspired,LeCaR,3000,1255,1745,0.41833333333333333,0.5816666666666667,-1.2208657047724887,1734,-0.6343713956170703,loss,0.0056624580174684525,0.0,,0,17276347449250502957,6705285473295334159,9666295739926934942,e8ebd639b3fcd9b2e98fdab07fb7684c1387a3e9df1188956f34c9eb272c83b9,0,False
random,40,2,RL-Windowed,RL-Adaptive (windowed),3000,1232,1768,0.4106666666666667,0.5893333333333334,-3.773584905660406,1734,-1.9607843137254901,loss,0.0040293330093845725,0.10342833306640387,"{""FIFO"": 45, ""LFU"": 1, ""LRU"": 1, ""MRU"": 13}",5,17276347449250502957,6705285473295334159,9666295739926934942,e8ebd639b3fcd9b2e98fdab07fb7684c1387a3e9df1188956f34c9eb272c83b9,0,False
random,40,2,RL-FixedCommit-20,RL-Adaptive (per-eviction),3000,1187,1813,0.39566666666666667,0.6043333333333333,-8.768035516093226,1734,-4.555940023068051,loss,0.0055441249860450625,0.14293974998872727,"{""FIFO"": 0, ""LFU"": 1573, ""LRU"": 0, ""MRU"": 200}",4,17276347449250502957,6705285473295334159,9666295739926934942,e8ebd639b3fcd9b2e98fdab07fb7684c1387a3e9df1188956f34c9eb272c83b9,0,False
random,40,3,FIFO,FIFO,3000,1166,1834,0.38866666666666666,0.6113333333333333,2.5906735751295584,1781,-2.9758562605277934,loss,0.003145375056192279,0.0,,0,11135197561411485317,2895896041510568057,13907250221823512245,655085c55a69b3c2447cf6f7ded4a2d8a1c8cb22ecab6e89238bc551cdf131c3,0,False
random,40,3,LRU,LRU,3000,1141,1859,0.38033333333333336,0.6196666666666667,0.0,1781,-4.37956204379562,loss,0.003296292037703097,0.0,,0,11135197561411485317,2895896041510568057,13907250221823512245,655085c55a69b3c2447cf6f7ded4a2d8a1c8cb22ecab6e89238bc551cdf131c3,0,False
random,40,3,LFU,LFU,3000,1171,1829,0.3903333333333333,0.6096666666666667,3.1088082901554426,1781,-2.695115103874228,loss,0.004653792013414204,0.0,,0,11135197561411485317,2895896041510568057,13907250221823512245,655085c55a69b3c2447cf6f7ded4a2d8a1c8cb22ecab6e89238bc551cdf131c3,0,False
random,40,3,MRU,MRU,3000,1219,1781,0.4063333333333333,0.5936666666666667,8.08290155440415,1781,0.0,tie,0.003298040945082903,0.0,,0,11135197561411485317,2895896041510568057,13907250221823512245,655085c55a69b3c2447cf6f7ded4a2d8a1c8cb22ecab6e89238bc551cdf131c3,0,False
random,40,3,OPT,OPT,3000,2106,894,0.702,0.298,100.0,1781,49.8034811903425,win,0.0043232080060988665,0.0,,0,11135197561411485317,2895896041510568057,13907250221823512245,655085c55a69b3c2447cf6f7ded4a2d8a1c8cb22ecab6e89238bc551cdf131c3,0,False
random,40,3,LeCaR-inspired,LeCaR,3000,1141,1859,0.38033333333333336,0.6196666666666667,0.0,1781,-4.37956204379562,loss,0.005880667013116181,0.0,,0,11135197561411485317,2895896041510568057,13907250221823512245,655085c55a69b3c2447cf6f7ded4a2d8a1c8cb22ecab6e89238bc551cdf131c3,0,False
random,40,3,RL-Windowed,RL-Adaptive (windowed),3000,1142,1858,0.38066666666666665,0.6193333333333333,0.10362694300520443,1781,-4.323413812464907,loss,0.00515820796135813,0.12683791609015316,"{""FIFO"": 0, ""LFU"": 34, ""LRU"": 26, ""MRU"": 0}",5,11135197561411485317,2895896041510568057,13907250221823512245,655085c55a69b3c2447cf6f7ded4a2d8a1c8cb22ecab6e89238bc551cdf131c3,0,False
random,40,3,RL-FixedCommit-20,RL-Adaptive (per-eviction),3000,1141,1859,0.38033333333333336,0.6196666666666667,0.0,1781,-4.37956204379562,loss,0.004289707983843982,0.126116625033319,"{""FIFO"": 0, ""LFU"": 0, ""LRU"": 1819, ""MRU"": 0}",3,11135197561411485317,2895896041510568057,13907250221823512245,655085c55a69b3c2447cf6f7ded4a2d8a1c8cb22ecab6e89238bc551cdf131c3,0,False
random,40,4,FIFO,FIFO,3000,1146,1854,0.382,0.618,-5.320304017372414,1772,-4.6275395033860045,loss,0.003229707945138216,0.0,,0,12456491545091027600,5722155710693620527,5593157496631826280,e2043ebaef0082adeb85379641e33c0692efd498fe575e265ee1fb871c65c20c,0,False
random,40,4,LRU,LRU,3000,1195,1805,0.3983333333333333,0.6016666666666667,0.0,1772,-1.8623024830699775,loss,0.0031929999822750688,0.0,,0,12456491545091027600,5722155710693620527,5593157496631826280,e2043ebaef0082adeb85379641e33c0692efd498fe575e265ee1fb871c65c20c,0,False
random,40,4,LFU,LFU,3000,1212,1788,0.404,0.596,1.845819761129221,1772,-0.9029345372460497,loss,0.004567457945086062,0.0,,0,12456491545091027600,5722155710693620527,5593157496631826280,e2043ebaef0082adeb85379641e33c0692efd498fe575e265ee1fb871c65c20c,0,False
random,40,4,MRU,MRU,3000,1228,1772,0.4093333333333333,0.5906666666666667,3.5830618892508173,1772,0.0,tie,0.0033103330060839653,0.0,,0,12456491545091027600,5722155710693620527,5593157496631826280,e2043ebaef0082adeb85379641e33c0692efd498fe575e265ee1fb871c65c20c,0,False
random,40,4,OPT,OPT,3000,2116,884,0.7053333333333334,0.2946666666666667,100.0,1772,50.112866817155755,win,0.004372083931230009,0.0,,0,12456491545091027600,5722155710693620527,5593157496631826280,e2043ebaef0082adeb85379641e33c0692efd498fe575e265ee1fb871c65c20c,0,False
random,40,4,LeCaR-inspired,LeCaR,3000,1186,1814,0.3953333333333333,0.6046666666666667,-0.9771986970684049,1772,-2.37020316027088,loss,0.0056595830246806145,0.0,,0,12456491545091027600,5722155710693620527,5593157496631826280,e2043ebaef0082adeb85379641e33c0692efd498fe575e265ee1fb871c65c20c,0,False
random,40,4,RL-Windowed,RL-Adaptive (windowed),3000,1178,1822,0.39266666666666666,0.6073333333333333,-1.8458197611291849,1772,-2.8216704288939054,loss,0.004211166058667004,0.12703029194381088,"{""FIFO"": 0, ""LFU"": 1, ""LRU"": 41, ""MRU"": 18}",4,12456491545091027600,5722155710693620527,5593157496631826280,e2043ebaef0082adeb85379641e33c0692efd498fe575e265ee1fb871c65c20c,0,False
random,40,4,RL-FixedCommit-20,RL-Adaptive (per-eviction),3000,1202,1798,0.40066666666666667,0.5993333333333334,0.7600434310531917,1772,-1.4672686230248306,loss,0.004350499948486686,0.1269347919151187,"{""FIFO"": 0, ""LFU"": 200, ""LRU"": 1558, ""MRU"": 0}",4,12456491545091027600,5722155710693620527,5593157496631826280,e2043ebaef0082adeb85379641e33c0692efd498fe575e265ee1fb871c65c20c,0,False
random,40,5,FIFO,FIFO,3000,1226,1774,0.4086666666666667,0.5913333333333334,1.0660980810234433,1774,0.0,tie,0.003108958015218377,0.0,,0,17762136797593927991,13907774163946486002,9269067645424866872,bff541afe2c33d8db1fda6dbf5e5df7138a577d1fc854b620cdd25d6349931b1,0,False
random,40,5,LRU,LRU,3000,1216,1784,0.4053333333333333,0.5946666666666667,0.0,1774,-0.5636978579481398,loss,0.003223625011742115,0.0,,0,17762136797593927991,13907774163946486002,9269067645424866872,bff541afe2c33d8db1fda6dbf5e5df7138a577d1fc854b620cdd25d6349931b1,0,False
random,40,5,LFU,LFU,3000,1208,1792,0.4026666666666667,0.5973333333333334,-0.8528784648187758,1774,-1.0146561443066517,loss,0.004652250092476606,0.0,,0,17762136797593927991,13907774163946486002,9269067645424866872,bff541afe2c33d8db1fda6dbf5e5df7138a577d1fc854b620cdd25d6349931b1,0,False
random,40,5,MRU,MRU,3000,1171,1829,0.3903333333333333,0.6096666666666667,-4.797441364605548,1774,-3.100338218714769,loss,0.0034074579598382115,0.0,,0,17762136797593927991,13907774163946486002,9269067645424866872,bff541afe2c33d8db1fda6dbf5e5df7138a577d1fc854b620cdd25d6349931b1,0,False
random,40,5,OPT,OPT,3000,2154,846,0.718,0.282,100.0,1774,52.311161217587376,win,0.004205124918371439,0.0,,0,17762136797593927991,13907774163946486002,9269067645424866872,bff541afe2c33d8db1fda6dbf5e5df7138a577d1fc854b620cdd25d6349931b1,0,False
random,40,5,LeCaR-inspired,LeCaR,3000,1218,1782,0.406,0.594,0.21321961620470284,1774,-0.4509582863585118,loss,0.0058036670088768005,0.0,,0,17762136797593927991,13907774163946486002,9269067645424866872,bff541afe2c33d8db1fda6dbf5e5df7138a577d1fc854b620cdd25d6349931b1,0,False
random,40,5,RL-Windowed,RL-Adaptive (windowed),3000,1203,1797,0.401,0.599,-1.3859275053304798,1774,-1.2965050732807215,loss,0.004240207956172526,0.1069762910483405,"{""FIFO"": 0, ""LFU"": 0, ""LRU"": 15, ""MRU"": 45}",4,17762136797593927991,13907774163946486002,9269067645424866872,bff541afe2c33d8db1fda6dbf5e5df7138a577d1fc854b620cdd25d6349931b1,0,False
random,40,5,RL-FixedCommit-20,RL-Adaptive (per-eviction),3000,1234,1766,0.41133333333333333,0.5886666666666667,1.918976545842219,1774,0.4509582863585118,win,0.00403691700194031,0.12655062496196479,"{""FIFO"": 1546, ""LFU"": 0, ""LRU"": 40, ""MRU"": 140}",4,17762136797593927991,13907774163946486002,9269067645424866872,bff541afe2c33d8db1fda6dbf5e5df7138a577d1fc854b620cdd25d6349931b1,0,False
random,40,6,FIFO,FIFO,3000,1205,1795,0.40166666666666667,0.5983333333333334,1.831896551724116,1795,0.0,tie,0.0030735000036656857,0.0,,0,17497751690583444669,1712061413337076445,12089785830432276782,66d9120424e45861b2a57107efc4920345740944c225a8773420fc0a02dd15cc,0,False
random,40,6,LRU,LRU,3000,1188,1812,0.396,0.604,0.0,1795,-0.947075208913649,loss,0.003242208040319383,0.0,,0,17497751690583444669,1712061413337076445,12089785830432276782,66d9120424e45861b2a57107efc4920345740944c225a8773420fc0a02dd15cc,0,False
random,40,6,LFU,LFU,3000,1184,1816,0.39466666666666667,0.6053333333333333,-0.43103448275860917,1795,-1.16991643454039,loss,0.004631291958503425,0.0,,0,17497751690583444669,1712061413337076445,12089785830432276782,66d9120424e45861b2a57107efc4920345740944c225a8773420fc0a02dd15cc,0,False
random,40,6,MRU,MRU,3000,1205,1795,0.40166666666666667,0.5983333333333334,1.831896551724116,1795,0.0,tie,0.003357207984663546,0.0,,0,17497751690583444669,1712061413337076445,12089785830432276782,66d9120424e45861b2a57107efc4920345740944c225a8773420fc0a02dd15cc,0,False
random,40,6,OPT,OPT,3000,2116,884,0.7053333333333334,0.2946666666666667,100.0,1795,50.75208913649025,win,0.0043247920693829656,0.0,,0,17497751690583444669,1712061413337076445,12089785830432276782,66d9120424e45861b2a57107efc4920345740944c225a8773420fc0a02dd15cc,0,False
random,40,6,LeCaR-inspired,LeCaR,3000,1184,1816,0.39466666666666667,0.6053333333333333,-0.43103448275860917,1795,-1.16991643454039,loss,0.005761750042438507,0.0,,0,17497751690583444669,1712061413337076445,12089785830432276782,66d9120424e45861b2a57107efc4920345740944c225a8773420fc0a02dd15cc,0,False
random,40,6,RL-Windowed,RL-Adaptive (windowed),3000,1191,1809,0.397,0.603,0.32327586206896586,1795,-0.7799442896935933,loss,0.004178583971224725,0.10582579195033759,"{""FIFO"": 18, ""LFU"": 1, ""LRU"": 0, ""MRU"": 41}",4,17497751690583444669,1712061413337076445,12089785830432276782,66d9120424e45861b2a57107efc4920345740944c225a8773420fc0a02dd15cc,0,False
random,40,6,RL-FixedCommit-20,RL-Adaptive (per-eviction),3000,1193,1807,0.39766666666666667,0.6023333333333334,0.5387931034482525,1795,-0.6685236768802229,loss,0.004299208987504244,0.1431532910792157,"{""FIFO"": 0, ""LFU"": 80, ""LRU"": 1627, ""MRU"": 60}",4,17497751690583444669,1712061413337076445,12089785830432276782,66d9120424e45861b2a57107efc4920345740944c225a8773420fc0a02dd15cc,0,False
random,40,7,FIFO,FIFO,3000,1174,1826,0.3913333333333333,0.6086666666666667,-2.6795284030010618,1801,-1.38811771238201,loss,0.003111416008323431,0.0,,0,17268333184477102642,7540988029405500152,10575069237749322032,63cb827f332e949537a5ed82317ddfe2c9803751cb4548c4d5548877d9a5b2d3,0,False
random,40,7,LRU,LRU,3000,1199,1801,0.39966666666666667,0.6003333333333334,0.0,1801,0.0,tie,0.003197957994416356,0.0,,0,17268333184477102642,7540988029405500152,10575069237749322032,63cb827f332e949537a5ed82317ddfe2c9803751cb4548c4d5548877d9a5b2d3,0,False
random,40,7,LFU,LFU,3000,1177,1823,0.3923333333333333,0.6076666666666667,-2.357984994640933,1801,-1.2215435868961688,loss,0.0045689590042456985,0.0,,0,17268333184477102642,7540988029405500152,10575069237749322032,63cb827f332e949537a5ed82317ddfe2c9803751cb4548c4d5548877d9a5b2d3,0,False
random,40,7,MRU,MRU,3000,1178,1822,0.39266666666666666,0.6073333333333333,-2.2508038585208663,1801,-1.1660188784008885,loss,0.003351000021211803,0.0,,0,17268333184477102642,7540988029405500152,10575069237749322032,63cb827f332e949537a5ed82317ddfe2c9803751cb4548c4d5548877d9a5b2d3,0,False
random,40,7,OPT,OPT,3000,2132,868,0.7106666666666667,0.28933333333333333,100.0,1801,51.80455302609661,win,0.004282708978280425,0.0,,0,17268333184477102642,7540988029405500152,10575069237749322032,63cb827f332e949537a5ed82317ddfe2c9803751cb4548c4d5548877d9a5b2d3,0,False
random,40,7,LeCaR-inspired,LeCaR,3000,1208,1792,0.4026666666666667,0.5973333333333334,0.9646302250803866,1801,0.4997223764575236,win,0.005699499975889921,0.0,,0,17268333184477102642,7540988029405500152,10575069237749322032,63cb827f332e949537a5ed82317ddfe2c9803751cb4548c4d5548877d9a5b2d3,0,False
random,40,7,RL-Windowed,RL-Adaptive (windowed),3000,1168,1832,0.3893333333333333,0.6106666666666667,-3.3226152197213192,1801,-1.7212659633536924,loss,0.0042556250700727105,0.10503758396953344,"{""FIFO"": 0, ""LFU"": 1, ""LRU"": 44, ""MRU"": 15}",4,17268333184477102642,7540988029405500152,10575069237749322032,63cb827f332e949537a5ed82317ddfe2c9803751cb4548c4d5548877d9a5b2d3,0,False
random,40,7,RL-FixedCommit-20,RL-Adaptive (per-eviction),3000,1195,1805,0.3983333333333333,0.6016666666666667,-0.42872454448015984,1801,-0.2220988339811216,loss,0.004152624984271824,0.12740312493406236,"{""FIFO"": 140, ""LFU"": 0, ""LRU"": 1425, ""MRU"": 200}",3,17268333184477102642,7540988029405500152,10575069237749322032,63cb827f332e949537a5ed82317ddfe2c9803751cb4548c4d5548877d9a5b2d3,0,False
random,40,8,FIFO,FIFO,3000,1181,1819,0.39366666666666666,0.6063333333333333,-1.6111707841030802,1797,-1.2242626599888704,loss,0.0031727500027045608,0.0,,0,14509467739425123465,5713185295374171254,7845611142894280835,d6390f6afa9e325363995f38a5b8e961fe47abed81bd80197f5f6938e3501a83,0,False
random,40,8,LRU,LRU,3000,1196,1804,0.39866666666666667,0.6013333333333334,0.0,1797,-0.38953811908736785,loss,0.0032603329746052623,0.0,,0,14509467739425123465,5713185295374171254,7845611142894280835,d6390f6afa9e325363995f38a5b8e961fe47abed81bd80197f5f6938e3501a83,0,False
random,40,8,LFU,LFU,3000,1203,1797,0.401,0.599,0.7518796992481447,1797,0.0,tie,0.004636958008632064,0.0,,0,14509467739425123465,5713185295374171254,7845611142894280835,d6390f6afa9e325363995f38a5b8e961fe47abed81bd80197f5f6938e3501a83,0,False
random,40,8,MRU,MRU,3000,1178,1822,0.39266666666666666,0.6073333333333333,-1.9334049409237035,1797,-1.391207568169171,loss,0.003410334000363946,0.0,,0,14509467739425123465,5713185295374171254,7845611142894280835,d6390f6afa9e325363995f38a5b8e961fe47abed81bd80197f5f6938e3501a83,0,False
random,40,8,OPT,OPT,3000,2127,873,0.709,0.291,100.0,1797,51.419031719532555,win,0.004324916983023286,0.0,,0,14509467739425123465,5713185295374171254,7845611142894280835,d6390f6afa9e325363995f38a5b8e961fe47abed81bd80197f5f6938e3501a83,0,False
random,40,8,LeCaR-inspired,LeCaR,3000,1194,1806,0.398,0.602,-0.21482277121372492,1797,-0.5008347245409015,loss,0.0057211670791730285,0.0,,0,14509467739425123465,5713185295374171254,7845611142894280835,d6390f6afa9e325363995f38a5b8e961fe47abed81bd80197f5f6938e3501a83,0,False
random,40,8,RL-Windowed,RL-Adaptive (windowed),3000,1178,1822,0.39266666666666666,0.6073333333333333,-1.9334049409237035,1797,-1.391207568169171,loss,0.004117749980650842,0.10551141703035682,"{""FIFO"": 36, ""LFU"": 0, ""LRU"": 23, ""MRU"": 1}",4,14509467739425123465,5713185295374171254,7845611142894280835,d6390f6afa9e325363995f38a5b8e961fe47abed81bd80197f5f6938e3501a83,0,False
random,40,8,RL-FixedCommit-20,RL-Adaptive (per-eviction),3000,1189,1811,0.3963333333333333,0.6036666666666667,-0.7518796992481089,1797,-0.7790762381747357,loss,0.004206000012345612,0.13138216699007899,"{""FIFO"": 1651, ""LFU"": 100, ""LRU"": 0, ""MRU"": 20}",4,14509467739425123465,5713185295374171254,7845611142894280835,d6390f6afa9e325363995f38a5b8e961fe47abed81bd80197f5f6938e3501a83,0,False
random,40,9,FIFO,FIFO,3000,1146,1854,0.382,0.618,0.5165289256198466,1799,-3.0572540300166757,loss,0.003229416091926396,0.0,,0,17130787463716766900,7625077886221154819,12275859685010431029,c68ab486a640a54c888da089b2e281089fd24250d6687b89e48a31a47af23cda,0,False
random,40,9,LRU,LRU,3000,1141,1859,0.38033333333333336,0.6196666666666667,0.0,1799,-3.3351862145636466,loss,0.0033557499991729856,0.0,,0,17130787463716766900,7625077886221154819,12275859685010431029,c68ab486a640a54c888da089b2e281089fd24250d6687b89e48a31a47af23cda,0,False
random,40,9,LFU,LFU,3000,1201,1799,0.4003333333333333,0.5996666666666667,6.198347107438021,1799,0.0,tie,0.004616792080923915,0.0,,0,17130787463716766900,7625077886221154819,12275859685010431029,c68ab486a640a54c888da089b2e281089fd24250d6687b89e48a31a47af23cda,0,False
random,40,9,MRU,MRU,3000,1171,1829,0.3903333333333333,0.6096666666666667,3.0991735537190106,1799,-1.6675931072818233,loss,0.0034217500360682607,0.0,,0,17130787463716766900,7625077886221154819,12275859685010431029,c68ab486a640a54c888da089b2e281089fd24250d6687b89e48a31a47af23cda,0,False
random,40,9,OPT,OPT,3000,2109,891,0.703,0.297,100.0,1799,50.47248471372985,win,0.004415457951836288,0.0,,0,17130787463716766900,7625077886221154819,12275859685010431029,c68ab486a640a54c888da089b2e281089fd24250d6687b89e48a31a47af23cda,0,False
random,40,9,LeCaR-inspired,LeCaR,3000,1150,1850,0.38333333333333336,0.6166666666666667,0.9297520661157032,1799,-2.8349082823790996,loss,0.005920084076933563,0.0,,0,17130787463716766900,7625077886221154819,12275859685010431029,c68ab486a640a54c888da089b2e281089fd24250d6687b89e48a31a47af23cda,0,False
random,40,9,RL-Windowed,RL-Adaptive (windowed),3000,1179,1821,0.393,0.607,3.9256198347107585,1799,-1.2229016120066705,loss,0.0050206659361720085,0.10993899998720735,"{""FIFO"": 25, ""LFU"": 34, ""LRU"": 0, ""MRU"": 1}",4,17130787463716766900,7625077886221154819,12275859685010431029,c68ab486a640a54c888da089b2e281089fd24250d6687b89e48a31a47af23cda,0,False
random,40,9,RL-FixedCommit-20,RL-Adaptive (per-eviction),3000,1175,1825,0.39166666666666666,0.6083333333333333,3.512396694214902,1799,-1.4452473596442468,loss,0.005652040941640735,0.12618820904754102,"{""FIFO"": 0, ""LFU"": 1705, ""LRU"": 80, ""MRU"": 0}",4,17130787463716766900,7625077886221154819,12275859685010431029,c68ab486a640a54c888da089b2e281089fd24250d6687b89e48a31a47af23cda,0,False
looping,10,0,FIFO,FIFO,3000,0,3000,0.0,1.0,0.0,2163,-38.69625520110957,loss,0.002567040966823697,0.0,,0,999999,42,0,af9df31b418f6d884bb83316866ac570006c8b25eb8f398e6798865695cb6aee,25,True
looping,10,0,LRU,LRU,3000,0,3000,0.0,1.0,0.0,2163,-38.69625520110957,loss,0.0025265829171985388,0.0,,0,999999,42,0,af9df31b418f6d884bb83316866ac570006c8b25eb8f398e6798865695cb6aee,25,True
looping,10,0,LFU,LFU,3000,0,3000,0.0,1.0,0.0,2163,-38.69625520110957,loss,0.0031327910255640745,0.0,,0,999999,42,0,af9df31b418f6d884bb83316866ac570006c8b25eb8f398e6798865695cb6aee,25,True
looping,10,0,MRU,MRU,3000,837,2163,0.279,0.721,100.0,2163,0.0,tie,0.001976875006221235,0.0,,0,999999,42,0,af9df31b418f6d884bb83316866ac570006c8b25eb8f398e6798865695cb6aee,25,True
looping,10,0,OPT,OPT,3000,837,2163,0.279,0.721,100.0,2163,0.0,tie,0.00333274994045496,0.0,,0,999999,42,0,af9df31b418f6d884bb83316866ac570006c8b25eb8f398e6798865695cb6aee,25,True
looping,10,0,LeCaR-inspired,LeCaR,3000,0,3000,0.0,1.0,0.0,2163,-38.69625520110957,loss,0.004361166968010366,0.0,,0,999999,42,0,af9df31b418f6d884bb83316866ac570006c8b25eb8f398e6798865695cb6aee,25,True
looping,10,0,RL-Windowed,RL-Adaptive (windowed),3000,828,2172,0.276,0.724,98.9247311827957,2163,-0.4160887656033287,loss,0.0028661669930443168,0.07318070903420448,"{""FIFO"": 1, ""LFU"": 0, ""LRU"": 0, ""MRU"": 59}",2,999999,42,0,af9df31b418f6d884bb83316866ac570006c8b25eb8f398e6798865695cb6aee,25,True
looping,10,0,RL-FixedCommit-20,RL-Adaptive (per-eviction),3000,837,2163,0.279,0.721,100.0,2163,0.0,tie,0.0031093329889699817,0.09977400000207126,"{""FIFO"": 0, ""LFU"": 0, ""LRU"": 0, ""MRU"": 2153}",1,999999,42,0,af9df31b418f6d884bb83316866ac570006c8b25eb8f398e6798865695cb6aee,25,True
looping,10,1,FIFO,FIFO,3000,0,3000,0.0,1.0,0.0,2163,-38.69625520110957,loss,0.0025426250649616122,0.0,,0,8799092970049070970,17771327585692197403,99572980905330575,af9df31b418f6d884bb83316866ac570006c8b25eb8f398e6798865695cb6aee,25,True
looping,10,1,LRU,LRU,3000,0,3000,0.0,1.0,0.0,2163,-38.69625520110957,loss,0.002528749988414347,0.0,,0,8799092970049070970,17771327585692197403,99572980905330575,af9df31b418f6d884bb83316866ac570006c8b25eb8f398e6798865695cb6aee,25,True
looping,10,1,LFU,LFU,3000,0,3000,0.0,1.0,0.0,2163,-38.69625520110957,loss,0.00311300007160753,0.0,,0,8799092970049070970,17771327585692197403,99572980905330575,af9df31b418f6d884bb83316866ac570006c8b25eb8f398e6798865695cb6aee,25,True
looping,10,1,MRU,MRU,3000,837,2163,0.279,0.721,100.0,2163,0.0,tie,0.0019726670579984784,0.0,,0,8799092970049070970,17771327585692197403,99572980905330575,af9df31b418f6d884bb83316866ac570006c8b25eb8f398e6798865695cb6aee,25,True
looping,10,1,OPT,OPT,3000,837,2163,0.279,0.721,100.0,2163,0.0,tie,0.003250167006626725,0.0,,0,8799092970049070970,17771327585692197403,99572980905330575,af9df31b418f6d884bb83316866ac570006c8b25eb8f398e6798865695cb6aee,25,True
looping,10,1,LeCaR-inspired,LeCaR,3000,0,3000,0.0,1.0,0.0,2163,-38.69625520110957,loss,0.004320833017118275,0.0,,0,8799092970049070970,17771327585692197403,99572980905330575,af9df31b418f6d884bb83316866ac570006c8b25eb8f398e6798865695cb6aee,25,True
looping,10,1,RL-Windowed,RL-Adaptive (windowed),3000,828,2172,0.276,0.724,98.9247311827957,2163,-0.4160887656033287,loss,0.0028725829906761646,0.07330579205881804,"{""FIFO"": 0, ""LFU"": 0, ""LRU"": 1, ""MRU"": 59}",2,8799092970049070970,17771327585692197403,99572980905330575,af9df31b418f6d884bb83316866ac570006c8b25eb8f398e6798865695cb6aee,25,True
looping,10,1,RL-FixedCommit-20,RL-Adaptive (per-eviction),3000,837,2163,0.279,0.721,100.0,2163,0.0,tie,0.003140666987746954,0.10415487503632903,"{""FIFO"": 0, ""LFU"": 0, ""LRU"": 0, ""MRU"": 2153}",1,8799092970049070970,17771327585692197403,99572980905330575,af9df31b418f6d884bb83316866ac570006c8b25eb8f398e6798865695cb6aee,25,True
looping,10,2,FIFO,FIFO,3000,0,3000,0.0,1.0,0.0,2163,-38.69625520110957,loss,0.0025412080576643348,0.0,,0,17398478001489262390,1974084707142826050,3909086558387047501,af9df31b418f6d884bb83316866ac570006c8b25eb8f398e6798865695cb6aee,25,True
looping,10,2,LRU,LRU,3000,0,3000,0.0,1.0,0.0,2163,-38.69625520110957,loss,0.0025413749972358346,0.0,,0,17398478001489262390,1974084707142826050,3909086558387047501,af9df31b418f6d884bb83316866ac570006c8b25eb8f398e6798865695cb6aee,25,True
looping,10,2,LFU,LFU,3000,0,3000,0.0,1.0,0.0,2163,-38.69625520110957,loss,0.00317433406598866,0.0,,0,17398478001489262390,1974084707142826050,3909086558387047501,af9df31b418f6d884bb83316866ac570006c8b25eb8f398e6798865695cb6aee,25,True
looping,10,2,MRU,MRU,3000,837,2163,0.279,0.721,100.0,2163,0.0,tie,0.002014834084548056,0.0,,0,17398478001489262390,1974084707142826050,3909086558387047501,af9df31b418f6d884bb83316866ac570006c8b25eb8f398e6798865695cb6aee,25,True
looping,10,2,OPT,OPT,3000,837,2163,0.279,0.721,100.0,2163,0.0,tie,0.003324666991829872,0.0,,0,17398478001489262390,1974084707142826050,3909086558387047501,af9df31b418f6d884bb83316866ac570006c8b25eb8f398e6798865695cb6aee,25,True
looping,10,2,LeCaR-inspired,LeCaR,3000,0,3000,0.0,1.0,0.0,2163,-38.69625520110957,loss,0.004409124958328903,0.0,,0,17398478001489262390,1974084707142826050,3909086558387047501,af9df31b418f6d884bb83316866ac570006c8b25eb8f398e6798865695cb6aee,25,True
looping,10,2,RL-Windowed,RL-Adaptive (windowed),3000,837,2163,0.279,0.721,100.0,2163,0.0,tie,0.0029281669994816184,0.07450474996585399,"{""FIFO"": 0, ""LFU"": 0, ""LRU"": 0, ""MRU"": 60}",2,17398478001489262390,1974084707142826050,3909086558387047501,af9df31b418f6d884bb83316866ac570006c8b25eb8f398e6798865695cb6aee,25,True
looping,10,2,RL-FixedCommit-20,RL-Adaptive (per-eviction),3000,837,2163,0.279,0.721,100.0,2163,0.0,tie,0.0031624159310013056,0.11595108406618237,"{""FIFO"": 0, ""LFU"": 0, ""LRU"": 0, ""MRU"": 2153}",1,17398478001489262390,1974084707142826050,3909086558387047501,af9df31b418f6d884bb83316866ac570006c8b25eb8f398e6798865695cb6aee,25,True
looping,10,3,FIFO,FIFO,3000,0,3000,0.0,1.0,0.0,2163,-38.69625520110957,loss,0.0025902079651132226,0.0,,0,7283243027692018998,10079048894251735585,9082294608158945152,af9df31b418f6d884bb83316866ac570006c8b25eb8f398e6798865695cb6aee,25,True
looping,10,3,LRU,LRU,3000,0,3000,0.0,1.0,0.0,2163,-38.69625520110957,loss,0.002589166979305446,0.0,,0,7283243027692018998,10079048894251735585,9082294608158945152,af9df31b418f6d884bb83316866ac570006c8b25eb8f398e6798865695cb6aee,25,True
looping,10,3,LFU,LFU,3000,0,3000,0.0,1.0,0.0,2163,-38.69625520110957,loss,0.0031849578954279423,0.0,,0,7283243027692018998,10079048894251735585,9082294608158945152,af9df31b418f6d884bb83316866ac570006c8b25eb8f398e6798865695cb6aee,25,True
looping,10,3,MRU,MRU,3000,837,2163,0.279,0.721,100.0,2163,0.0,tie,0.0020133330253884196,0.0,,0,7283243027692018998,10079048894251735585,9082294608158945152,af9df31b418f6d884bb83316866ac570006c8b25eb8f398e6798865695cb6aee,25,True
looping,10,3,OPT,OPT,3000,837,2163,0.279,0.721,100.0,2163,0.0,tie,0.003371582948602736,0.0,,0,7283243027692018998,10079048894251735585,9082294608158945152,af9df31b418f6d884bb83316866ac570006c8b25eb8f398e6798865695cb6aee,25,True
looping,10,3,LeCaR-inspired,LeCaR,3000,0,3000,0.0,1.0,0.0,2163,-38.69625520110957,loss,0.004417333053424954,0.0,,0,7283243027692018998,10079048894251735585,9082294608158945152,af9df31b418f6d884bb83316866ac570006c8b25eb8f398e6798865695cb6aee,25,True
looping,10,3,RL-Windowed,RL-Adaptive (windowed),3000,837,2163,0.279,0.721,100.0,2163,0.0,tie,0.002857874962501228,0.07310154102742672,"{""FIFO"": 0, ""LFU"": 0, ""LRU"": 0, ""MRU"": 60}",2,7283243027692018998,10079048894251735585,9082294608158945152,af9df31b418f6d884bb83316866ac570006c8b25eb8f398e6798865695cb6aee,25,True
looping,10,3,RL-FixedCommit-20,RL-Adaptive (per-eviction),3000,837,2163,0.279,0.721,100.0,2163,0.0,tie,0.0030934589449316263,0.10681329190265387,"{""FIFO"": 0, ""LFU"": 0, ""LRU"": 0, ""MRU"": 2153}",1,7283243027692018998,10079048894251735585,9082294608158945152,af9df31b418f6d884bb83316866ac570006c8b25eb8f398e6798865695cb6aee,25,True
looping,10,4,FIFO,FIFO,3000,0,3000,0.0,1.0,0.0,2163,-38.69625520110957,loss,0.00253499997779727,0.0,,0,3716254645054518530,6684863562634725967,16796672573929133427,af9df31b418f6d884bb83316866ac570006c8b25eb8f398e6798865695cb6aee,25,True
looping,10,4,LRU,LRU,3000,0,3000,0.0,1.0,0.0,2163,-38.69625520110957,loss,0.0025638339575380087,0.0,,0,3716254645054518530,6684863562634725967,16796672573929133427,af9df31b418f6d884bb83316866ac570006c8b25eb8f398e6798865695cb6aee,25,True
looping,10,4,LFU,LFU,3000,0,3000,0.0,1.0,0.0,2163,-38.69625520110957,loss,0.0031452500261366367,0.0,,0,3716254645054518530,6684863562634725967,16796672573929133427,af9df31b418f6d884bb83316866ac570006c8b25eb8f398e6798865695cb6aee,25,True
looping,10,4,MRU,MRU,3000,837,2163,0.279,0.721,100.0,2163,0.0,tie,0.001984250033274293,0.0,,0,3716254645054518530,6684863562634725967,16796672573929133427,af9df31b418f6d884bb83316866ac570006c8b25eb8f398e6798865695cb6aee,25,True
looping,10,4,OPT,OPT,3000,837,2163,0.279,0.721,100.0,2163,0.0,tie,0.0032451660372316837,0.0,,0,3716254645054518530,6684863562634725967,16796672573929133427,af9df31b418f6d884bb83316866ac570006c8b25eb8f398e6798865695cb6aee,25,True
looping,10,4,LeCaR-inspired,LeCaR,3000,0,3000,0.0,1.0,0.0,2163,-38.69625520110957,loss,0.004349665949121118,0.0,,0,3716254645054518530,6684863562634725967,16796672573929133427,af9df31b418f6d884bb83316866ac570006c8b25eb8f398e6798865695cb6aee,25,True
looping,10,4,RL-Windowed,RL-Adaptive (windowed),3000,837,2163,0.279,0.721,100.0,2163,0.0,tie,0.0028702090494334698,0.07350687496364117,"{""FIFO"": 0, ""LFU"": 0, ""LRU"": 0, ""MRU"": 60}",2,3716254645054518530,6684863562634725967,16796672573929133427,af9df31b418f6d884bb83316866ac570006c8b25eb8f398e6798865695cb6aee,25,True
looping,10,4,RL-FixedCommit-20,RL-Adaptive (per-eviction),3000,837,2163,0.279,0.721,100.0,2163,0.0,tie,0.00315762497484684,0.10543104202952236,"{""FIFO"": 0, ""LFU"": 0, ""LRU"": 0, ""MRU"": 2153}",1,3716254645054518530,6684863562634725967,16796672573929133427,af9df31b418f6d884bb83316866ac570006c8b25eb8f398e6798865695cb6aee,25,True
looping,10,5,FIFO,FIFO,3000,0,3000,0.0,1.0,0.0,2163,-38.69625520110957,loss,0.0026064589619636536,0.0,,0,10447825919995985294,7223116969223866713,18251062894391539934,af9df31b418f6d884bb83316866ac570006c8b25eb8f398e6798865695cb6aee,25,True
looping,10,5,LRU,LRU,3000,0,3000,0.0,1.0,0.0,2163,-38.69625520110957,loss,0.002604041015729308,0.0,,0,10447825919995985294,7223116969223866713,18251062894391539934,af9df31b418f6d884bb83316866ac570006c8b25eb8f398e6798865695cb6aee,25,True
looping,10,5,LFU,LFU,3000,0,3000,0.0,1.0,0.0,2163,-38.69625520110957,loss,0.0032038750359788537,0.0,,0,10447825919995985294,7223116969223866713,18251062894391539934,af9df31b418f6d884bb83316866ac570006c8b25eb8f398e6798865695cb6aee,25,True
looping,10,5,MRU,MRU,3000,837,2163,0.279,0.721,100.0,2163,0.0,tie,0.0020708750234916806,0.0,,0,10447825919995985294,7223116969223866713,18251062894391539934,af9df31b418f6d884bb83316866ac570006c8b25eb8f398e6798865695cb6aee,25,True
looping,10,5,OPT,OPT,3000,837,2163,0.279,0.721,100.0,2163,0.0,tie,0.0033299170900136232,0.0,,0,10447825919995985294,7223116969223866713,18251062894391539934,af9df31b418f6d884bb83316866ac570006c8b25eb8f398e6798865695cb6aee,25,True
looping,10,5,LeCaR-inspired,LeCaR,3000,0,3000,0.0,1.0,0.0,2163,-38.69625520110957,loss,0.004457707982510328,0.0,,0,10447825919995985294,7223116969223866713,18251062894391539934,af9df31b418f6d884bb83316866ac570006c8b25eb8f398e6798865695cb6aee,25,True
looping,10,5,RL-Windowed,RL-Adaptive (windowed),3000,828,2172,0.276,0.724,98.9247311827957,2163,-0.4160887656033287,loss,0.0029224579920992255,0.07447099999990314,"{""FIFO"": 0, ""LFU"": 1, ""LRU"": 0, ""MRU"": 59}",2,10447825919995985294,7223116969223866713,18251062894391539934,af9df31b418f6d884bb83316866ac570006c8b25eb8f398e6798865695cb6aee,25,True
looping,10,5,RL-FixedCommit-20,RL-Adaptive (per-eviction),3000,837,2163,0.279,0.721,100.0,2163,0.0,tie,0.003165457979775965,0.10673095798119903,"{""FIFO"": 0, ""LFU"": 0, ""LRU"": 0, ""MRU"": 2153}",1,10447825919995985294,7223116969223866713,18251062894391539934,af9df31b418f6d884bb83316866ac570006c8b25eb8f398e6798865695cb6aee,25,True
looping,10,6,FIFO,FIFO,3000,0,3000,0.0,1.0,0.0,2163,-38.69625520110957,loss,0.0025841249153017998,0.0,,0,15554329986747002259,5861939682205000659,15937001724186738204,af9df31b418f6d884bb83316866ac570006c8b25eb8f398e6798865695cb6aee,25,True
looping,10,6,LRU,LRU,3000,0,3000,0.0,1.0,0.0,2163,-38.69625520110957,loss,0.002581625012680888,0.0,,0,15554329986747002259,5861939682205000659,15937001724186738204,af9df31b418f6d884bb83316866ac570006c8b25eb8f398e6798865695cb6aee,25,True
looping,10,6,LFU,LFU,3000,0,3000,0.0,1.0,0.0,2163,-38.69625520110957,loss,0.003181917010806501,0.0,,0,15554329986747002259,5861939682205000659,15937001724186738204,af9df31b418f6d884bb83316866ac570006c8b25eb8f398e6798865695cb6aee,25,True
looping,10,6,MRU,MRU,3000,837,2163,0.279,0.721,100.0,2163,0.0,tie,0.0020152080105617642,0.0,,0,15554329986747002259,5861939682205000659,15937001724186738204,af9df31b418f6d884bb83316866ac570006c8b25eb8f398e6798865695cb6aee,25,True
looping,10,6,OPT,OPT,3000,837,2163,0.279,0.721,100.0,2163,0.0,tie,0.0033439169637858868,0.0,,0,15554329986747002259,5861939682205000659,15937001724186738204,af9df31b418f6d884bb83316866ac570006c8b25eb8f398e6798865695cb6aee,25,True
looping,10,6,LeCaR-inspired,LeCaR,3000,0,3000,0.0,1.0,0.0,2163,-38.69625520110957,loss,0.00439370796084404,0.0,,0,15554329986747002259,5861939682205000659,15937001724186738204,af9df31b418f6d884bb83316866ac570006c8b25eb8f398e6798865695cb6aee,25,True
looping,10,6,RL-Windowed,RL-Adaptive (windowed),3000,828,2172,0.276,0.724,98.9247311827957,2163,-0.4160887656033287,loss,0.0029164169682189822,0.07435175008140504,"{""FIFO"": 0, ""LFU"": 0, ""LRU"": 1, ""MRU"": 59}",2,15554329986747002259,5861939682205000659,15937001724186738204,af9df31b418f6d884bb83316866ac570006c8b25eb8f398e6798865695cb6aee,25,True
looping,10,6,RL-FixedCommit-20,RL-Adaptive (per-eviction),3000,837,2163,0.279,0.721,100.0,2163,0.0,tie,0.00316062499769032,0.10051704198122025,"{""FIFO"": 0, ""LFU"": 0, ""LRU"": 0, ""MRU"": 2153}",1,15554329986747002259,5861939682205000659,15937001724186738204,af9df31b418f6d884bb83316866ac570006c8b25eb8f398e6798865695cb6aee,25,True
looping,10,7,FIFO,FIFO,3000,0,3000,0.0,1.0,0.0,2163,-38.69625520110957,loss,0.002571459044702351,0.0,,0,15177096086817970710,17575094424305188176,6811831629985665921,af9df31b418f6d884bb83316866ac570006c8b25eb8f398e6798865695cb6aee,25,True
looping,10,7,LRU,LRU,3000,0,3000,0.0,1.0,0.0,2163,-38.69625520110957,loss,0.00257108302321285,0.0,,0,15177096086817970710,17575094424305188176,6811831629985665921,af9df31b418f6d884bb83316866ac570006c8b25eb8f398e6798865695cb6aee,25,True
looping,10,7,LFU,LFU,3000,0,3000,0.0,1.0,0.0,2163,-38.69625520110957,loss,0.0031912910053506494,0.0,,0,15177096086817970710,17575094424305188176,6811831629985665921,af9df31b418f6d884bb83316866ac570006c8b25eb8f398e6798865695cb6aee,25,True
looping,10,7,MRU,MRU,3000,837,2163,0.279,0.721,100.0,2163,0.0,tie,0.0020377080654725432,0.0,,0,15177096086817970710,17575094424305188176,6811831629985665921,af9df31b418f6d884bb83316866ac570006c8b25eb8f398e6798865695cb6aee,25,True
looping,10,7,OPT,OPT,3000,837,2163,0.279,0.721,100.0,2163,0.0,tie,0.0033114999532699585,0.0,,0,15177096086817970710,17575094424305188176,6811831629985665921,af9df31b418f6d884bb83316866ac570006c8b25eb8f398e6798865695cb6aee,25,True
looping,10,7,LeCaR-inspired,LeCaR,3000,0,3000,0.0,1.0,0.0,2163,-38.69625520110957,loss,0.004412124981172383,0.0,,0,15177096086817970710,17575094424305188176,6811831629985665921,af9df31b418f6d884bb83316866ac570006c8b25eb8f398e6798865695cb6aee,25,True
looping,10,7,RL-Windowed,RL-Adaptive (windowed),3000,828,2172,0.276,0.724,98.9247311827957,2163,-0.4160887656033287,loss,0.002928667003288865,0.07475620892364532,"{""FIFO"": 1, ""LFU"": 0, ""LRU"": 0, ""MRU"": 59}",2,15177096086817970710,17575094424305188176,6811831629985665921,af9df31b418f6d884bb83316866ac570006c8b25eb8f398e6798865695cb6aee,25,True
looping,10,7,RL-FixedCommit-20,RL-Adaptive (per-eviction),3000,837,2163,0.279,0.721,100.0,2163,0.0,tie,0.0031980000203475356,0.10866566596087068,"{""FIFO"": 0, ""LFU"": 0, ""LRU"": 0, ""MRU"": 2153}",1,15177096086817970710,17575094424305188176,6811831629985665921,af9df31b418f6d884bb83316866ac570006c8b25eb8f398e6798865695cb6aee,25,True
looping,10,8,FIFO,FIFO,3000,0,3000,0.0,1.0,0.0,2163,-38.69625520110957,loss,0.0025401670718565583,0.0,,0,16519217717686200985,16946075607272909734,15744468324275009642,af9df31b418f6d884bb83316866ac570006c8b25eb8f398e6798865695cb6aee,25,True
looping,10,8,LRU,LRU,3000,0,3000,0.0,1.0,0.0,2163,-38.69625520110957,loss,0.0026008340064436197,0.0,,0,16519217717686200985,16946075607272909734,15744468324275009642,af9df31b418f6d884bb83316866ac570006c8b25eb8f398e6798865695cb6aee,25,True
looping,10,8,LFU,LFU,3000,0,3000,0.0,1.0,0.0,2163,-38.69625520110957,loss,0.003201749990694225,0.0,,0,16519217717686200985,16946075607272909734,15744468324275009642,af9df31b418f6d884bb83316866ac570006c8b25eb8f398e6798865695cb6aee,25,True
looping,10,8,MRU,MRU,3000,837,2163,0.279,0.721,100.0,2163,0.0,tie,0.0020414579194039106,0.0,,0,16519217717686200985,16946075607272909734,15744468324275009642,af9df31b418f6d884bb83316866ac570006c8b25eb8f398e6798865695cb6aee,25,True
looping,10,8,OPT,OPT,3000,837,2163,0.279,0.721,100.0,2163,0.0,tie,0.0033322919625788927,0.0,,0,16519217717686200985,16946075607272909734,15744468324275009642,af9df31b418f6d884bb83316866ac570006c8b25eb8f398e6798865695cb6aee,25,True
looping,10,8,LeCaR-inspired,LeCaR,3000,0,3000,0.0,1.0,0.0,2163,-38.69625520110957,loss,0.004411250003613532,0.0,,0,16519217717686200985,16946075607272909734,15744468324275009642,af9df31b418f6d884bb83316866ac570006c8b25eb8f398e6798865695cb6aee,25,True
looping,10,8,RL-Windowed,RL-Adaptive (windowed),3000,837,2163,0.279,0.721,100.0,2163,0.0,tie,0.00292449991684407,0.07441450003534555,"{""FIFO"": 0, ""LFU"": 0, ""LRU"": 0, ""MRU"": 60}",2,16519217717686200985,16946075607272909734,15744468324275009642,af9df31b418f6d884bb83316866ac570006c8b25eb8f398e6798865695cb6aee,25,True
looping,10,8,RL-FixedCommit-20,RL-Adaptive (per-eviction),3000,837,2163,0.279,0.721,100.0,2163,0.0,tie,0.003161250031553209,0.11130458291154355,"{""FIFO"": 0, ""LFU"": 0, ""LRU"": 0, ""MRU"": 2153}",1,16519217717686200985,16946075607272909734,15744468324275009642,af9df31b418f6d884bb83316866ac570006c8b25eb8f398e6798865695cb6aee,25,True
looping,10,9,FIFO,FIFO,3000,0,3000,0.0,1.0,0.0,2163,-38.69625520110957,loss,0.0026326669612899423,0.0,,0,15170107347423629164,11479268476865684775,17875655225067161016,af9df31b418f6d884bb83316866ac570006c8b25eb8f398e6798865695cb6aee,25,True
looping,10,9,LRU,LRU,3000,0,3000,0.0,1.0,0.0,2163,-38.69625520110957,loss,0.0025913750287145376,0.0,,0,15170107347423629164,11479268476865684775,17875655225067161016,af9df31b418f6d884bb83316866ac570006c8b25eb8f398e6798865695cb6aee,25,True
looping,10,9,LFU,LFU,3000,0,3000,0.0,1.0,0.0,2163,-38.69625520110957,loss,0.003195042023435235,0.0,,0,15170107347423629164,11479268476865684775,17875655225067161016,af9df31b418f6d884bb83316866ac570006c8b25eb8f398e6798865695cb6aee,25,True
looping,10,9,MRU,MRU,3000,837,2163,0.279,0.721,100.0,2163,0.0,tie,0.0020407920237630606,0.0,,0,15170107347423629164,11479268476865684775,17875655225067161016,af9df31b418f6d884bb83316866ac570006c8b25eb8f398e6798865695cb6aee,25,True
looping,10,9,OPT,OPT,3000,837,2163,0.279,0.721,100.0,2163,0.0,tie,0.0033276670146733522,0.0,,0,15170107347423629164,11479268476865684775,17875655225067161016,af9df31b418f6d884bb83316866ac570006c8b25eb8f398e6798865695cb6aee,25,True
looping,10,9,LeCaR-inspired,LeCaR,3000,0,3000,0.0,1.0,0.0,2163,-38.69625520110957,loss,0.004412750015035272,0.0,,0,15170107347423629164,11479268476865684775,17875655225067161016,af9df31b418f6d884bb83316866ac570006c8b25eb8f398e6798865695cb6aee,25,True
looping,10,9,RL-Windowed,RL-Adaptive (windowed),3000,828,2172,0.276,0.724,98.9247311827957,2163,-0.4160887656033287,loss,0.0029168749460950494,0.07464562496170402,"{""FIFO"": 0, ""LFU"": 0, ""LRU"": 1, ""MRU"": 59}",2,15170107347423629164,11479268476865684775,17875655225067161016,af9df31b418f6d884bb83316866ac570006c8b25eb8f398e6798865695cb6aee,25,True
looping,10,9,RL-FixedCommit-20,RL-Adaptive (per-eviction),3000,837,2163,0.279,0.721,100.0,2163,0.0,tie,0.003152333083562553,0.10999429202638566,"{""FIFO"": 0, ""LFU"": 0, ""LRU"": 0, ""MRU"": 2153}",1,15170107347423629164,11479268476865684775,17875655225067161016,af9df31b418f6d884bb83316866ac570006c8b25eb8f398e6798865695cb6aee,25,True
looping,20,0,FIFO,FIFO,3000,0,3000,0.0,1.0,0.0,1233,-143.30900243309003,loss,0.0033825410064309835,0.0,,0,999999,42,0,af9df31b418f6d884bb83316866ac570006c8b25eb8f398e6798865695cb6aee,25,True
looping,20,0,LRU,LRU,3000,0,3000,0.0,1.0,0.0,1233,-143.30900243309003,loss,0.0033464590087532997,0.0,,0,999999,42,0,af9df31b418f6d884bb83316866ac570006c8b25eb8f398e6798865695cb6aee,25,True
looping,20,0,LFU,LFU,3000,0,3000,0.0,1.0,0.0,1233,-143.30900243309003,loss,0.0045837919460609555,0.0,,0,999999,42,0,af9df31b418f6d884bb83316866ac570006c8b25eb8f398e6798865695cb6aee,25,True
looping,20,0,MRU,MRU,3000,1767,1233,0.589,0.411,100.0,1233,0.0,tie,0.001673292019404471,0.0,,0,999999,42,0,af9df31b418f6d884bb83316866ac570006c8b25eb8f398e6798865695cb6aee,25,True
looping,20,0,OPT,OPT,3000,1767,1233,0.589,0.411,100.0,1233,0.0,tie,0.003591333981603384,0.0,,0,999999,42,0,af9df31b418f6d884bb83316866ac570006c8b25eb8f398e6798865695cb6aee,25,True
looping,20,0,LeCaR-inspired,LeCaR,3000,0,3000,0.0,1.0,0.0,1233,-143.30900243309003,loss,0.006398750003427267,0.0,,0,999999,42,0,af9df31b418f6d884bb83316866ac570006c8b25eb8f398e6798865695cb6aee,25,True
looping,20,0,RL-Windowed,RL-Adaptive (windowed),3000,1748,1252,0.5826666666666667,0.41733333333333333,98.9247311827957,1233,-1.5409570154095702,loss,0.0026107500307261944,0.0673537909751758,"{""FIFO"": 1, ""LFU"": 0, ""LRU"": 0, ""MRU"": 59}",2,999999,42,0,af9df31b418f6d884bb83316866ac570006c8b25eb8f398e6798865695cb6aee,25,True
looping,20,0,RL-FixedCommit-20,RL-Adaptive (per-eviction),3000,1767,1233,0.589,0.411,100.0,1233,0.0,tie,0.0024551249807700515,0.07370550010818988,"{""FIFO"": 0, ""LFU"": 0, ""LRU"": 0, ""MRU"": 1213}",1,999999,42,0,af9df31b418f6d884bb83316866ac570006c8b25eb8f398e6798865695cb6aee,25,True
looping,20,1,FIFO,FIFO,3000,0,3000,0.0,1.0,0.0,1233,-143.30900243309003,loss,0.003397249965928495,0.0,,0,8799092970049070970,17771327585692197403,99572980905330575,af9df31b418f6d884bb83316866ac570006c8b25eb8f398e6798865695cb6aee,25,True
looping,20,1,LRU,LRU,3000,0,3000,0.0,1.0,0.0,1233,-143.30900243309003,loss,0.003380000009201467,0.0,,0,8799092970049070970,17771327585692197403,99572980905330575,af9df31b418f6d884bb83316866ac570006c8b25eb8f398e6798865695cb6aee,25,True
looping,20,1,LFU,LFU,3000,0,3000,0.0,1.0,0.0,1233,-143.30900243309003,loss,0.004599917097948492,0.0,,0,8799092970049070970,17771327585692197403,99572980905330575,af9df31b418f6d884bb83316866ac570006c8b25eb8f398e6798865695cb6aee,25,True
looping,20,1,MRU,MRU,3000,1767,1233,0.589,0.411,100.0,1233,0.0,tie,0.0016809169901534915,0.0,,0,8799092970049070970,17771327585692197403,99572980905330575,af9df31b418f6d884bb83316866ac570006c8b25eb8f398e6798865695cb6aee,25,True
looping,20,1,OPT,OPT,3000,1767,1233,0.589,0.411,100.0,1233,0.0,tie,0.0035634159576147795,0.0,,0,8799092970049070970,17771327585692197403,99572980905330575,af9df31b418f6d884bb83316866ac570006c8b25eb8f398e6798865695cb6aee,25,True
looping,20,1,LeCaR-inspired,LeCaR,3000,0,3000,0.0,1.0,0.0,1233,-143.30900243309003,loss,0.006411334034055471,0.0,,0,8799092970049070970,17771327585692197403,99572980905330575,af9df31b418f6d884bb83316866ac570006c8b25eb8f398e6798865695cb6aee,25,True
looping,20,1,RL-Windowed,RL-Adaptive (windowed),3000,1748,1252,0.5826666666666667,0.41733333333333333,98.9247311827957,1233,-1.5409570154095702,loss,0.0026134169893339276,0.06710391701199114,"{""FIFO"": 0, ""LFU"": 0, ""LRU"": 1, ""MRU"": 59}",2,8799092970049070970,17771327585692197403,99572980905330575,af9df31b418f6d884bb83316866ac570006c8b25eb8f398e6798865695cb6aee,25,True
looping,20,1,RL-FixedCommit-20,RL-Adaptive (per-eviction),3000,1767,1233,0.589,0.411,100.0,1233,0.0,tie,0.002445999998599291,0.074127666070126,"{""FIFO"": 0, ""LFU"": 0, ""LRU"": 0, ""MRU"": 1213}",1,8799092970049070970,17771327585692197403,99572980905330575,af9df31b418f6d884bb83316866ac570006c8b25eb8f398e6798865695cb6aee,25,True
looping,20,2,FIFO,FIFO,3000,0,3000,0.0,1.0,0.0,1233,-143.30900243309003,loss,0.003374250023625791,0.0,,0,17398478001489262390,1974084707142826050,3909086558387047501,af9df31b418f6d884bb83316866ac570006c8b25eb8f398e6798865695cb6aee,25,True
looping,20,2,LRU,LRU,3000,0,3000,0.0,1.0,0.0,1233,-143.30900243309003,loss,0.00336449989117682,0.0,,0,17398478001489262390,1974084707142826050,3909086558387047501,af9df31b418f6d884bb83316866ac570006c8b25eb8f398e6798865695cb6aee,25,True
looping,20,2,LFU,LFU,3000,0,3000,0.0,1.0,0.0,1233,-143.30900243309003,loss,0.004590415977872908,0.0,,0,17398478001489262390,1974084707142826050,3909086558387047501,af9df31b418f6d884bb83316866ac570006c8b25eb8f398e6798865695cb6aee,25,True
looping,20,2,MRU,MRU,3000,1767,1233,0.589,0.411,100.0,1233,0.0,tie,0.0016795000992715359,0.0,,0,17398478001489262390,1974084707142826050,3909086558387047501,af9df31b418f6d884bb83316866ac570006c8b25eb8f398e6798865695cb6aee,25,True
looping,20,2,OPT,OPT,3000,1767,1233,0.589,0.411,100.0,1233,0.0,tie,0.003570416010916233,0.0,,0,17398478001489262390,1974084707142826050,3909086558387047501,af9df31b418f6d884bb83316866ac570006c8b25eb8f398e6798865695cb6aee,25,True
looping,20,2,LeCaR-inspired,LeCaR,3000,0,3000,0.0,1.0,0.0,1233,-143.30900243309003,loss,0.006400584010407329,0.0,,0,17398478001489262390,1974084707142826050,3909086558387047501,af9df31b418f6d884bb83316866ac570006c8b25eb8f398e6798865695cb6aee,25,True
looping,20,2,RL-Windowed,RL-Adaptive (windowed),3000,1767,1233,0.589,0.411,100.0,1233,0.0,tie,0.002570417011156678,0.06663033296354115,"{""FIFO"": 0, ""LFU"": 0, ""LRU"": 0, ""MRU"": 60}",2,17398478001489262390,1974084707142826050,3909086558387047501,af9df31b418f6d884bb83316866ac570006c8b25eb8f398e6798865695cb6aee,25,True
looping,20,2,RL-FixedCommit-20,RL-Adaptive (per-eviction),3000,1767,1233,0.589,0.411,100.0,1233,0.0,tie,0.0024085419718176126,0.07325491600204259,"{""FIFO"": 0, ""LFU"": 0, ""LRU"": 0, ""MRU"": 1213}",1,17398478001489262390,1974084707142826050,3909086558387047501,af9df31b418f6d884bb83316866ac570006c8b25eb8f398e6798865695cb6aee,25,True
looping,20,3,FIFO,FIFO,3000,0,3000,0.0,1.0,0.0,1233,-143.30900243309003,loss,0.0033642080379649997,0.0,,0,7283243027692018998,10079048894251735585,9082294608158945152,af9df31b418f6d884bb83316866ac570006c8b25eb8f398e6798865695cb6aee,25,True
looping,20,3,LRU,LRU,3000,0,3000,0.0,1.0,0.0,1233,-143.30900243309003,loss,0.003349333070218563,0.0,,0,7283243027692018998,10079048894251735585,9082294608158945152,af9df31b418f6d884bb83316866ac570006c8b25eb8f398e6798865695cb6aee,25,True
looping,20,3,LFU,LFU,3000,0,3000,0.0,1.0,0.0,1233,-143.30900243309003,loss,0.004580124979838729,0.0,,0,7283243027692018998,10079048894251735585,9082294608158945152,af9df31b418f6d884bb83316866ac570006c8b25eb8f398e6798865695cb6aee,25,True
looping,20,3,MRU,MRU,3000,1767,1233,0.589,0.411,100.0,1233,0.0,tie,0.0016717500984668732,0.0,,0,7283243027692018998,10079048894251735585,9082294608158945152,af9df31b418f6d884bb83316866ac570006c8b25eb8f398e6798865695cb6aee,25,True
looping,20,3,OPT,OPT,3000,1767,1233,0.589,0.411,100.0,1233,0.0,tie,0.0035550829488784075,0.0,,0,7283243027692018998,10079048894251735585,9082294608158945152,af9df31b418f6d884bb83316866ac570006c8b25eb8f398e6798865695cb6aee,25,True
looping,20,3,LeCaR-inspired,LeCaR,3000,0,3000,0.0,1.0,0.0,1233,-143.30900243309003,loss,0.006357208942063153,0.0,,0,7283243027692018998,10079048894251735585,9082294608158945152,af9df31b418f6d884bb83316866ac570006c8b25eb8f398e6798865695cb6aee,25,True
looping,20,3,RL-Windowed,RL-Adaptive (windowed),3000,1767,1233,0.589,0.411,100.0,1233,0.0,tie,0.002562916954047978,0.06594362494070083,"{""FIFO"": 0, ""LFU"": 0, ""LRU"": 0, ""MRU"": 60}",2,7283243027692018998,10079048894251735585,9082294608158945152,af9df31b418f6d884bb83316866ac570006c8b25eb8f398e6798865695cb6aee,25,True
looping,20,3,RL-FixedCommit-20,RL-Adaptive (per-eviction),3000,1767,1233,0.589,0.411,100.0,1233,0.0,tie,0.0023969579488039017,0.07297429197933525,"{""FIFO"": 0, ""LFU"": 0, ""LRU"": 0, ""MRU"": 1213}",1,7283243027692018998,10079048894251735585,9082294608158945152,af9df31b418f6d884bb83316866ac570006c8b25eb8f398e6798865695cb6aee,25,True
looping,20,4,FIFO,FIFO,3000,0,3000,0.0,1.0,0.0,1233,-143.30900243309003,loss,0.003372458042576909,0.0,,0,3716254645054518530,6684863562634725967,16796672573929133427,af9df31b418f6d884bb83316866ac570006c8b25eb8f398e6798865695cb6aee,25,True
looping,20,4,LRU,LRU,3000,0,3000,0.0,1.0,0.0,1233,-143.30900243309003,loss,0.0033542499877512455,0.0,,0,3716254645054518530,6684863562634725967,16796672573929133427,af9df31b418f6d884bb83316866ac570006c8b25eb8f398e6798865695cb6aee,25,True
looping,20,4,LFU,LFU,3000,0,3000,0.0,1.0,0.0,1233,-143.30900243309003,loss,0.0045848749577999115,0.0,,0,3716254645054518530,6684863562634725967,16796672573929133427,af9df31b418f6d884bb83316866ac570006c8b25eb8f398e6798865695cb6aee,25,True
looping,20,4,MRU,MRU,3000,1767,1233,0.589,0.411,100.0,1233,0.0,tie,0.0016810839297249913,0.0,,0,3716254645054518530,6684863562634725967,16796672573929133427,af9df31b418f6d884bb83316866ac570006c8b25eb8f398e6798865695cb6aee,25,True
looping,20,4,OPT,OPT,3000,1767,1233,0.589,0.411,100.0,1233,0.0,tie,0.0036005839938297868,0.0,,0,3716254645054518530,6684863562634725967,16796672573929133427,af9df31b418f6d884bb83316866ac570006c8b25eb8f398e6798865695cb6aee,25,True
looping,20,4,LeCaR-inspired,LeCaR,3000,0,3000,0.0,1.0,0.0,1233,-143.30900243309003,loss,0.006386833032593131,0.0,,0,3716254645054518530,6684863562634725967,16796672573929133427,af9df31b418f6d884bb83316866ac570006c8b25eb8f398e6798865695cb6aee,25,True
looping,20,4,RL-Windowed,RL-Adaptive (windowed),3000,1767,1233,0.589,0.411,100.0,1233,0.0,tie,0.0025235830107703805,0.06680024997331202,"{""FIFO"": 0, ""LFU"": 0, ""LRU"": 0, ""MRU"": 60}",2,3716254645054518530,6684863562634725967,16796672573929133427,af9df31b418f6d884bb83316866ac570006c8b25eb8f398e6798865695cb6aee,25,True
looping,20,4,RL-FixedCommit-20,RL-Adaptive (per-eviction),3000,1767,1233,0.589,0.411,100.0,1233,0.0,tie,0.0024008750915527344,0.07365741697140038,"{""FIFO"": 0, ""LFU"": 0, ""LRU"": 0, ""MRU"": 1213}",1,3716254645054518530,6684863562634725967,16796672573929133427,af9df31b418f6d884bb83316866ac570006c8b25eb8f398e6798865695cb6aee,25,True
looping,20,5,FIFO,FIFO,3000,0,3000,0.0,1.0,0.0,1233,-143.30900243309003,loss,0.0033950000070035458,0.0,,0,10447825919995985294,7223116969223866713,18251062894391539934,af9df31b418f6d884bb83316866ac570006c8b25eb8f398e6798865695cb6aee,25,True
looping,20,5,LRU,LRU,3000,0,3000,0.0,1.0,0.0,1233,-143.30900243309003,loss,0.003356209024786949,0.0,,0,10447825919995985294,7223116969223866713,18251062894391539934,af9df31b418f6d884bb83316866ac570006c8b25eb8f398e6798865695cb6aee,25,True
looping,20,5,LFU,LFU,3000,0,3000,0.0,1.0,0.0,1233,-143.30900243309003,loss,0.004553667036816478,0.0,,0,10447825919995985294,7223116969223866713,18251062894391539934,af9df31b418f6d884bb83316866ac570006c8b25eb8f398e6798865695cb6aee,25,True
looping,20,5,MRU,MRU,3000,1767,1233,0.589,0.411,100.0,1233,0.0,tie,0.0016844169003888965,0.0,,0,10447825919995985294,7223116969223866713,18251062894391539934,af9df31b418f6d884bb83316866ac570006c8b25eb8f398e6798865695cb6aee,25,True
looping,20,5,OPT,OPT,3000,1767,1233,0.589,0.411,100.0,1233,0.0,tie,0.003553417045623064,0.0,,0,10447825919995985294,7223116969223866713,18251062894391539934,af9df31b418f6d884bb83316866ac570006c8b25eb8f398e6798865695cb6aee,25,True
looping,20,5,LeCaR-inspired,LeCaR,3000,0,3000,0.0,1.0,0.0,1233,-143.30900243309003,loss,0.006275041028857231,0.0,,0,10447825919995985294,7223116969223866713,18251062894391539934,af9df31b418f6d884bb83316866ac570006c8b25eb8f398e6798865695cb6aee,25,True
looping,20,5,RL-Windowed,RL-Adaptive (windowed),3000,1748,1252,0.5826666666666667,0.41733333333333333,98.9247311827957,1233,-1.5409570154095702,loss,0.0026066249702125788,0.06588900007773191,"{""FIFO"": 0, ""LFU"": 1, ""LRU"": 0, ""MRU"": 59}",2,10447825919995985294,7223116969223866713,18251062894391539934,af9df31b418f6d884bb83316866ac570006c8b25eb8f398e6798865695cb6aee,25,True
looping,20,5,RL-FixedCommit-20,RL-Adaptive (per-eviction),3000,1767,1233,0.589,0.411,100.0,1233,0.0,tie,0.0023854580940678716,0.07276858307886869,"{""FIFO"": 0, ""LFU"": 0, ""LRU"": 0, ""MRU"": 1213}",1,10447825919995985294,7223116969223866713,18251062894391539934,af9df31b418f6d884bb83316866ac570006c8b25eb8f398e6798865695cb6aee,25,True
looping,20,6,FIFO,FIFO,3000,0,3000,0.0,1.0,0.0,1233,-143.30900243309003,loss,0.0033710000570863485,0.0,,0,15554329986747002259,5861939682205000659,15937001724186738204,af9df31b418f6d884bb83316866ac570006c8b25eb8f398e6798865695cb6aee,25,True
looping,20,6,LRU,LRU,3000,0,3000,0.0,1.0,0.0,1233,-143.30900243309003,loss,0.0033655829029157758,0.0,,0,15554329986747002259,5861939682205000659,15937001724186738204,af9df31b418f6d884bb83316866ac570006c8b25eb8f398e6798865695cb6aee,25,True
looping,20,6,LFU,LFU,3000,0,3000,0.0,1.0,0.0,1233,-143.30900243309003,loss,0.004591208999045193,0.0,,0,15554329986747002259,5861939682205000659,15937001724186738204,af9df31b418f6d884bb83316866ac570006c8b25eb8f398e6798865695cb6aee,25,True
looping,20,6,MRU,MRU,3000,1767,1233,0.589,0.411,100.0,1233,0.0,tie,0.001684917020611465,0.0,,0,15554329986747002259,5861939682205000659,15937001724186738204,af9df31b418f6d884bb83316866ac570006c8b25eb8f398e6798865695cb6aee,25,True
looping,20,6,OPT,OPT,3000,1767,1233,0.589,0.411,100.0,1233,0.0,tie,0.003552375012077391,0.0,,0,15554329986747002259,5861939682205000659,15937001724186738204,af9df31b418f6d884bb83316866ac570006c8b25eb8f398e6798865695cb6aee,25,True
looping,20,6,LeCaR-inspired,LeCaR,3000,0,3000,0.0,1.0,0.0,1233,-143.30900243309003,loss,0.006746000028215349,0.0,,0,15554329986747002259,5861939682205000659,15937001724186738204,af9df31b418f6d884bb83316866ac570006c8b25eb8f398e6798865695cb6aee,25,True
looping,20,6,RL-Windowed,RL-Adaptive (windowed),3000,1748,1252,0.5826666666666667,0.41733333333333333,98.9247311827957,1233,-1.5409570154095702,loss,0.0026199170388281345,0.06652012502308935,"{""FIFO"": 0, ""LFU"": 0, ""LRU"": 1, ""MRU"": 59}",2,15554329986747002259,5861939682205000659,15937001724186738204,af9df31b418f6d884bb83316866ac570006c8b25eb8f398e6798865695cb6aee,25,True
looping,20,6,RL-FixedCommit-20,RL-Adaptive (per-eviction),3000,1767,1233,0.589,0.411,100.0,1233,0.0,tie,0.002406249986961484,0.07304233394097537,"{""FIFO"": 0, ""LFU"": 0, ""LRU"": 0, ""MRU"": 1213}",1,15554329986747002259,5861939682205000659,15937001724186738204,af9df31b418f6d884bb83316866ac570006c8b25eb8f398e6798865695cb6aee,25,True
looping,20,7,FIFO,FIFO,3000,0,3000,0.0,1.0,0.0,1233,-143.30900243309003,loss,0.0033584999619051814,0.0,,0,15177096086817970710,17575094424305188176,6811831629985665921,af9df31b418f6d884bb83316866ac570006c8b25eb8f398e6798865695cb6aee,25,True
looping,20,7,LRU,LRU,3000,0,3000,0.0,1.0,0.0,1233,-143.30900243309003,loss,0.0033510829089209437,0.0,,0,15177096086817970710,17575094424305188176,6811831629985665921,af9df31b418f6d884bb83316866ac570006c8b25eb8f398e6798865695cb6aee,25,True
looping,20,7,LFU,LFU,3000,0,3000,0.0,1.0,0.0,1233,-143.30900243309003,loss,0.0045115000102669,0.0,,0,15177096086817970710,17575094424305188176,6811831629985665921,af9df31b418f6d884bb83316866ac570006c8b25eb8f398e6798865695cb6aee,25,True
looping,20,7,MRU,MRU,3000,1767,1233,0.589,0.411,100.0,1233,0.0,tie,0.0016394170233979821,0.0,,0,15177096086817970710,17575094424305188176,6811831629985665921,af9df31b418f6d884bb83316866ac570006c8b25eb8f398e6798865695cb6aee,25,True
looping,20,7,OPT,OPT,3000,1767,1233,0.589,0.411,100.0,1233,0.0,tie,0.003491958021186292,0.0,,0,15177096086817970710,17575094424305188176,6811831629985665921,af9df31b418f6d884bb83316866ac570006c8b25eb8f398e6798865695cb6aee,25,True
looping,20,7,LeCaR-inspired,LeCaR,3000,0,3000,0.0,1.0,0.0,1233,-143.30900243309003,loss,0.006258625071495771,0.0,,0,15177096086817970710,17575094424305188176,6811831629985665921,af9df31b418f6d884bb83316866ac570006c8b25eb8f398e6798865695cb6aee,25,True
looping,20,7,RL-Windowed,RL-Adaptive (windowed),3000,1748,1252,0.5826666666666667,0.41733333333333333,98.9247311827957,1233,-1.5409570154095702,loss,0.0025948750553652644,0.06671087502036244,"{""FIFO"": 1, ""LFU"": 0, ""LRU"": 0, ""MRU"": 59}",2,15177096086817970710,17575094424305188176,6811831629985665921,af9df31b418f6d884bb83316866ac570006c8b25eb8f398e6798865695cb6aee,25,True
looping,20,7,RL-FixedCommit-20,RL-Adaptive (per-eviction),3000,1767,1233,0.589,0.411,100.0,1233,0.0,tie,0.0023924170527607203,0.0729763749986887,"{""FIFO"": 0, ""LFU"": 0, ""LRU"": 0, ""MRU"": 1213}",1,15177096086817970710,17575094424305188176,6811831629985665921,af9df31b418f6d884bb83316866ac570006c8b25eb8f398e6798865695cb6aee,25,True
looping,20,8,FIFO,FIFO,3000,0,3000,0.0,1.0,0.0,1233,-143.30900243309003,loss,0.0034113340079784393,0.0,,0,16519217717686200985,16946075607272909734,15744468324275009642,af9df31b418f6d884bb83316866ac570006c8b25eb8f398e6798865695cb6aee,25,True
looping,20,8,LRU,LRU,3000,0,3000,0.0,1.0,0.0,1233,-143.30900243309003,loss,0.0033727079862728715,0.0,,0,16519217717686200985,16946075607272909734,15744468324275009642,af9df31b418f6d884bb83316866ac570006c8b25eb8f398e6798865695cb6aee,25,True
looping,20,8,LFU,LFU,3000,0,3000,0.0,1.0,0.0,1233,-143.30900243309003,loss,0.004594791913405061,0.0,,0,16519217717686200985,16946075607272909734,15744468324275009642,af9df31b418f6d884bb83316866ac570006c8b25eb8f398e6798865695cb6aee,25,True
looping,20,8,MRU,MRU,3000,1767,1233,0.589,0.411,100.0,1233,0.0,tie,0.0016724580200389028,0.0,,0,16519217717686200985,16946075607272909734,15744468324275009642,af9df31b418f6d884bb83316866ac570006c8b25eb8f398e6798865695cb6aee,25,True
looping,20,8,OPT,OPT,3000,1767,1233,0.589,0.411,100.0,1233,0.0,tie,0.0035514580085873604,0.0,,0,16519217717686200985,16946075607272909734,15744468324275009642,af9df31b418f6d884bb83316866ac570006c8b25eb8f398e6798865695cb6aee,25,True
looping,20,8,LeCaR-inspired,LeCaR,3000,0,3000,0.0,1.0,0.0,1233,-143.30900243309003,loss,0.006373082986101508,0.0,,0,16519217717686200985,16946075607272909734,15744468324275009642,af9df31b418f6d884bb83316866ac570006c8b25eb8f398e6798865695cb6aee,25,True
looping,20,8,RL-Windowed,RL-Adaptive (windowed),3000,1767,1233,0.589,0.411,100.0,1233,0.0,tie,0.002526707947254181,0.06583854206837714,"{""FIFO"": 0, ""LFU"": 0, ""LRU"": 0, ""MRU"": 60}",2,16519217717686200985,16946075607272909734,15744468324275009642,af9df31b418f6d884bb83316866ac570006c8b25eb8f398e6798865695cb6aee,25,True
looping,20,8,RL-FixedCommit-20,RL-Adaptive (per-eviction),3000,1767,1233,0.589,0.411,100.0,1233,0.0,tie,0.0023459160001948476,0.0719361660303548,"{""FIFO"": 0, ""LFU"": 0, ""LRU"": 0, ""MRU"": 1213}",1,16519217717686200985,16946075607272909734,15744468324275009642,af9df31b418f6d884bb83316866ac570006c8b25eb8f398e6798865695cb6aee,25,True
looping,20,9,FIFO,FIFO,3000,0,3000,0.0,1.0,0.0,1233,-143.30900243309003,loss,0.003301749937236309,0.0,,0,15170107347423629164,11479268476865684775,17875655225067161016,af9df31b418f6d884bb83316866ac570006c8b25eb8f398e6798865695cb6aee,25,True
looping,20,9,LRU,LRU,3000,0,3000,0.0,1.0,0.0,1233,-143.30900243309003,loss,0.00335462496150285,0.0,,0,15170107347423629164,11479268476865684775,17875655225067161016,af9df31b418f6d884bb83316866ac570006c8b25eb8f398e6798865695cb6aee,25,True
looping,20,9,LFU,LFU,3000,0,3000,0.0,1.0,0.0,1233,-143.30900243309003,loss,0.00457637500949204,0.0,,0,15170107347423629164,11479268476865684775,17875655225067161016,af9df31b418f6d884bb83316866ac570006c8b25eb8f398e6798865695cb6aee,25,True
looping,20,9,MRU,MRU,3000,1767,1233,0.589,0.411,100.0,1233,0.0,tie,0.0016722920117899776,0.0,,0,15170107347423629164,11479268476865684775,17875655225067161016,af9df31b418f6d884bb83316866ac570006c8b25eb8f398e6798865695cb6aee,25,True
looping,20,9,OPT,OPT,3000,1767,1233,0.589,0.411,100.0,1233,0.0,tie,0.003550875000655651,0.0,,0,15170107347423629164,11479268476865684775,17875655225067161016,af9df31b418f6d884bb83316866ac570006c8b25eb8f398e6798865695cb6aee,25,True
looping,20,9,LeCaR-inspired,LeCaR,3000,0,3000,0.0,1.0,0.0,1233,-143.30900243309003,loss,0.006375208962708712,0.0,,0,15170107347423629164,11479268476865684775,17875655225067161016,af9df31b418f6d884bb83316866ac570006c8b25eb8f398e6798865695cb6aee,25,True
looping,20,9,RL-Windowed,RL-Adaptive (windowed),3000,1748,1252,0.5826666666666667,0.41733333333333333,98.9247311827957,1233,-1.5409570154095702,loss,0.0025398749858140945,0.06575783295556903,"{""FIFO"": 0, ""LFU"": 0, ""LRU"": 1, ""MRU"": 59}",2,15170107347423629164,11479268476865684775,17875655225067161016,af9df31b418f6d884bb83316866ac570006c8b25eb8f398e6798865695cb6aee,25,True
looping,20,9,RL-FixedCommit-20,RL-Adaptive (per-eviction),3000,1767,1233,0.589,0.411,100.0,1233,0.0,tie,0.0023887079441919923,0.07269166701007634,"{""FIFO"": 0, ""LFU"": 0, ""LRU"": 0, ""MRU"": 1213}",1,15170107347423629164,11479268476865684775,17875655225067161016,af9df31b418f6d884bb83316866ac570006c8b25eb8f398e6798865695cb6aee,25,True
looping,40,0,FIFO,FIFO,3000,2967,33,0.989,0.011,,33,0.0,tie,0.0004534580511972308,0.0,,0,999999,42,0,af9df31b418f6d884bb83316866ac570006c8b25eb8f398e6798865695cb6aee,25,True
looping,40,0,LRU,LRU,3000,2967,33,0.989,0.011,,33,0.0,tie,0.00045366608537733555,0.0,,0,999999,42,0,af9df31b418f6d884bb83316866ac570006c8b25eb8f398e6798865695cb6aee,25,True
looping,40,0,LFU,LFU,3000,2967,33,0.989,0.011,,33,0.0,tie,0.0004522500094026327,0.0,,0,999999,42,0,af9df31b418f6d884bb83316866ac570006c8b25eb8f398e6798865695cb6aee,25,True
looping,40,0,MRU,MRU,3000,2967,33,0.989,0.011,,33,0.0,tie,0.00045070808846503496,0.0,,0,999999,42,0,af9df31b418f6d884bb83316866ac570006c8b25eb8f398e6798865695cb6aee,25,True
looping,40,0,OPT,OPT,3000,2967,33,0.989,0.011,,33,0.0,tie,0.00022170902229845524,0.0,,0,999999,42,0,af9df31b418f6d884bb83316866ac570006c8b25eb8f398e6798865695cb6aee,25,True
looping,40,0,LeCaR-inspired,LeCaR,3000,2967,33,0.989,0.011,,33,0.0,tie,0.0005150410579517484,0.0,,0,999999,42,0,af9df31b418f6d884bb83316866ac570006c8b25eb8f398e6798865695cb6aee,25,True
looping,40,0,RL-Windowed,RL-Adaptive (windowed),3000,2967,33,0.989,0.011,,33,0.0,tie,0.0013225420843809843,0.03430195897817612,"{""FIFO"": 1, ""LFU"": 0, ""LRU"": 59, ""MRU"": 0}",2,999999,42,0,af9df31b418f6d884bb83316866ac570006c8b25eb8f398e6798865695cb6aee,25,True
looping,40,0,RL-FixedCommit-20,RL-Adaptive (per-eviction),3000,2967,33,0.989,0.011,,33,0.0,tie,0.000562791945412755,0.014029625104740262,"{""FIFO"": 0, ""LFU"": 0, ""LRU"": 0, ""MRU"": 0}",0,999999,42,0,af9df31b418f6d884bb83316866ac570006c8b25eb8f398e6798865695cb6aee,25,True
looping,40,1,FIFO,FIFO,3000,2967,33,0.989,0.011,,33,0.0,tie,0.00044487498234957457,0.0,,0,8799092970049070970,17771327585692197403,99572980905330575,af9df31b418f6d884bb83316866ac570006c8b25eb8f398e6798865695cb6aee,25,True
looping,40,1,LRU,LRU,3000,2967,33,0.989,0.011,,33,0.0,tie,0.0004425420193001628,0.0,,0,8799092970049070970,17771327585692197403,99572980905330575,af9df31b418f6d884bb83316866ac570006c8b25eb8f398e6798865695cb6aee,25,True
looping,40,1,LFU,LFU,3000,2967,33,0.989,0.011,,33,0.0,tie,0.00044495798647403717,0.0,,0,8799092970049070970,17771327585692197403,99572980905330575,af9df31b418f6d884bb83316866ac570006c8b25eb8f398e6798865695cb6aee,25,True
looping,40,1,MRU,MRU,3000,2967,33,0.989,0.011,,33,0.0,tie,0.0004424159415066242,0.0,,0,8799092970049070970,17771327585692197403,99572980905330575,af9df31b418f6d884bb83316866ac570006c8b25eb8f398e6798865695cb6aee,25,True
looping,40,1,OPT,OPT,3000,2967,33,0.989,0.011,,33,0.0,tie,0.00021854089573025703,0.0,,0,8799092970049070970,17771327585692197403,99572980905330575,af9df31b418f6d884bb83316866ac570006c8b25eb8f398e6798865695cb6aee,25,True
looping,40,1,LeCaR-inspired,LeCaR,3000,2967,33,0.989,0.011,,33,0.0,tie,0.0005036669317632914,0.0,,0,8799092970049070970,17771327585692197403,99572980905330575,af9df31b418f6d884bb83316866ac570006c8b25eb8f398e6798865695cb6aee,25,True
looping,40,1,RL-Windowed,RL-Adaptive (windowed),3000,2967,33,0.989,0.011,,33,0.0,tie,0.001360250054858625,0.03390275000128895,"{""FIFO"": 59, ""LFU"": 0, ""LRU"": 1, ""MRU"": 0}",2,8799092970049070970,17771327585692197403,99572980905330575,af9df31b418f6d884bb83316866ac570006c8b25eb8f398e6798865695cb6aee,25,True
looping,40,1,RL-FixedCommit-20,RL-Adaptive (per-eviction),3000,2967,33,0.989,0.011,,33,0.0,tie,0.0005726669915020466,0.014343417016789317,"{""FIFO"": 0, ""LFU"": 0, ""LRU"": 0, ""MRU"": 0}",0,8799092970049070970,17771327585692197403,99572980905330575,af9df31b418f6d884bb83316866ac570006c8b25eb8f398e6798865695cb6aee,25,True
looping,40,2,FIFO,FIFO,3000,2967,33,0.989,0.011,,33,0.0,tie,0.00045366701669991016,0.0,,0,17398478001489262390,1974084707142826050,3909086558387047501,af9df31b418f6d884bb83316866ac570006c8b25eb8f398e6798865695cb6aee,25,True
looping,40,2,LRU,LRU,3000,2967,33,0.989,0.011,,33,0.0,tie,0.0004514580359682441,0.0,,0,17398478001489262390,1974084707142826050,3909086558387047501,af9df31b418f6d884bb83316866ac570006c8b25eb8f398e6798865695cb6aee,25,True
looping,40,2,LFU,LFU,3000,2967,33,0.989,0.011,,33,0.0,tie,0.00045066606253385544,0.0,,0,17398478001489262390,1974084707142826050,3909086558387047501,af9df31b418f6d884bb83316866ac570006c8b25eb8f398e6798865695cb6aee,25,True
looping,40,2,MRU,MRU,3000,2967,33,0.989,0.011,,33,0.0,tie,0.0004537920467555523,0.0,,0,17398478001489262390,1974084707142826050,3909086558387047501,af9df31b418f6d884bb83316866ac570006c8b25eb8f398e6798865695cb6aee,25,True
looping,40,2,OPT,OPT,3000,2967,33,0.989,0.011,,33,0.0,tie,0.00022191600874066353,0.0,,0,17398478001489262390,1974084707142826050,3909086558387047501,af9df31b418f6d884bb83316866ac570006c8b25eb8f398e6798865695cb6aee,25,True
looping,40,2,LeCaR-inspired,LeCaR,3000,2967,33,0.989,0.011,,33,0.0,tie,0.0005133340600878,0.0,,0,17398478001489262390,1974084707142826050,3909086558387047501,af9df31b418f6d884bb83316866ac570006c8b25eb8f398e6798865695cb6aee,25,True
looping,40,2,RL-Windowed,RL-Adaptive (windowed),3000,2967,33,0.989,0.011,,33,0.0,tie,0.0013186250580474734,0.034314417047426105,"{""FIFO"": 0, ""LFU"": 0, ""LRU"": 0, ""MRU"": 60}",2,17398478001489262390,1974084707142826050,3909086558387047501,af9df31b418f6d884bb83316866ac570006c8b25eb8f398e6798865695cb6aee,25,True
looping,40,2,RL-FixedCommit-20,RL-Adaptive (per-eviction),3000,2967,33,0.989,0.011,,33,0.0,tie,0.0005623330362141132,0.014093332923948765,"{""FIFO"": 0, ""LFU"": 0, ""LRU"": 0, ""MRU"": 0}",0,17398478001489262390,1974084707142826050,3909086558387047501,af9df31b418f6d884bb83316866ac570006c8b25eb8f398e6798865695cb6aee,25,True
looping,40,3,FIFO,FIFO,3000,2967,33,0.989,0.011,,33,0.0,tie,0.00044420803897082806,0.0,,0,7283243027692018998,10079048894251735585,9082294608158945152,af9df31b418f6d884bb83316866ac570006c8b25eb8f398e6798865695cb6aee,25,True
looping,40,3,LRU,LRU,3000,2967,33,0.989,0.011,,33,0.0,tie,0.0004452080465853214,0.0,,0,7283243027692018998,10079048894251735585,9082294608158945152,af9df31b418f6d884bb83316866ac570006c8b25eb8f398e6798865695cb6aee,25,True
looping,40,3,LFU,LFU,3000,2967,33,0.989,0.011,,33,0.0,tie,0.00044304190669208765,0.0,,0,7283243027692018998,10079048894251735585,9082294608158945152,af9df31b418f6d884bb83316866ac570006c8b25eb8f398e6798865695cb6aee,25,True
looping,40,3,MRU,MRU,3000,2967,33,0.989,0.011,,33,0.0,tie,0.0004444170044735074,0.0,,0,7283243027692018998,10079048894251735585,9082294608158945152,af9df31b418f6d884bb83316866ac570006c8b25eb8f398e6798865695cb6aee,25,True
looping,40,3,OPT,OPT,3000,2967,33,0.989,0.011,,33,0.0,tie,0.0002210419625043869,0.0,,0,7283243027692018998,10079048894251735585,9082294608158945152,af9df31b418f6d884bb83316866ac570006c8b25eb8f398e6798865695cb6aee,25,True
looping,40,3,LeCaR-inspired,LeCaR,3000,2967,33,0.989,0.011,,33,0.0,tie,0.0005032080225646496,0.0,,0,7283243027692018998,10079048894251735585,9082294608158945152,af9df31b418f6d884bb83316866ac570006c8b25eb8f398e6798865695cb6aee,25,True
looping,40,3,RL-Windowed,RL-Adaptive (windowed),3000,2967,33,0.989,0.011,,33,0.0,tie,0.001324790995568037,0.03395037492737174,"{""FIFO"": 0, ""LFU"": 0, ""LRU"": 0, ""MRU"": 60}",2,7283243027692018998,10079048894251735585,9082294608158945152,af9df31b418f6d884bb83316866ac570006c8b25eb8f398e6798865695cb6aee,25,True
looping,40,3,RL-FixedCommit-20,RL-Adaptive (per-eviction),3000,2967,33,0.989,0.011,,33,0.0,tie,0.0005614999681711197,0.01399679109454155,"{""FIFO"": 0, ""LFU"": 0, ""LRU"": 0, ""MRU"": 0}",0,7283243027692018998,10079048894251735585,9082294608158945152,af9df31b418f6d884bb83316866ac570006c8b25eb8f398e6798865695cb6aee,25,True
looping,40,4,FIFO,FIFO,3000,2967,33,0.989,0.011,,33,0.0,tie,0.0004563330439850688,0.0,,0,3716254645054518530,6684863562634725967,16796672573929133427,af9df31b418f6d884bb83316866ac570006c8b25eb8f398e6798865695cb6aee,25,True
looping,40,4,LRU,LRU,3000,2967,33,0.989,0.011,,33,0.0,tie,0.0004550419980660081,0.0,,0,3716254645054518530,6684863562634725967,16796672573929133427,af9df31b418f6d884bb83316866ac570006c8b25eb8f398e6798865695cb6aee,25,True
looping,40,4,LFU,LFU,3000,2967,33,0.989,0.011,,33,0.0,tie,0.00045429193414747715,0.0,,0,3716254645054518530,6684863562634725967,16796672573929133427,af9df31b418f6d884bb83316866ac570006c8b25eb8f398e6798865695cb6aee,25,True
looping,40,4,MRU,MRU,3000,2967,33,0.989,0.011,,33,0.0,tie,0.0004537920467555523,0.0,,0,3716254645054518530,6684863562634725967,16796672573929133427,af9df31b418f6d884bb83316866ac570006c8b25eb8f398e6798865695cb6aee,25,True
looping,40,4,OPT,OPT,3000,2967,33,0.989,0.011,,33,0.0,tie,0.0002187080681324005,0.0,,0,3716254645054518530,6684863562634725967,16796672573929133427,af9df31b418f6d884bb83316866ac570006c8b25eb8f398e6798865695cb6aee,25,True
looping,40,4,LeCaR-inspired,LeCaR,3000,2967,33,0.989,0.011,,33,0.0,tie,0.0005137920379638672,0.0,,0,3716254645054518530,6684863562634725967,16796672573929133427,af9df31b418f6d884bb83316866ac570006c8b25eb8f398e6798865695cb6aee,25,True
looping,40,4,RL-Windowed,RL-Adaptive (windowed),3000,2967,33,0.989,0.011,,33,0.0,tie,0.0013615830102935433,0.034216250060126185,"{""FIFO"": 0, ""LFU"": 60, ""LRU"": 0, ""MRU"": 0}",2,3716254645054518530,6684863562634725967,16796672573929133427,af9df31b418f6d884bb83316866ac570006c8b25eb8f398e6798865695cb6aee,25,True
looping,40,4,RL-FixedCommit-20,RL-Adaptive (per-eviction),3000,2967,33,0.989,0.011,,33,0.0,tie,0.0005702079506590962,0.014368332922458649,"{""FIFO"": 0, ""LFU"": 0, ""LRU"": 0, ""MRU"": 0}",0,3716254645054518530,6684863562634725967,16796672573929133427,af9df31b418f6d884bb83316866ac570006c8b25eb8f398e6798865695cb6aee,25,True
looping,40,5,FIFO,FIFO,3000,2967,33,0.989,0.011,,33,0.0,tie,0.0004533750470727682,0.0,,0,10447825919995985294,7223116969223866713,18251062894391539934,af9df31b418f6d884bb83316866ac570006c8b25eb8f398e6798865695cb6aee,25,True
looping,40,5,LRU,LRU,3000,2967,33,0.989,0.011,,33,0.0,tie,0.0004520830698311329,0.0,,0,10447825919995985294,7223116969223866713,18251062894391539934,af9df31b418f6d884bb83316866ac570006c8b25eb8f398e6798865695cb6aee,25,True
looping,40,5,LFU,LFU,3000,2967,33,0.989,0.011,,33,0.0,tie,0.00045358308125287294,0.0,,0,10447825919995985294,7223116969223866713,18251062894391539934,af9df31b418f6d884bb83316866ac570006c8b25eb8f398e6798865695cb6aee,25,True
looping,40,5,MRU,MRU,3000,2967,33,0.989,0.011,,33,0.0,tie,0.00045054208021610975,0.0,,0,10447825919995985294,7223116969223866713,18251062894391539934,af9df31b418f6d884bb83316866ac570006c8b25eb8f398e6798865695cb6aee,25,True
looping,40,5,OPT,OPT,3000,2967,33,0.989,0.011,,33,0.0,tie,0.00022854097187519073,0.0,,0,10447825919995985294,7223116969223866713,18251062894391539934,af9df31b418f6d884bb83316866ac570006c8b25eb8f398e6798865695cb6aee,25,True
looping,40,5,LeCaR-inspired,LeCaR,3000,2967,33,0.989,0.011,,33,0.0,tie,0.0005144999595358968,0.0,,0,10447825919995985294,7223116969223866713,18251062894391539934,af9df31b418f6d884bb83316866ac570006c8b25eb8f398e6798865695cb6aee,25,True
looping,40,5,RL-Windowed,RL-Adaptive (windowed),3000,2967,33,0.989,0.011,,33,0.0,tie,0.0013461249182000756,0.034807374933734536,"{""FIFO"": 0, ""LFU"": 1, ""LRU"": 0, ""MRU"": 59}",2,10447825919995985294,7223116969223866713,18251062894391539934,af9df31b418f6d884bb83316866ac570006c8b25eb8f398e6798865695cb6aee,25,True
looping,40,5,RL-FixedCommit-20,RL-Adaptive (per-eviction),3000,2967,33,0.989,0.011,,33,0.0,tie,0.0005732919089496136,0.014363458030857146,"{""FIFO"": 0, ""LFU"": 0, ""LRU"": 0, ""MRU"": 0}",0,10447825919995985294,7223116969223866713,18251062894391539934,af9df31b418f6d884bb83316866ac570006c8b25eb8f398e6798865695cb6aee,25,True
looping,40,6,FIFO,FIFO,3000,2967,33,0.989,0.011,,33,0.0,tie,0.00044700002763420343,0.0,,0,15554329986747002259,5861939682205000659,15937001724186738204,af9df31b418f6d884bb83316866ac570006c8b25eb8f398e6798865695cb6aee,25,True
looping,40,6,LRU,LRU,3000,2967,33,0.989,0.011,,33,0.0,tie,0.0004430420231074095,0.0,,0,15554329986747002259,5861939682205000659,15937001724186738204,af9df31b418f6d884bb83316866ac570006c8b25eb8f398e6798865695cb6aee,25,True
looping,40,6,LFU,LFU,3000,2967,33,0.989,0.011,,33,0.0,tie,0.00044408300891518593,0.0,,0,15554329986747002259,5861939682205000659,15937001724186738204,af9df31b418f6d884bb83316866ac570006c8b25eb8f398e6798865695cb6aee,25,True
looping,40,6,MRU,MRU,3000,2967,33,0.989,0.011,,33,0.0,tie,0.0004427079111337662,0.0,,0,15554329986747002259,5861939682205000659,15937001724186738204,af9df31b418f6d884bb83316866ac570006c8b25eb8f398e6798865695cb6aee,25,True
looping,40,6,OPT,OPT,3000,2967,33,0.989,0.011,,33,0.0,tie,0.0002198750153183937,0.0,,0,15554329986747002259,5861939682205000659,15937001724186738204,af9df31b418f6d884bb83316866ac570006c8b25eb8f398e6798865695cb6aee,25,True
looping,40,6,LeCaR-inspired,LeCaR,3000,2967,33,0.989,0.011,,33,0.0,tie,0.0005341659998521209,0.0,,0,15554329986747002259,5861939682205000659,15937001724186738204,af9df31b418f6d884bb83316866ac570006c8b25eb8f398e6798865695cb6aee,25,True
looping,40,6,RL-Windowed,RL-Adaptive (windowed),3000,2967,33,0.989,0.011,,33,0.0,tie,0.0013474579900503159,0.03429141698870808,"{""FIFO"": 0, ""LFU"": 60, ""LRU"": 0, ""MRU"": 0}",2,15554329986747002259,5861939682205000659,15937001724186738204,af9df31b418f6d884bb83316866ac570006c8b25eb8f398e6798865695cb6aee,25,True
looping,40,6,RL-FixedCommit-20,RL-Adaptive (per-eviction),3000,2967,33,0.989,0.011,,33,0.0,tie,0.0005716249579563737,0.014374374994076788,"{""FIFO"": 0, ""LFU"": 0, ""LRU"": 0, ""MRU"": 0}",0,15554329986747002259,5861939682205000659,15937001724186738204,af9df31b418f6d884bb83316866ac570006c8b25eb8f398e6798865695cb6aee,25,True
looping,40,7,FIFO,FIFO,3000,2967,33,0.989,0.011,,33,0.0,tie,0.0004540419904515147,0.0,,0,15177096086817970710,17575094424305188176,6811831629985665921,af9df31b418f6d884bb83316866ac570006c8b25eb8f398e6798865695cb6aee,25,True
looping,40,7,LRU,LRU,3000,2967,33,0.989,0.011,,33,0.0,tie,0.00045362499076873064,0.0,,0,15177096086817970710,17575094424305188176,6811831629985665921,af9df31b418f6d884bb83316866ac570006c8b25eb8f398e6798865695cb6aee,25,True
looping,40,7,LFU,LFU,3000,2967,33,0.989,0.011,,33,0.0,tie,0.00045091600622981787,0.0,,0,15177096086817970710,17575094424305188176,6811831629985665921,af9df31b418f6d884bb83316866ac570006c8b25eb8f398e6798865695cb6aee,25,True
looping,40,7,MRU,MRU,3000,2967,33,0.989,0.011,,33,0.0,tie,0.00045145791955292225,0.0,,0,15177096086817970710,17575094424305188176,6811831629985665921,af9df31b418f6d884bb83316866ac570006c8b25eb8f398e6798865695cb6aee,25,True
looping,40,7,OPT,OPT,3000,2967,33,0.989,0.011,,33,0.0,tie,0.0002263339702039957,0.0,,0,15177096086817970710,17575094424305188176,6811831629985665921,af9df31b418f6d884bb83316866ac570006c8b25eb8f398e6798865695cb6aee,25,True
looping,40,7,LeCaR-inspired,LeCaR,3000,2967,33,0.989,0.011,,33,0.0,tie,0.0005197080317884684,0.0,,0,15177096086817970710,17575094424305188176,6811831629985665921,af9df31b418f6d884bb83316866ac570006c8b25eb8f398e6798865695cb6aee,25,True
looping,40,7,RL-Windowed,RL-Adaptive (windowed),3000,2967,33,0.989,0.011,,33,0.0,tie,0.0013437500456348062,0.03446270793210715,"{""FIFO"": 0, ""LFU"": 0, ""LRU"": 1, ""MRU"": 59}",2,15177096086817970710,17575094424305188176,6811831629985665921,af9df31b418f6d884bb83316866ac570006c8b25eb8f398e6798865695cb6aee,25,True
looping,40,7,RL-FixedCommit-20,RL-Adaptive (per-eviction),3000,2967,33,0.989,0.011,,33,0.0,tie,0.0005719170439988375,0.014291167026385665,"{""FIFO"": 0, ""LFU"": 0, ""LRU"": 0, ""MRU"": 0}",0,15177096086817970710,17575094424305188176,6811831629985665921,af9df31b418f6d884bb83316866ac570006c8b25eb8f398e6798865695cb6aee,25,True
looping,40,8,FIFO,FIFO,3000,2967,33,0.989,0.011,,33,0.0,tie,0.00045312498696148396,0.0,,0,16519217717686200985,16946075607272909734,15744468324275009642,af9df31b418f6d884bb83316866ac570006c8b25eb8f398e6798865695cb6aee,25,True
looping,40,8,LRU,LRU,3000,2967,33,0.989,0.011,,33,0.0,tie,0.0004539999645203352,0.0,,0,16519217717686200985,16946075607272909734,15744468324275009642,af9df31b418f6d884bb83316866ac570006c8b25eb8f398e6798865695cb6aee,25,True
looping,40,8,LFU,LFU,3000,2967,33,0.989,0.011,,33,0.0,tie,0.000450958963483572,0.0,,0,16519217717686200985,16946075607272909734,15744468324275009642,af9df31b418f6d884bb83316866ac570006c8b25eb8f398e6798865695cb6aee,25,True
looping,40,8,MRU,MRU,3000,2967,33,0.989,0.011,,33,0.0,tie,0.0004512079758569598,0.0,,0,16519217717686200985,16946075607272909734,15744468324275009642,af9df31b418f6d884bb83316866ac570006c8b25eb8f398e6798865695cb6aee,25,True
looping,40,8,OPT,OPT,3000,2967,33,0.989,0.011,,33,0.0,tie,0.00022570800501853228,0.0,,0,16519217717686200985,16946075607272909734,15744468324275009642,af9df31b418f6d884bb83316866ac570006c8b25eb8f398e6798865695cb6aee,25,True
looping,40,8,LeCaR-inspired,LeCaR,3000,2967,33,0.989,0.011,,33,0.0,tie,0.0005154159152880311,0.0,,0,16519217717686200985,16946075607272909734,15744468324275009642,af9df31b418f6d884bb83316866ac570006c8b25eb8f398e6798865695cb6aee,25,True
looping,40,8,RL-Windowed,RL-Adaptive (windowed),3000,2967,33,0.989,0.011,,33,0.0,tie,0.0013499580090865493,0.034492708975449204,"{""FIFO"": 0, ""LFU"": 0, ""LRU"": 59, ""MRU"": 1}",2,16519217717686200985,16946075607272909734,15744468324275009642,af9df31b418f6d884bb83316866ac570006c8b25eb8f398e6798865695cb6aee,25,True
looping,40,8,RL-FixedCommit-20,RL-Adaptive (per-eviction),3000,2967,33,0.989,0.011,,33,0.0,tie,0.0005747079849243164,0.014355832943692803,"{""FIFO"": 0, ""LFU"": 0, ""LRU"": 0, ""MRU"": 0}",0,16519217717686200985,16946075607272909734,15744468324275009642,af9df31b418f6d884bb83316866ac570006c8b25eb8f398e6798865695cb6aee,25,True
looping,40,9,FIFO,FIFO,3000,2967,33,0.989,0.011,,33,0.0,tie,0.00045429193414747715,0.0,,0,15170107347423629164,11479268476865684775,17875655225067161016,af9df31b418f6d884bb83316866ac570006c8b25eb8f398e6798865695cb6aee,25,True
looping,40,9,LRU,LRU,3000,2967,33,0.989,0.011,,33,0.0,tie,0.0004511660663411021,0.0,,0,15170107347423629164,11479268476865684775,17875655225067161016,af9df31b418f6d884bb83316866ac570006c8b25eb8f398e6798865695cb6aee,25,True
looping,40,9,LFU,LFU,3000,2967,33,0.989,0.011,,33,0.0,tie,0.0004517909837886691,0.0,,0,15170107347423629164,11479268476865684775,17875655225067161016,af9df31b418f6d884bb83316866ac570006c8b25eb8f398e6798865695cb6aee,25,True
looping,40,9,MRU,MRU,3000,2967,33,0.989,0.011,,33,0.0,tie,0.00045379193034023046,0.0,,0,15170107347423629164,11479268476865684775,17875655225067161016,af9df31b418f6d884bb83316866ac570006c8b25eb8f398e6798865695cb6aee,25,True
looping,40,9,OPT,OPT,3000,2967,33,0.989,0.011,,33,0.0,tie,0.00022391602396965027,0.0,,0,15170107347423629164,11479268476865684775,17875655225067161016,af9df31b418f6d884bb83316866ac570006c8b25eb8f398e6798865695cb6aee,25,True
looping,40,9,LeCaR-inspired,LeCaR,3000,2967,33,0.989,0.011,,33,0.0,tie,0.0005127090262249112,0.0,,0,15170107347423629164,11479268476865684775,17875655225067161016,af9df31b418f6d884bb83316866ac570006c8b25eb8f398e6798865695cb6aee,25,True
looping,40,9,RL-Windowed,RL-Adaptive (windowed),3000,2967,33,0.989,0.011,,33,0.0,tie,0.0013575410703197122,0.034436041954904795,"{""FIFO"": 0, ""LFU"": 0, ""LRU"": 1, ""MRU"": 59}",2,15170107347423629164,11479268476865684775,17875655225067161016,af9df31b418f6d884bb83316866ac570006c8b25eb8f398e6798865695cb6aee,25,True
looping,40,9,RL-FixedCommit-20,RL-Adaptive (per-eviction),3000,2967,33,0.989,0.011,,33,0.0,tie,0.0005613749381154776,0.014033291954547167,"{""FIFO"": 0, ""LFU"": 0, ""LRU"": 0, ""MRU"": 0}",0,15170107347423629164,11479268476865684775,17875655225067161016,af9df31b418f6d884bb83316866ac570006c8b25eb8f398e6798865695cb6aee,25,True
locality,10,0,FIFO,FIFO,3000,893,2107,0.2976666666666667,0.7023333333333334,-5.430932703659967,1838,-14.635473340587595,loss,0.0020091249607503414,0.0,,0,999999,42,0,66ad0b4a2a3e096794b8cf6d6970364abe999322b32ecd58183b77b36db07da3,0,False
locality,10,0,LRU,LRU,3000,939,2061,0.313,0.687,0.0,1838,-12.132752992383026,loss,0.0020288750529289246,0.0,,0,999999,42,0,66ad0b4a2a3e096794b8cf6d6970364abe999322b32ecd58183b77b36db07da3,0,False
locality,10,0,LFU,LFU,3000,1162,1838,0.3873333333333333,0.6126666666666667,26.328217237308156,1838,0.0,tie,0.0021891670767217875,0.0,,0,999999,42,0,66ad0b4a2a3e096794b8cf6d6970364abe999322b32ecd58183b77b36db07da3,0,False
locality,10,0,MRU,MRU,3000,321,2679,0.107,0.893,-72.96340023612748,1838,-45.75625680087051,loss,0.002489167032763362,0.0,,0,999999,42,0,66ad0b4a2a3e096794b8cf6d6970364abe999322b32ecd58183b77b36db07da3,0,False
locality,10,0,OPT,OPT,3000,1786,1214,0.5953333333333334,0.4046666666666667,100.0,1838,33.949945593035906,win,0.0020479580853134394,0.0,,0,999999,42,0,66ad0b4a2a3e096794b8cf6d6970364abe999322b32ecd58183b77b36db07da3,0,False
locality,10,0,LeCaR-inspired,LeCaR,3000,969,2031,0.323,0.677,3.541912632821726,1838,-10.500544069640915,loss,0.0037938751047477126,0.0,,0,999999,42,0,66ad0b4a2a3e096794b8cf6d6970364abe999322b32ecd58183b77b36db07da3,0,False
locality,10,0,RL-Windowed,RL-Adaptive (windowed),3000,942,2058,0.314,0.686,0.35419126328217265,1838,-11.969532100108815,loss,0.0030138749862089753,0.07360070804134011,"{""FIFO"": 1, ""LFU"": 2, ""LRU"": 57, ""MRU"": 0}",6,999999,42,0,66ad0b4a2a3e096794b8cf6d6970364abe999322b32ecd58183b77b36db07da3,0,False
locality,10,0,RL-FixedCommit-20,RL-Adaptive (per-eviction),3000,907,2093,0.30233333333333334,0.6976666666666667,-3.7780401416764815,1838,-13.873775843307943,loss,0.0031131249852478504,0.09739029197953641,"{""FIFO"": 1503, ""LFU"": 20, ""LRU"": 560, ""MRU"": 0}",13,999999,42,0,66ad0b4a2a3e096794b8cf6d6970364abe999322b32ecd58183b77b36db07da3,0,False
locality,10,1,FIFO,FIFO,3000,889,2111,0.29633333333333334,0.7036666666666667,-6.214039125431537,1829,-15.418261344997266,loss,0.002037583035416901,0.0,,0,8462322393053545826,11452657830546443733,13031138995152125955,cd1e4801e54e02f780434b6520df5c00a813e68db3874919216c26c1823ca8fc,0,False
locality,10,1,LRU,LRU,3000,943,2057,0.31433333333333335,0.6856666666666666,0.0,1829,-12.465828321487152,loss,0.002042250009253621,0.0,,0,8462322393053545826,11452657830546443733,13031138995152125955,cd1e4801e54e02f780434b6520df5c00a813e68db3874919216c26c1823ca8fc,0,False
locality,10,1,LFU,LFU,3000,1171,1829,0.3903333333333333,0.6096666666666667,26.237054085155336,1829,0.0,tie,0.0022011669352650642,0.0,,0,8462322393053545826,11452657830546443733,13031138995152125955,cd1e4801e54e02f780434b6520df5c00a813e68db3874919216c26c1823ca8fc,0,False
locality,10,1,MRU,MRU,3000,430,2570,0.14333333333333334,0.8566666666666667,-59.033371691599555,1829,-40.51394204483324,loss,0.002391125075519085,0.0,,0,8462322393053545826,11452657830546443733,13031138995152125955,cd1e4801e54e02f780434b6520df5c00a813e68db3874919216c26c1823ca8fc,0,False
locality,10,1,OPT,OPT,3000,1812,1188,0.604,0.396,100.0,1829,35.04647348277747,win,0.002778167021460831,0.0,,0,8462322393053545826,11452657830546443733,13031138995152125955,cd1e4801e54e02f780434b6520df5c00a813e68db3874919216c26c1823ca8fc,0,False
locality,10,1,LeCaR-inspired,LeCaR,3000,975,2025,0.325,0.675,3.682393555811256,1829,-10.716238381629305,loss,0.003806708031333983,0.0,,0,8462322393053545826,11452657830546443733,13031138995152125955,cd1e4801e54e02f780434b6520df5c00a813e68db3874919216c26c1823ca8fc,0,False
locality,10,1,RL-Windowed,RL-Adaptive (windowed),3000,931,2069,0.31033333333333335,0.6896666666666667,-1.3808975834292305,1829,-13.121924548933844,loss,0.002984332968480885,0.07368533301632851,"{""FIFO"": 24, ""LFU"": 3, ""LRU"": 32, ""MRU"": 1}",7,8462322393053545826,11452657830546443733,13031138995152125955,cd1e4801e54e02f780434b6520df5c00a813e68db3874919216c26c1823ca8fc,0,False
locality,10,1,RL-FixedCommit-20,RL-Adaptive (per-eviction),3000,954,2046,0.318,0.682,1.2658227848101022,1829,-11.864406779661017,loss,0.0033637089654803276,0.10288575000595301,"{""FIFO"": 160, ""LFU"": 880, ""LRU"": 0, ""MRU"": 996}",13,8462322393053545826,11452657830546443733,13031138995152125955,cd1e4801e54e02f780434b6520df5c00a813e68db3874919216c26c1823ca8fc,0,False
locality,10,2,FIFO,FIFO,3000,925,2075,0.30833333333333335,0.6916666666666667,-3.8961038961038996,1902,-9.095688748685594,loss,0.0020285409409552813,0.0,,0,12939215624369039410,14321516590232026328,797748224678718512,d9a017c5df70d4f7e1c71bb4961d3a7d4d118b4a31aad39d34b801eca2fcf191,0,False
locality,10,2,LRU,LRU,3000,958,2042,0.31933333333333336,0.6806666666666666,0.0,1902,-7.360672975814932,loss,0.002044999971985817,0.0,,0,12939215624369039410,14321516590232026328,797748224678718512,d9a017c5df70d4f7e1c71bb4961d3a7d4d118b4a31aad39d34b801eca2fcf191,0,False
locality,10,2,LFU,LFU,3000,1098,1902,0.366,0.634,16.528925619834702,1902,0.0,tie,0.002272041980177164,0.0,,0,12939215624369039410,14321516590232026328,797748224678718512,d9a017c5df70d4f7e1c71bb4961d3a7d4d118b4a31aad39d34b801eca2fcf191,0,False
locality,10,2,MRU,MRU,3000,381,2619,0.127,0.873,-68.1227863046045,1902,-37.69716088328076,loss,0.0024640000192448497,0.0,,0,12939215624369039410,14321516590232026328,797748224678718512,d9a017c5df70d4f7e1c71bb4961d3a7d4d118b4a31aad39d34b801eca2fcf191,0,False
locality,10,2,OPT,OPT,3000,1805,1195,0.6016666666666667,0.3983333333333333,100.0,1902,37.171398527865406,win,0.002015167032368481,0.0,,0,12939215624369039410,14321516590232026328,797748224678718512,d9a017c5df70d4f7e1c71bb4961d3a7d4d118b4a31aad39d34b801eca2fcf191,0,False
locality,10,2,LeCaR-inspired,LeCaR,3000,985,2015,0.3283333333333333,0.6716666666666666,3.1877213695395543,1902,-5.941114616193481,loss,0.0037245829589664936,0.0,,0,12939215624369039410,14321516590232026328,797748224678718512,d9a017c5df70d4f7e1c71bb4961d3a7d4d118b4a31aad39d34b801eca2fcf191,0,False
locality,10,2,RL-Windowed,RL-Adaptive (windowed),3000,1067,1933,0.3556666666666667,0.6443333333333333,12.868949232585594,1902,-1.629863301787592,loss,0.0031190840527415276,0.07552687509451061,"{""FIFO"": 13, ""LFU"": 42, ""LRU"": 1, ""MRU"": 4}",6,12939215624369039410,14321516590232026328,797748224678718512,d9a017c5df70d4f7e1c71bb4961d3a7d4d118b4a31aad39d34b801eca2fcf191,0,False
locality,10,2,RL-FixedCommit-20,RL-Adaptive (per-eviction),3000,1013,1987,0.33766666666666667,0.6623333333333333,6.493506493506486,1902,-4.468980021030494,loss,0.003272084053605795,0.09953112504445016,"{""FIFO"": 0, ""LFU"": 957, ""LRU"": 660, ""MRU"": 360}",12,12939215624369039410,14321516590232026328,797748224678718512,d9a017c5df70d4f7e1c71bb4961d3a7d4d118b4a31aad39d34b801eca2fcf191,0,False
locality,10,3,FIFO,FIFO,3000,920,2080,0.30666666666666664,0.6933333333333334,-3.596287703016231,1814,-14.66372657111356,loss,0.002033500000834465,0.0,,0,4445919889091736099,556737582065438901,6617302905501221080,2c6c96f900a5398c9968686431fe78d1fa71f421aa44909a42a73c0b3e22a281,0,False
locality,10,3,LRU,LRU,3000,951,2049,0.317,0.683,0.0,1814,-12.954796030871004,loss,0.0020484999986365438,0.0,,0,4445919889091736099,556737582065438901,6617302905501221080,2c6c96f900a5398c9968686431fe78d1fa71f421aa44909a42a73c0b3e22a281,0,False
locality,10,3,LFU,LFU,3000,1186,1814,0.3953333333333333,0.6046666666666667,27.26218097447796,1814,0.0,tie,0.0022182909306138754,0.0,,0,4445919889091736099,556737582065438901,6617302905501221080,2c6c96f900a5398c9968686431fe78d1fa71f421aa44909a42a73c0b3e22a281,0,False
locality,10,3,MRU,MRU,3000,369,2631,0.123,0.877,-67.51740139211134,1814,-45.03858875413451,loss,0.002481292001903057,0.0,,0,4445919889091736099,556737582065438901,6617302905501221080,2c6c96f900a5398c9968686431fe78d1fa71f421aa44909a42a73c0b3e22a281,0,False
locality,10,3,OPT,OPT,3000,1813,1187,0.6043333333333333,0.39566666666666667,100.0,1814,34.56449834619625,win,0.00197516696061939,0.0,,0,4445919889091736099,556737582065438901,6617302905501221080,2c6c96f900a5398c9968686431fe78d1fa71f421aa44909a42a73c0b3e22a281,0,False
locality,10,3,LeCaR-inspired,LeCaR,3000,977,2023,0.32566666666666666,0.6743333333333333,3.0162412993039593,1814,-11.521499448732083,loss,0.0037413330283015966,0.0,,0,4445919889091736099,556737582065438901,6617302905501221080,2c6c96f900a5398c9968686431fe78d1fa71f421aa44909a42a73c0b3e22a281,0,False
locality,10,3,RL-Windowed,RL-Adaptive (windowed),3000,1045,1955,0.34833333333333333,0.6516666666666666,10.904872389791215,1814,-7.772877618522602,loss,0.0031296670204028487,0.0803576250327751,"{""FIFO"": 1, ""LFU"": 43, ""LRU"": 0, ""MRU"": 16}",6,4445919889091736099,556737582065438901,6617302905501221080,2c6c96f900a5398c9968686431fe78d1fa71f421aa44909a42a73c0b3e22a281,0,False
locality,10,3,RL-FixedCommit-20,RL-Adaptive (per-eviction),3000,1004,1996,0.33466666666666667,0.6653333333333333,6.148491879350365,1814,-10.033076074972437,loss,0.0033508329652249813,0.10049666604027152,"{""FIFO"": 0, ""LFU"": 1086, ""LRU"": 20, ""MRU"": 880}",10,4445919889091736099,556737582065438901,6617302905501221080,2c6c96f900a5398c9968686431fe78d1fa71f421aa44909a42a73c0b3e22a281,0,False
locality,10,4,FIFO,FIFO,3000,862,2138,0.28733333333333333,0.7126666666666667,-4.942528735632175,1830,-16.830601092896174,loss,0.0020775829907506704,0.0,,0,889702394014875050,12799852016567721013,16770565884552024016,2fc7e2837c5b5f653f3f5eb21518237a6b2911878fae2ed91841c6baf4b908a6,0,False
locality,10,4,LRU,LRU,3000,905,2095,0.3016666666666667,0.6983333333333334,0.0,1830,-14.480874316939891,loss,0.0020789169939234853,0.0,,0,889702394014875050,12799852016567721013,16770565884552024016,2fc7e2837c5b5f653f3f5eb21518237a6b2911878fae2ed91841c6baf4b908a6,0,False
locality,10,4,LFU,LFU,3000,1170,1830,0.39,0.61,30.459770114942543,1830,0.0,tie,0.0021869579795747995,0.0,,0,889702394014875050,12799852016567721013,16770565884552024016,2fc7e2837c5b5f653f3f5eb21518237a6b2911878fae2ed91841c6baf4b908a6,0,False
locality,10,4,MRU,MRU,3000,362,2638,0.12066666666666667,0.8793333333333333,-62.41379310344824,1830,-44.15300546448088,loss,0.002448833896778524,0.0,,0,889702394014875050,12799852016567721013,16770565884552024016,2fc7e2837c5b5f653f3f5eb21518237a6b2911878fae2ed91841c6baf4b908a6,0,False
locality,10,4,OPT,OPT,3000,1775,1225,0.5916666666666667,0.4083333333333333,100.0,1830,33.060109289617486,win,0.0020770829869434237,0.0,,0,889702394014875050,12799852016567721013,16770565884552024016,2fc7e2837c5b5f653f3f5eb21518237a6b2911878fae2ed91841c6baf4b908a6,0,False
locality,10,4,LeCaR-inspired,LeCaR,3000,947,2053,0.31566666666666665,0.6843333333333333,4.827586206896555,1830,-12.185792349726777,loss,0.0037644580006599426,0.0,,0,889702394014875050,12799852016567721013,16770565884552024016,2fc7e2837c5b5f653f3f5eb21518237a6b2911878fae2ed91841c6baf4b908a6,0,False
locality,10,4,RL-Windowed,RL-Adaptive (windowed),3000,1044,1956,0.348,0.652,15.977011494252874,1830,-6.885245901639344,loss,0.003121750080026686,0.07828008406795561,"{""FIFO"": 19, ""LFU"": 40, ""LRU"": 1, ""MRU"": 0}",6,889702394014875050,12799852016567721013,16770565884552024016,2fc7e2837c5b5f653f3f5eb21518237a6b2911878fae2ed91841c6baf4b908a6,0,False
locality,10,4,RL-FixedCommit-20,RL-Adaptive (per-eviction),3000,1038,1962,0.346,0.654,15.287356321839079,1830,-7.213114754098361,loss,0.003287833067588508,0.09938604093622416,"{""FIFO"": 360, ""LFU"": 1492, ""LRU"": 80, ""MRU"": 20}",15,889702394014875050,12799852016567721013,16770565884552024016,2fc7e2837c5b5f653f3f5eb21518237a6b2911878fae2ed91841c6baf4b908a6,0,False
locality,10,5,FIFO,FIFO,3000,871,2129,0.29033333333333333,0.7096666666666667,-2.0089285714285734,1875,-13.546666666666667,loss,0.0020417500054463744,0.0,,0,17109203366396955948,1495984600664482278,8056782613444305281,08e26c7fe21659593b3f39a32603a112b86cc5c459d8eb35005b4680442c5e50,0,False
locality,10,5,LRU,LRU,3000,889,2111,0.29633333333333334,0.7036666666666667,0.0,1875,-12.586666666666666,loss,0.0020716249709948897,0.0,,0,17109203366396955948,1495984600664482278,8056782613444305281,08e26c7fe21659593b3f39a32603a112b86cc5c459d8eb35005b4680442c5e50,0,False
locality,10,5,LFU,LFU,3000,1125,1875,0.375,0.625,26.339285714285715,1875,0.0,tie,0.002246542018838227,0.0,,0,17109203366396955948,1495984600664482278,8056782613444305281,08e26c7fe21659593b3f39a32603a112b86cc5c459d8eb35005b4680442c5e50,0,False
locality,10,5,MRU,MRU,3000,433,2567,0.14433333333333334,0.8556666666666667,-50.89285714285715,1875,-36.906666666666666,loss,0.002395999967120588,0.0,,0,17109203366396955948,1495984600664482278,8056782613444305281,08e26c7fe21659593b3f39a32603a112b86cc5c459d8eb35005b4680442c5e50,0,False
locality,10,5,OPT,OPT,3000,1785,1215,0.595,0.405,100.0,1875,35.2,win,0.0020472920732572675,0.0,,0,17109203366396955948,1495984600664482278,8056782613444305281,08e26c7fe21659593b3f39a32603a112b86cc5c459d8eb35005b4680442c5e50,0,False
locality,10,5,LeCaR-inspired,LeCaR,3000,921,2079,0.307,0.693,3.571428571428587,1875,-10.88,loss,0.003859375021420419,0.0,,0,17109203366396955948,1495984600664482278,8056782613444305281,08e26c7fe21659593b3f39a32603a112b86cc5c459d8eb35005b4680442c5e50,0,False
locality,10,5,RL-Windowed,RL-Adaptive (windowed),3000,1116,1884,0.372,0.628,25.33482142857143,1875,-0.48,loss,0.0031669579911977053,0.07840795803349465,"{""FIFO"": 2, ""LFU"": 55, ""LRU"": 3, ""MRU"": 0}",7,17109203366396955948,1495984600664482278,8056782613444305281,08e26c7fe21659593b3f39a32603a112b86cc5c459d8eb35005b4680442c5e50,0,False
locality,10,5,RL-FixedCommit-20,RL-Adaptive (per-eviction),3000,923,2077,0.30766666666666664,0.6923333333333334,3.7946428571428483,1875,-10.773333333333333,loss,0.0032730420352891088,0.1007901249686256,"{""FIFO"": 560, ""LFU"": 667, ""LRU"": 780, ""MRU"": 60}",12,17109203366396955948,1495984600664482278,8056782613444305281,08e26c7fe21659593b3f39a32603a112b86cc5c459d8eb35005b4680442c5e50,0,False
locality,10,6,FIFO,FIFO,3000,890,2110,0.2966666666666667,0.7033333333333334,-5.793742757821572,1859,-13.501882732651964,loss,0.0020509579917415977,0.0,,0,14126645737420724712,11516000946453513690,5973289253907925899,f683aaf48d26158970317f90519f315ea21d9fe5b44eb3af9bee4635a292a6bb,0,False
locality,10,6,LRU,LRU,3000,940,2060,0.31333333333333335,0.6866666666666666,0.0,1859,-10.812264658418504,loss,0.0020500420359894633,0.0,,0,14126645737420724712,11516000946453513690,5973289253907925899,f683aaf48d26158970317f90519f315ea21d9fe5b44eb3af9bee4635a292a6bb,0,False
locality,10,6,LFU,LFU,3000,1141,1859,0.38033333333333336,0.6196666666666667,23.290845886442625,1859,0.0,tie,0.0022431249963119626,0.0,,0,14126645737420724712,11516000946453513690,5973289253907925899,f683aaf48d26158970317f90519f315ea21d9fe5b44eb3af9bee4635a292a6bb,0,False
locality,10,6,MRU,MRU,3000,413,2587,0.13766666666666666,0.8623333333333333,-61.06604866743916,1859,-39.16083916083916,loss,0.0024229579139500856,0.0,,0,14126645737420724712,11516000946453513690,5973289253907925899,f683aaf48d26158970317f90519f315ea21d9fe5b44eb3af9bee4635a292a6bb,0,False
locality,10,6,OPT,OPT,3000,1803,1197,0.601,0.399,100.0,1859,35.61054330285099,win,0.0020352499559521675,0.0,,0,14126645737420724712,11516000946453513690,5973289253907925899,f683aaf48d26158970317f90519f315ea21d9fe5b44eb3af9bee4635a292a6bb,0,False
locality,10,6,LeCaR-inspired,LeCaR,3000,975,2025,0.325,0.675,4.055619930475066,1859,-8.929532006455084,loss,0.003827083040960133,0.0,,0,14126645737420724712,11516000946453513690,5973289253907925899,f683aaf48d26158970317f90519f315ea21d9fe5b44eb3af9bee4635a292a6bb,0,False
locality,10,6,RL-Windowed,RL-Adaptive (windowed),3000,1033,1967,0.3443333333333333,0.6556666666666666,10.7763615295481,1859,-5.809575040344271,loss,0.0031140000792220235,0.07894745899830014,"{""FIFO"": 24, ""LFU"": 36, ""LRU"": 0, ""MRU"": 0}",7,14126645737420724712,11516000946453513690,5973289253907925899,f683aaf48d26158970317f90519f315ea21d9fe5b44eb3af9bee4635a292a6bb,0,False
locality,10,6,RL-FixedCommit-20,RL-Adaptive (per-eviction),3000,1124,1876,0.37466666666666665,0.6253333333333333,21.320973348783323,1859,-0.914470145239376,loss,0.0032317499862983823,0.09991104097571224,"{""FIFO"": 0, ""LFU"": 1726, ""LRU"": 0, ""MRU"": 140}",15,14126645737420724712,11516000946453513690,5973289253907925899,f683aaf48d26158970317f90519f315ea21d9fe5b44eb3af9bee4635a292a6bb,0,False
locality,10,7,FIFO,FIFO,3000,906,2094,0.302,0.698,-4.084014002333699,1848,-13.311688311688311,loss,0.002047999994829297,0.0,,0,7744532812159076660,17948304992620177152,2194157329330479718,4b1031c8351fc5a335c14b9fb741455f1f758887c3a8a07dd607ddced447b7e4,0,False
locality,10,7,LRU,LRU,3000,941,2059,0.31366666666666665,0.6863333333333334,0.0,1848,-11.417748917748918,loss,0.0020509168971329927,0.0,,0,7744532812159076660,17948304992620177152,2194157329330479718,4b1031c8351fc5a335c14b9fb741455f1f758887c3a8a07dd607ddced447b7e4,0,False
locality,10,7,LFU,LFU,3000,1152,1848,0.384,0.616,24.62077012835473,1848,0.0,tie,0.0022392080863937736,0.0,,0,7744532812159076660,17948304992620177152,2194157329330479718,4b1031c8351fc5a335c14b9fb741455f1f758887c3a8a07dd607ddced447b7e4,0,False
locality,10,7,MRU,MRU,3000,339,2661,0.113,0.887,-70.24504084014002,1848,-43.993506493506494,loss,0.002471167012117803,0.0,,0,7744532812159076660,17948304992620177152,2194157329330479718,4b1031c8351fc5a335c14b9fb741455f1f758887c3a8a07dd607ddced447b7e4,0,False
locality,10,7,OPT,OPT,3000,1798,1202,0.5993333333333334,0.40066666666666667,100.0,1848,34.95670995670996,win,0.002038625068962574,0.0,,0,7744532812159076660,17948304992620177152,2194157329330479718,4b1031c8351fc5a335c14b9fb741455f1f758887c3a8a07dd607ddced447b7e4,0,False
locality,10,7,LeCaR-inspired,LeCaR,3000,969,2031,0.323,0.677,3.2672112018669672,1848,-9.902597402597403,loss,0.0037695419741794467,0.0,,0,7744532812159076660,17948304992620177152,2194157329330479718,4b1031c8351fc5a335c14b9fb741455f1f758887c3a8a07dd607ddced447b7e4,0,False
locality,10,7,RL-Windowed,RL-Adaptive (windowed),3000,1077,1923,0.359,0.641,15.869311551925321,1848,-4.058441558441558,loss,0.0030806249706074595,0.07497108401730657,"{""FIFO"": 0, ""LFU"": 40, ""LRU"": 20, ""MRU"": 0}",6,7744532812159076660,17948304992620177152,2194157329330479718,4b1031c8351fc5a335c14b9fb741455f1f758887c3a8a07dd607ddced447b7e4,0,False
locality,10,7,RL-FixedCommit-20,RL-Adaptive (per-eviction),3000,1033,1967,0.3443333333333333,0.6556666666666666,10.735122520420092,1848,-6.4393939393939394,loss,0.0032720420276746154,0.0989586670184508,"{""FIFO"": 60, ""LFU"": 1177, ""LRU"": 660, ""MRU"": 60}",13,7744532812159076660,17948304992620177152,2194157329330479718,4b1031c8351fc5a335c14b9fb741455f1f758887c3a8a07dd607ddced447b7e4,0,False
locality,10,8,FIFO,FIFO,3000,910,2090,0.30333333333333334,0.6966666666666667,-7.59193357058125,1813,-15.278543849972422,loss,0.0019896250450983644,0.0,,0,16289282575473136673,12169513847499234336,15848039415457804445,804e29ddf86d5b4a5b9f0a3ef94914ab4ae911132b42ab5d737aa08b9907133a,0,False
locality,10,8,LRU,LRU,3000,974,2026,0.32466666666666666,0.6753333333333333,0.0,1813,-11.748483177054606,loss,0.0019863330526277423,0.0,,0,16289282575473136673,12169513847499234336,15848039415457804445,804e29ddf86d5b4a5b9f0a3ef94914ab4ae911132b42ab5d737aa08b9907133a,0,False
locality,10,8,LFU,LFU,3000,1187,1813,0.39566666666666667,0.6043333333333333,25.266903914590767,1813,0.0,tie,0.002180041978135705,0.0,,0,16289282575473136673,12169513847499234336,15848039415457804445,804e29ddf86d5b4a5b9f0a3ef94914ab4ae911132b42ab5d737aa08b9907133a,0,False
locality,10,8,MRU,MRU,3000,340,2660,0.11333333333333333,0.8866666666666667,-75.20759193357058,1813,-46.71814671814672,loss,0.0024904169840738177,0.0,,0,16289282575473136673,12169513847499234336,15848039415457804445,804e29ddf86d5b4a5b9f0a3ef94914ab4ae911132b42ab5d737aa08b9907133a,0,False
locality,10,8,OPT,OPT,3000,1817,1183,0.6056666666666667,0.3943333333333333,100.0,1813,34.74903474903475,win,0.002002791967242956,0.0,,0,16289282575473136673,12169513847499234336,15848039415457804445,804e29ddf86d5b4a5b9f0a3ef94914ab4ae911132b42ab5d737aa08b9907133a,0,False
locality,10,8,LeCaR-inspired,LeCaR,3000,998,2002,0.33266666666666667,0.6673333333333333,2.846975088967974,1813,-10.424710424710424,loss,0.0036989159416407347,0.0,,0,16289282575473136673,12169513847499234336,15848039415457804445,804e29ddf86d5b4a5b9f0a3ef94914ab4ae911132b42ab5d737aa08b9907133a,0,False
locality,10,8,RL-Windowed,RL-Adaptive (windowed),3000,1104,1896,0.368,0.632,15.42111506524318,1813,-4.5780474351902924,loss,0.003080875030718744,0.0784316670615226,"{""FIFO"": 14, ""LFU"": 44, ""LRU"": 0, ""MRU"": 2}",7,16289282575473136673,12169513847499234336,15848039415457804445,804e29ddf86d5b4a5b9f0a3ef94914ab4ae911132b42ab5d737aa08b9907133a,0,False
locality,10,8,RL-FixedCommit-20,RL-Adaptive (per-eviction),3000,1028,1972,0.3426666666666667,0.6573333333333333,6.405693950177942,1813,-8.769994484280199,loss,0.0032367499079555273,0.10151141695678234,"{""FIFO"": 420, ""LFU"": 920, ""LRU"": 462, ""MRU"": 160}",14,16289282575473136673,12169513847499234336,15848039415457804445,804e29ddf86d5b4a5b9f0a3ef94914ab4ae911132b42ab5d737aa08b9907133a,0,False
locality,10,9,FIFO,FIFO,3000,913,2087,0.30433333333333334,0.6956666666666667,-3.5509736540664276,1840,-13.423913043478262,loss,0.0020401249639689922,0.0,,0,16695966566381256948,4904566506404428370,10123543919198671443,b9867b2aab34676166267d93a0ba54f85d8d3e16a48f275adee936a7b7f5b2d6,0,False
locality,10,9,LRU,LRU,3000,944,2056,0.31466666666666665,0.6853333333333333,0.0,1840,-11.73913043478261,loss,0.002038292004726827,0.0,,0,16695966566381256948,4904566506404428370,10123543919198671443,b9867b2aab34676166267d93a0ba54f85d8d3e16a48f275adee936a7b7f5b2d6,0,False
locality,10,9,LFU,LFU,3000,1160,1840,0.38666666666666666,0.6133333333333333,24.742268041237132,1840,0.0,tie,0.0021943749161437154,0.0,,0,16695966566381256948,4904566506404428370,10123543919198671443,b9867b2aab34676166267d93a0ba54f85d8d3e16a48f275adee936a7b7f5b2d6,0,False
locality,10,9,MRU,MRU,3000,348,2652,0.116,0.884,-68.27033218785795,1840,-44.130434782608695,loss,0.0024402919225394726,0.0,,0,16695966566381256948,4904566506404428370,10123543919198671443,b9867b2aab34676166267d93a0ba54f85d8d3e16a48f275adee936a7b7f5b2d6,0,False
locality,10,9,OPT,OPT,3000,1817,1183,0.6056666666666667,0.3943333333333333,100.0,1840,35.70652173913044,win,0.0020315409637987614,0.0,,0,16695966566381256948,4904566506404428370,10123543919198671443,b9867b2aab34676166267d93a0ba54f85d8d3e16a48f275adee936a7b7f5b2d6,0,False
locality,10,9,LeCaR-inspired,LeCaR,3000,947,2053,0.31566666666666665,0.6843333333333333,0.3436426116838491,1840,-11.576086956521738,loss,0.003806374967098236,0.0,,0,16695966566381256948,4904566506404428370,10123543919198671443,b9867b2aab34676166267d93a0ba54f85d8d3e16a48f275adee936a7b7f5b2d6,0,False
locality,10,9,RL-Windowed,RL-Adaptive (windowed),3000,940,2060,0.31333333333333335,0.6866666666666666,-0.458190148911786,1840,-11.956521739130435,loss,0.002938290941528976,0.07447583298198879,"{""FIFO"": 0, ""LFU"": 0, ""LRU"": 57, ""MRU"": 3}",7,16695966566381256948,4904566506404428370,10123543919198671443,b9867b2aab34676166267d93a0ba54f85d8d3e16a48f275adee936a7b7f5b2d6,0,False
locality,10,9,RL-FixedCommit-20,RL-Adaptive (per-eviction),3000,1177,1823,0.3923333333333333,0.6076666666666667,26.68957617411225,1840,0.9239130434782609,win,0.0031515840673819184,0.10067983402404934,"{""FIFO"": 0, ""LFU"": 1653, ""LRU"": 60, ""MRU"": 100}",14,16695966566381256948,4904566506404428370,10123543919198671443,b9867b2aab34676166267d93a0ba54f85d8d3e16a48f275adee936a7b7f5b2d6,0,False
locality,20,0,FIFO,FIFO,3000,1563,1437,0.521,0.479,-27.61310452418097,737,-94.9796472184532,loss,0.001920207985676825,0.0,,0,999999,42,0,66ad0b4a2a3e096794b8cf6d6970364abe999322b32ecd58183b77b36db07da3,0,False
locality,20,0,LRU,LRU,3000,1740,1260,0.58,0.42,0.0,737,-70.96336499321573,loss,0.0018068751087412238,0.0,,0,999999,42,0,66ad0b4a2a3e096794b8cf6d6970364abe999322b32ecd58183b77b36db07da3,0,False
locality,20,0,LFU,LFU,3000,2263,737,0.7543333333333333,0.24566666666666667,81.59126365054603,737,0.0,tie,0.0015293339965865016,0.0,,0,999999,42,0,66ad0b4a2a3e096794b8cf6d6970364abe999322b32ecd58183b77b36db07da3,0,False
locality,20,0,MRU,MRU,3000,669,2331,0.223,0.777,-167.08268330733233,737,-216.28222523744913,loss,0.002906540990807116,0.0,,0,999999,42,0,66ad0b4a2a3e096794b8cf6d6970364abe999322b32ecd58183b77b36db07da3,0,False
locality,20,0,OPT,OPT,3000,2381,619,0.7936666666666666,0.20633333333333334,100.0,737,16.010854816824967,win,0.0018901670118793845,0.0,,0,999999,42,0,66ad0b4a2a3e096794b8cf6d6970364abe999322b32ecd58183b77b36db07da3,0,False
locality,20,0,LeCaR-inspired,LeCaR,3000,1886,1114,0.6286666666666667,0.37133333333333335,22.776911076443046,737,-51.153324287652644,loss,0.002906500012613833,0.0,,0,999999,42,0,66ad0b4a2a3e096794b8cf6d6970364abe999322b32ecd58183b77b36db07da3,0,False
locality,20,0,RL-Windowed,RL-Adaptive (windowed),3000,1742,1258,0.5806666666666667,0.41933333333333334,0.3120124804992116,737,-70.69199457259158,loss,0.002706291968934238,0.07030870800372213,"{""FIFO"": 1, ""LFU"": 2, ""LRU"": 57, ""MRU"": 0}",6,999999,42,0,66ad0b4a2a3e096794b8cf6d6970364abe999322b32ecd58183b77b36db07da3,0,False
locality,20,0,RL-FixedCommit-20,RL-Adaptive (per-eviction),3000,1735,1265,0.5783333333333334,0.4216666666666667,-0.780031201248068,737,-71.64179104477611,loss,0.0025631249882280827,0.07571000000461936,"{""FIFO"": 20, ""LFU"": 40, ""LRU"": 1145, ""MRU"": 40}",11,999999,42,0,66ad0b4a2a3e096794b8cf6d6970364abe999322b32ecd58183b77b36db07da3,0,False
locality,20,1,FIFO,FIFO,3000,1568,1432,0.5226666666666666,0.47733333333333333,-25.688073394495408,746,-91.95710455764075,loss,0.0019214589847251773,0.0,,0,8462322393053545826,11452657830546443733,13031138995152125955,cd1e4801e54e02f780434b6520df5c00a813e68db3874919216c26c1823ca8fc,0,False
locality,20,1,LRU,LRU,3000,1736,1264,0.5786666666666667,0.42133333333333334,0.0,746,-69.43699731903486,loss,0.0018442090367898345,0.0,,0,8462322393053545826,11452657830546443733,13031138995152125955,cd1e4801e54e02f780434b6520df5c00a813e68db3874919216c26c1823ca8fc,0,False
locality,20,1,LFU,LFU,3000,2254,746,0.7513333333333333,0.24866666666666667,79.20489296636084,746,0.0,tie,0.0015268330462276936,0.0,,0,8462322393053545826,11452657830546443733,13031138995152125955,cd1e4801e54e02f780434b6520df5c00a813e68db3874919216c26c1823ca8fc,0,False
locality,20,1,MRU,MRU,3000,743,2257,0.24766666666666667,0.7523333333333333,-151.8348623853211,746,-202.54691689008044,loss,0.002854042104445398,0.0,,0,8462322393053545826,11452657830546443733,13031138995152125955,cd1e4801e54e02f780434b6520df5c00a813e68db3874919216c26c1823ca8fc,0,False
locality,20,1,OPT,OPT,3000,2390,610,0.7966666666666666,0.20333333333333334,100.0,746,18.230563002680967,win,0.0018660830100998282,0.0,,0,8462322393053545826,11452657830546443733,13031138995152125955,cd1e4801e54e02f780434b6520df5c00a813e68db3874919216c26c1823ca8fc,0,False
locality,20,1,LeCaR-inspired,LeCaR,3000,1895,1105,0.6316666666666667,0.36833333333333335,24.31192660550458,746,-48.12332439678284,loss,0.0028364169411361217,0.0,,0,8462322393053545826,11452657830546443733,13031138995152125955,cd1e4801e54e02f780434b6520df5c00a813e68db3874919216c26c1823ca8fc,0,False
locality,20,1,RL-Windowed,RL-Adaptive (windowed),3000,1668,1332,0.556,0.444,-10.397553516819572,746,-78.55227882037534,loss,0.0027704579988494515,0.06947445799596608,"{""FIFO"": 24, ""LFU"": 3, ""LRU"": 32, ""MRU"": 1}",7,8462322393053545826,11452657830546443733,13031138995152125955,cd1e4801e54e02f780434b6520df5c00a813e68db3874919216c26c1823ca8fc,0,False
locality,20,1,RL-FixedCommit-20,RL-Adaptive (per-eviction),3000,2254,746,0.7513333333333333,0.24866666666666667,79.20489296636084,746,0.0,tie,0.0020045419223606586,0.07179375004488975,"{""FIFO"": 0, ""LFU"": 726, ""LRU"": 0, ""MRU"": 0}",13,8462322393053545826,11452657830546443733,13031138995152125955,cd1e4801e54e02f780434b6520df5c00a813e68db3874919216c26c1823ca8fc,0,False
locality,20,2,FIFO,FIFO,3000,1580,1420,0.5266666666666666,0.47333333333333333,-25.538461538461547,726,-95.59228650137742,loss,0.0019030830590054393,0.0,,0,12939215624369039410,14321516590232026328,797748224678718512,d9a017c5df70d4f7e1c71bb4961d3a7d4d118b4a31aad39d34b801eca2fcf191,0,False
locality,20,2,LRU,LRU,3000,1746,1254,0.582,0.418,0.0,726,-72.72727272727273,loss,0.001801040954887867,0.0,,0,12939215624369039410,14321516590232026328,797748224678718512,d9a017c5df70d4f7e1c71bb4961d3a7d4d118b4a31aad39d34b801eca2fcf191,0,False
locality,20,2,LFU,LFU,3000,2274,726,0.758,0.242,81.23076923076923,726,0.0,tie,0.001477082958444953,0.0,,0,12939215624369039410,14321516590232026328,797748224678718512,d9a017c5df70d4f7e1c71bb4961d3a7d4d118b4a31aad39d34b801eca2fcf191,0,False
locality,20,2,MRU,MRU,3000,747,2253,0.249,0.751,-153.6923076923077,726,-210.3305785123967,loss,0.002833041944541037,0.0,,0,12939215624369039410,14321516590232026328,797748224678718512,d9a017c5df70d4f7e1c71bb4961d3a7d4d118b4a31aad39d34b801eca2fcf191,0,False
locality,20,2,OPT,OPT,3000,2396,604,0.7986666666666666,0.20133333333333334,100.0,726,16.804407713498623,win,0.0018551659304648638,0.0,,0,12939215624369039410,14321516590232026328,797748224678718512,d9a017c5df70d4f7e1c71bb4961d3a7d4d118b4a31aad39d34b801eca2fcf191,0,False
locality,20,2,LeCaR-inspired,LeCaR,3000,1959,1041,0.653,0.347,32.76923076923078,726,-43.388429752066116,loss,0.0027093749959021807,0.0,,0,12939215624369039410,14321516590232026328,797748224678718512,d9a017c5df70d4f7e1c71bb4961d3a7d4d118b4a31aad39d34b801eca2fcf191,0,False
locality,20,2,RL-Windowed,RL-Adaptive (windowed),3000,1949,1051,0.6496666666666666,0.35033333333333333,31.23076923076923,726,-44.76584022038568,loss,0.002738500013947487,0.07106270897202194,"{""FIFO"": 13, ""LFU"": 42, ""LRU"": 1, ""MRU"": 4}",6,12939215624369039410,14321516590232026328,797748224678718512,d9a017c5df70d4f7e1c71bb4961d3a7d4d118b4a31aad39d34b801eca2fcf191,0,False
locality,20,2,RL-FixedCommit-20,RL-Adaptive (per-eviction),3000,2145,855,0.715,0.285,61.384615384615394,726,-17.768595041322314,loss,0.0022200000239536166,0.07449675002135336,"{""FIFO"": 20, ""LFU"": 715, ""LRU"": 100, ""MRU"": 0}",9,12939215624369039410,14321516590232026328,797748224678718512,d9a017c5df70d4f7e1c71bb4961d3a7d4d118b4a31aad39d34b801eca2fcf191,0,False
locality,20,3,FIFO,FIFO,3000,1605,1395,0.535,0.465,-23.520485584218527,792,-76.13636363636364,loss,0.0018975409911945462,0.0,,0,4445919889091736099,556737582065438901,6617302905501221080,2c6c96f900a5398c9968686431fe78d1fa71f421aa44909a42a73c0b3e22a281,0,False
locality,20,3,LRU,LRU,3000,1760,1240,0.5866666666666667,0.41333333333333333,0.0,792,-56.56565656565657,loss,0.0017900419188663363,0.0,,0,4445919889091736099,556737582065438901,6617302905501221080,2c6c96f900a5398c9968686431fe78d1fa71f421aa44909a42a73c0b3e22a281,0,False
locality,20,3,LFU,LFU,3000,2208,792,0.736,0.264,67.98179059180576,792,0.0,tie,0.0015735420165583491,0.0,,0,4445919889091736099,556737582065438901,6617302905501221080,2c6c96f900a5398c9968686431fe78d1fa71f421aa44909a42a73c0b3e22a281,0,False
locality,20,3,MRU,MRU,3000,768,2232,0.256,0.744,-150.53110773899846,792,-181.8181818181818,loss,0.0028187920106574893,0.0,,0,4445919889091736099,556737582065438901,6617302905501221080,2c6c96f900a5398c9968686431fe78d1fa71f421aa44909a42a73c0b3e22a281,0,False
locality,20,3,OPT,OPT,3000,2419,581,0.8063333333333333,0.19366666666666665,100.0,792,26.641414141414142,win,0.0017900000093504786,0.0,,0,4445919889091736099,556737582065438901,6617302905501221080,2c6c96f900a5398c9968686431fe78d1fa71f421aa44909a42a73c0b3e22a281,0,False
locality,20,3,LeCaR-inspired,LeCaR,3000,2001,999,0.667,0.333,36.57056145675264,792,-26.136363636363637,loss,0.0026346660451963544,0.0,,0,4445919889091736099,556737582065438901,6617302905501221080,2c6c96f900a5398c9968686431fe78d1fa71f421aa44909a42a73c0b3e22a281,0,False
locality,20,3,RL-Windowed,RL-Adaptive (windowed),3000,1942,1058,0.6473333333333333,0.3526666666666667,27.617602427921085,792,-33.58585858585859,loss,0.002674999996088445,0.07449241599533707,"{""FIFO"": 1, ""LFU"": 43, ""LRU"": 0, ""MRU"": 16}",6,4445919889091736099,556737582065438901,6617302905501221080,2c6c96f900a5398c9968686431fe78d1fa71f421aa44909a42a73c0b3e22a281,0,False
locality,20,3,RL-FixedCommit-20,RL-Adaptive (per-eviction),3000,2247,753,0.749,0.251,73.89984825493171,792,4.924242424242424,win,0.001994792022742331,0.07476804102770984,"{""FIFO"": 20, ""LFU"": 673, ""LRU"": 40, ""MRU"": 0}",11,4445919889091736099,556737582065438901,6617302905501221080,2c6c96f900a5398c9968686431fe78d1fa71f421aa44909a42a73c0b3e22a281,0,False
locality,20,4,FIFO,FIFO,3000,1538,1462,0.5126666666666667,0.48733333333333334,-22.38586156111931,751,-94.67376830892144,loss,0.001955833053216338,0.0,,0,889702394014875050,12799852016567721013,16770565884552024016,2fc7e2837c5b5f653f3f5eb21518237a6b2911878fae2ed91841c6baf4b908a6,0,False
locality,20,4,LRU,LRU,3000,1690,1310,0.5633333333333334,0.43666666666666665,0.0,751,-74.43408788282291,loss,0.001891499967314303,0.0,,0,889702394014875050,12799852016567721013,16770565884552024016,2fc7e2837c5b5f653f3f5eb21518237a6b2911878fae2ed91841c6baf4b908a6,0,False
locality,20,4,LFU,LFU,3000,2249,751,0.7496666666666667,0.25033333333333335,82.32695139911634,751,0.0,tie,0.001505749998614192,0.0,,0,889702394014875050,12799852016567721013,16770565884552024016,2fc7e2837c5b5f653f3f5eb21518237a6b2911878fae2ed91841c6baf4b908a6,0,False
locality,20,4,MRU,MRU,3000,741,2259,0.247,0.753,-139.76435935198825,751,-200.7989347536618,loss,0.0028482500929385424,0.0,,0,889702394014875050,12799852016567721013,16770565884552024016,2fc7e2837c5b5f653f3f5eb21518237a6b2911878fae2ed91841c6baf4b908a6,0,False
locality,20,4,OPT,OPT,3000,2369,631,0.7896666666666666,0.21033333333333334,100.0,751,15.978695073235686,win,0.0021285420516505837,0.0,,0,889702394014875050,12799852016567721013,16770565884552024016,2fc7e2837c5b5f653f3f5eb21518237a6b2911878fae2ed91841c6baf4b908a6,0,False
locality,20,4,LeCaR-inspired,LeCaR,3000,1844,1156,0.6146666666666667,0.38533333333333336,22.680412371134004,751,-53.92809587217044,loss,0.0029961669351905584,0.0,,0,889702394014875050,12799852016567721013,16770565884552024016,2fc7e2837c5b5f653f3f5eb21518237a6b2911878fae2ed91841c6baf4b908a6,0,False
locality,20,4,RL-Windowed,RL-Adaptive (windowed),3000,1829,1171,0.6096666666666667,0.3903333333333333,20.47128129602357,751,-55.9254327563249,loss,0.002957375021651387,0.07137429201975465,"{""FIFO"": 19, ""LFU"": 40, ""LRU"": 1, ""MRU"": 0}",6,889702394014875050,12799852016567721013,16770565884552024016,2fc7e2837c5b5f653f3f5eb21518237a6b2911878fae2ed91841c6baf4b908a6,0,False
locality,20,4,RL-FixedCommit-20,RL-Adaptive (per-eviction),3000,1971,1029,0.657,0.343,41.38438880706921,751,-37.017310252996005,loss,0.002498165937140584,0.0775107080116868,"{""FIFO"": 0, ""LFU"": 669, ""LRU"": 260, ""MRU"": 80}",10,889702394014875050,12799852016567721013,16770565884552024016,2fc7e2837c5b5f653f3f5eb21518237a6b2911878fae2ed91841c6baf4b908a6,0,False
locality,20,5,FIFO,FIFO,3000,1571,1429,0.5236666666666666,0.47633333333333333,-19.331395348837212,708,-101.8361581920904,loss,0.0019446249352768064,0.0,,0,17109203366396955948,1495984600664482278,8056782613444305281,08e26c7fe21659593b3f39a32603a112b86cc5c459d8eb35005b4680442c5e50,0,False
locality,20,5,LRU,LRU,3000,1704,1296,0.568,0.432,0.0,708,-83.05084745762711,loss,0.0018784169806167483,0.0,,0,17109203366396955948,1495984600664482278,8056782613444305281,08e26c7fe21659593b3f39a32603a112b86cc5c459d8eb35005b4680442c5e50,0,False
locality,20,5,LFU,LFU,3000,2292,708,0.764,0.236,85.46511627906978,708,0.0,tie,0.0015009170165285468,0.0,,0,17109203366396955948,1495984600664482278,8056782613444305281,08e26c7fe21659593b3f39a32603a112b86cc5c459d8eb35005b4680442c5e50,0,False
locality,20,5,MRU,MRU,3000,763,2237,0.25433333333333336,0.7456666666666667,-136.7732558139535,708,-215.96045197740114,loss,0.002848624950274825,0.0,,0,17109203366396955948,1495984600664482278,8056782613444305281,08e26c7fe21659593b3f39a32603a112b86cc5c459d8eb35005b4680442c5e50,0,False
locality,20,5,OPT,OPT,3000,2392,608,0.7973333333333333,0.20266666666666666,100.0,708,14.124293785310735,win,0.001857958035543561,0.0,,0,17109203366396955948,1495984600664482278,8056782613444305281,08e26c7fe21659593b3f39a32603a112b86cc5c459d8eb35005b4680442c5e50,0,False
locality,20,5,LeCaR-inspired,LeCaR,3000,2009,991,0.6696666666666666,0.3303333333333333,44.33139534883722,708,-39.97175141242938,loss,0.002611791016533971,0.0,,0,17109203366396955948,1495984600664482278,8056782613444305281,08e26c7fe21659593b3f39a32603a112b86cc5c459d8eb35005b4680442c5e50,0,False
locality,20,5,RL-Windowed,RL-Adaptive (windowed),3000,2151,849,0.717,0.283,64.97093023255815,708,-19.915254237288135,loss,0.0025426250649616122,0.06468841608148068,"{""FIFO"": 2, ""LFU"": 55, ""LRU"": 3, ""MRU"": 0}",7,17109203366396955948,1495984600664482278,8056782613444305281,08e26c7fe21659593b3f39a32603a112b86cc5c459d8eb35005b4680442c5e50,0,False
locality,20,5,RL-FixedCommit-20,RL-Adaptive (per-eviction),3000,2095,905,0.6983333333333334,0.3016666666666667,56.8313953488372,708,-27.824858757062145,loss,0.0022641250398010015,0.06918145797681063,"{""FIFO"": 180, ""LFU"": 705, ""LRU"": 0, ""MRU"": 0}",9,17109203366396955948,1495984600664482278,8056782613444305281,08e26c7fe21659593b3f39a32603a112b86cc5c459d8eb35005b4680442c5e50,0,False
locality,20,6,FIFO,FIFO,3000,1562,1438,0.5206666666666667,0.47933333333333333,-28.700906344410885,789,-82.25602027883397,loss,0.0019123749807476997,0.0,,0,14126645737420724712,11516000946453513690,5973289253907925899,f683aaf48d26158970317f90519f315ea21d9fe5b44eb3af9bee4635a292a6bb,0,False
locality,20,6,LRU,LRU,3000,1752,1248,0.584,0.416,0.0,789,-58.17490494296578,loss,0.001790375099517405,0.0,,0,14126645737420724712,11516000946453513690,5973289253907925899,f683aaf48d26158970317f90519f315ea21d9fe5b44eb3af9bee4635a292a6bb,0,False
locality,20,6,LFU,LFU,3000,2211,789,0.737,0.263,69.33534743202416,789,0.0,tie,0.0015899579739198089,0.0,,0,14126645737420724712,11516000946453513690,5973289253907925899,f683aaf48d26158970317f90519f315ea21d9fe5b44eb3af9bee4635a292a6bb,0,False
locality,20,6,MRU,MRU,3000,729,2271,0.243,0.757,-154.53172205438068,789,-187.83269961977186,loss,0.0028568749548867345,0.0,,0,14126645737420724712,11516000946453513690,5973289253907925899,f683aaf48d26158970317f90519f315ea21d9fe5b44eb3af9bee4635a292a6bb,0,False
locality,20,6,OPT,OPT,3000,2414,586,0.8046666666666666,0.19533333333333333,100.0,789,25.728770595690747,win,0.0017930410103872418,0.0,,0,14126645737420724712,11516000946453513690,5973289253907925899,f683aaf48d26158970317f90519f315ea21d9fe5b44eb3af9bee4635a292a6bb,0,False
locality,20,6,LeCaR-inspired,LeCaR,3000,1999,1001,0.6663333333333333,0.33366666666666667,37.311178247734134,789,-26.869455006337137,loss,0.002619417035020888,0.0,,0,14126645737420724712,11516000946453513690,5973289253907925899,f683aaf48d26158970317f90519f315ea21d9fe5b44eb3af9bee4635a292a6bb,0,False
locality,20,6,RL-Windowed,RL-Adaptive (windowed),3000,1846,1154,0.6153333333333333,0.38466666666666666,14.199395770392744,789,-46.261089987325725,loss,0.0028159169014543295,0.07127687497995794,"{""FIFO"": 24, ""LFU"": 36, ""LRU"": 0, ""MRU"": 0}",7,14126645737420724712,11516000946453513690,5973289253907925899,f683aaf48d26158970317f90519f315ea21d9fe5b44eb3af9bee4635a292a6bb,0,False
locality,20,6,RL-FixedCommit-20,RL-Adaptive (per-eviction),3000,1851,1149,0.617,0.383,14.954682779456183,789,-45.627376425855516,loss,0.0026248340727761388,0.07874937495216727,"{""FIFO"": 489, ""LFU"": 580, ""LRU"": 40, ""MRU"": 20}",11,14126645737420724712,11516000946453513690,5973289253907925899,f683aaf48d26158970317f90519f315ea21d9fe5b44eb3af9bee4635a292a6bb,0,False
locality,20,7,FIFO,FIFO,3000,1542,1458,0.514,0.486,-26.283987915407852,723,-101.65975103734439,loss,0.0019502079812809825,0.0,,0,7744532812159076660,17948304992620177152,2194157329330479718,4b1031c8351fc5a335c14b9fb741455f1f758887c3a8a07dd607ddced447b7e4,0,False
locality,20,7,LRU,LRU,3000,1716,1284,0.572,0.428,0.0,723,-77.59336099585062,loss,0.001828292035497725,0.0,,0,7744532812159076660,17948304992620177152,2194157329330479718,4b1031c8351fc5a335c14b9fb741455f1f758887c3a8a07dd607ddced447b7e4,0,False
locality,20,7,LFU,LFU,3000,2277,723,0.759,0.241,84.74320241691844,723,0.0,tie,0.0014858751092106104,0.0,,0,7744532812159076660,17948304992620177152,2194157329330479718,4b1031c8351fc5a335c14b9fb741455f1f758887c3a8a07dd607ddced447b7e4,0,False
locality,20,7,MRU,MRU,3000,645,2355,0.215,0.785,-161.78247734138975,723,-225.72614107883817,loss,0.002935083000920713,0.0,,0,7744532812159076660,17948304992620177152,2194157329330479718,4b1031c8351fc5a335c14b9fb741455f1f758887c3a8a07dd607ddced447b7e4,0,False
locality,20,7,OPT,OPT,3000,2378,622,0.7926666666666666,0.20733333333333334,100.0,723,13.96957123098202,win,0.0018997079459950328,0.0,,0,7744532812159076660,17948304992620177152,2194157329330479718,4b1031c8351fc5a335c14b9fb741455f1f758887c3a8a07dd607ddced447b7e4,0,False
locality,20,7,LeCaR-inspired,LeCaR,3000,1848,1152,0.616,0.384,19.93957703927492,723,-59.33609958506224,loss,0.002936124918051064,0.0,,0,7744532812159076660,17948304992620177152,2194157329330479718,4b1031c8351fc5a335c14b9fb741455f1f758887c3a8a07dd607ddced447b7e4,0,False
locality,20,7,RL-Windowed,RL-Adaptive (windowed),3000,1950,1050,0.65,0.35,35.347432024169194,723,-45.22821576763486,loss,0.002728375024162233,0.06884174991864711,"{""FIFO"": 0, ""LFU"": 40, ""LRU"": 20, ""MRU"": 0}",6,7744532812159076660,17948304992620177152,2194157329330479718,4b1031c8351fc5a335c14b9fb741455f1f758887c3a8a07dd607ddced447b7e4,0,False
locality,20,7,RL-FixedCommit-20,RL-Adaptive (per-eviction),3000,1908,1092,0.636,0.364,29.003021148036257,723,-51.03734439834025,loss,0.0025402919854968786,0.07310583291109651,"{""FIFO"": 360, ""LFU"": 712, ""LRU"": 0, ""MRU"": 0}",11,7744532812159076660,17948304992620177152,2194157329330479718,4b1031c8351fc5a335c14b9fb741455f1f758887c3a8a07dd607ddced447b7e4,0,False
locality,20,8,FIFO,FIFO,3000,1562,1438,0.5206666666666667,0.47933333333333333,-28.149300155521008,718,-100.27855153203343,loss,0.0019187080906704068,0.0,,0,16289282575473136673,12169513847499234336,15848039415457804445,804e29ddf86d5b4a5b9f0a3ef94914ab4ae911132b42ab5d737aa08b9907133a,0,False
locality,20,8,LRU,LRU,3000,1743,1257,0.581,0.419,0.0,718,-75.06963788300835,loss,0.0017903749831020832,0.0,,0,16289282575473136673,12169513847499234336,15848039415457804445,804e29ddf86d5b4a5b9f0a3ef94914ab4ae911132b42ab5d737aa08b9907133a,0,False
locality,20,8,LFU,LFU,3000,2282,718,0.7606666666666667,0.23933333333333334,83.8258164852255,718,0.0,tie,0.0014654170954599977,0.0,,0,16289282575473136673,12169513847499234336,15848039415457804445,804e29ddf86d5b4a5b9f0a3ef94914ab4ae911132b42ab5d737aa08b9907133a,0,False
locality,20,8,MRU,MRU,3000,679,2321,0.22633333333333333,0.7736666666666666,-165.47433903576982,718,-223.2590529247911,loss,0.0028824160108342767,0.0,,0,16289282575473136673,12169513847499234336,15848039415457804445,804e29ddf86d5b4a5b9f0a3ef94914ab4ae911132b42ab5d737aa08b9907133a,0,False
locality,20,8,OPT,OPT,3000,2386,614,0.7953333333333333,0.20466666666666666,100.0,718,14.484679665738161,win,0.0018682080553844571,0.0,,0,16289282575473136673,12169513847499234336,15848039415457804445,804e29ddf86d5b4a5b9f0a3ef94914ab4ae911132b42ab5d737aa08b9907133a,0,False
locality,20,8,LeCaR-inspired,LeCaR,3000,1951,1049,0.6503333333333333,0.3496666666666667,32.348367029548974,718,-46.100278551532035,loss,0.0027515419060364366,0.0,,0,16289282575473136673,12169513847499234336,15848039415457804445,804e29ddf86d5b4a5b9f0a3ef94914ab4ae911132b42ab5d737aa08b9907133a,0,False
locality,20,8,RL-Windowed,RL-Adaptive (windowed),3000,1897,1103,0.6323333333333333,0.36766666666666664,23.95023328149301,718,-53.62116991643454,loss,0.002843750058673322,0.07329400000162423,"{""FIFO"": 14, ""LFU"": 40, ""LRU"": 0, ""MRU"": 6}",7,16289282575473136673,12169513847499234336,15848039415457804445,804e29ddf86d5b4a5b9f0a3ef94914ab4ae911132b42ab5d737aa08b9907133a,0,False
locality,20,8,RL-FixedCommit-20,RL-Adaptive (per-eviction),3000,1977,1023,0.659,0.341,36.391912908242595,718,-42.4791086350975,loss,0.002481207950040698,0.07362191693391651,"{""FIFO"": 80, ""LFU"": 723, ""LRU"": 0, ""MRU"": 200}",11,16289282575473136673,12169513847499234336,15848039415457804445,804e29ddf86d5b4a5b9f0a3ef94914ab4ae911132b42ab5d737aa08b9907133a,0,False
locality,20,9,FIFO,FIFO,3000,1581,1419,0.527,0.473,-29.841269841269835,714,-98.73949579831933,loss,0.0019229999743402004,0.0,,0,16695966566381256948,4904566506404428370,10123543919198671443,b9867b2aab34676166267d93a0ba54f85d8d3e16a48f275adee936a7b7f5b2d6,0,False
locality,20,9,LRU,LRU,3000,1769,1231,0.5896666666666667,0.4103333333333333,0.0,714,-72.40896358543418,loss,0.0017794579034671187,0.0,,0,16695966566381256948,4904566506404428370,10123543919198671443,b9867b2aab34676166267d93a0ba54f85d8d3e16a48f275adee936a7b7f5b2d6,0,False
locality,20,9,LFU,LFU,3000,2286,714,0.762,0.238,82.06349206349208,714,0.0,tie,0.001454999903216958,0.0,,0,16695966566381256948,4904566506404428370,10123543919198671443,b9867b2aab34676166267d93a0ba54f85d8d3e16a48f275adee936a7b7f5b2d6,0,False
locality,20,9,MRU,MRU,3000,714,2286,0.238,0.762,-167.46031746031747,714,-220.16806722689077,loss,0.002875334001146257,0.0,,0,16695966566381256948,4904566506404428370,10123543919198671443,b9867b2aab34676166267d93a0ba54f85d8d3e16a48f275adee936a7b7f5b2d6,0,False
locality,20,9,OPT,OPT,3000,2399,601,0.7996666666666666,0.20033333333333334,100.0,714,15.826330532212886,win,0.00184599997010082,0.0,,0,16695966566381256948,4904566506404428370,10123543919198671443,b9867b2aab34676166267d93a0ba54f85d8d3e16a48f275adee936a7b7f5b2d6,0,False
locality,20,9,LeCaR-inspired,LeCaR,3000,1929,1071,0.643,0.357,25.396825396825403,714,-50.0,loss,0.0027883750153705478,0.0,,0,16695966566381256948,4904566506404428370,10123543919198671443,b9867b2aab34676166267d93a0ba54f85d8d3e16a48f275adee936a7b7f5b2d6,0,False
locality,20,9,RL-Windowed,RL-Adaptive (windowed),3000,1752,1248,0.584,0.416,-2.698412698412692,714,-74.78991596638656,loss,0.0026936669601127505,0.07015070808120072,"{""FIFO"": 0, ""LFU"": 1, ""LRU"": 56, ""MRU"": 3}",7,16695966566381256948,4904566506404428370,10123543919198671443,b9867b2aab34676166267d93a0ba54f85d8d3e16a48f275adee936a7b7f5b2d6,0,False
locality,20,9,RL-FixedCommit-20,RL-Adaptive (per-eviction),3000,1975,1025,0.6583333333333333,0.3416666666666667,32.698412698412696,714,-43.55742296918768,loss,0.002421832992695272,0.0724662090651691,"{""FIFO"": 20, ""LFU"": 580, ""LRU"": 345, ""MRU"": 60}",12,16695966566381256948,4904566506404428370,10123543919198671443,b9867b2aab34676166267d93a0ba54f85d8d3e16a48f275adee936a7b7f5b2d6,0,False
locality,40,0,FIFO,FIFO,3000,2213,787,0.7376666666666667,0.2623333333333333,-131.73076923076917,483,-62.939958592132506,loss,0.0015996670117601752,0.0,,0,999999,42,0,66ad0b4a2a3e096794b8cf6d6970364abe999322b32ecd58183b77b36db07da3,0,False
locality,40,0,LRU,LRU,3000,2487,513,0.829,0.171,0.0,483,-6.211180124223603,loss,0.0012370409676805139,0.0,,0,999999,42,0,66ad0b4a2a3e096794b8cf6d6970364abe999322b32ecd58183b77b36db07da3,0,False
locality,40,0,LFU,LFU,3000,2517,483,0.839,0.161,14.423076923076932,483,0.0,tie,0.0015420840354636312,0.0,,0,999999,42,0,66ad0b4a2a3e096794b8cf6d6970364abe999322b32ecd58183b77b36db07da3,0,False
locality,40,0,MRU,MRU,3000,1262,1738,0.4206666666666667,0.5793333333333334,-588.9423076923076,483,-259.8343685300207,loss,0.003229666966944933,0.0,,0,999999,42,0,66ad0b4a2a3e096794b8cf6d6970364abe999322b32ecd58183b77b36db07da3,0,False
locality,40,0,OPT,OPT,3000,2695,305,0.8983333333333333,0.10166666666666667,100.0,483,36.85300207039337,win,0.0015793750062584877,0.0,,0,999999,42,0,66ad0b4a2a3e096794b8cf6d6970364abe999322b32ecd58183b77b36db07da3,0,False
locality,40,0,LeCaR-inspired,LeCaR,3000,2499,501,0.833,0.167,5.769230769230774,483,-3.7267080745341614,loss,0.0019411250250414014,0.0,,0,999999,42,0,66ad0b4a2a3e096794b8cf6d6970364abe999322b32ecd58183b77b36db07da3,0,False
locality,40,0,RL-Windowed,RL-Adaptive (windowed),3000,2489,511,0.8296666666666667,0.17033333333333334,0.9615384615384757,483,-5.797101449275362,loss,0.0021184160141274333,0.060388749931007624,"{""FIFO"": 1, ""LFU"": 2, ""LRU"": 57, ""MRU"": 0}",6,999999,42,0,66ad0b4a2a3e096794b8cf6d6970364abe999322b32ecd58183b77b36db07da3,0,False
locality,40,0,RL-FixedCommit-20,RL-Adaptive (per-eviction),3000,2409,591,0.803,0.197,-37.499999999999986,483,-22.36024844720497,loss,0.0017587499460205436,0.04848808306269348,"{""FIFO"": 100, ""LFU"": 0, ""LRU"": 431, ""MRU"": 20}",8,999999,42,0,66ad0b4a2a3e096794b8cf6d6970364abe999322b32ecd58183b77b36db07da3,0,False
locality,40,1,FIFO,FIFO,3000,2277,723,0.759,0.241,-124.47916666666666,478,-51.25523012552301,loss,0.0015239579370245337,0.0,,0,8462322393053545826,11452657830546443733,13031138995152125955,cd1e4801e54e02f780434b6520df5c00a813e68db3874919216c26c1823ca8fc,0,False
locality,40,1,LRU,LRU,3000,2516,484,0.8386666666666667,0.16133333333333333,0.0,478,-1.2552301255230125,loss,0.0011821669759228826,0.0,,0,8462322393053545826,11452657830546443733,13031138995152125955,cd1e4801e54e02f780434b6520df5c00a813e68db3874919216c26c1823ca8fc,0,False
locality,40,1,LFU,LFU,3000,2522,478,0.8406666666666667,0.15933333333333333,3.1250000000000027,478,0.0,tie,0.0015324170235544443,0.0,,0,8462322393053545826,11452657830546443733,13031138995152125955,cd1e4801e54e02f780434b6520df5c00a813e68db3874919216c26c1823ca8fc,0,False
locality,40,1,MRU,MRU,3000,1351,1649,0.4503333333333333,0.5496666666666666,-606.7708333333333,478,-244.97907949790795,loss,0.003103499999269843,0.0,,0,8462322393053545826,11452657830546443733,13031138995152125955,cd1e4801e54e02f780434b6520df5c00a813e68db3874919216c26c1823ca8fc,0,False
locality,40,1,OPT,OPT,3000,2708,292,0.9026666666666666,0.09733333333333333,100.0,478,38.91213389121339,win,0.001499208970926702,0.0,,0,8462322393053545826,11452657830546443733,13031138995152125955,cd1e4801e54e02f780434b6520df5c00a813e68db3874919216c26c1823ca8fc,0,False
locality,40,1,LeCaR-inspired,LeCaR,3000,2527,473,0.8423333333333334,0.15766666666666668,5.729166666666643,478,1.0460251046025104,win,0.0018594999564811587,0.0,,0,8462322393053545826,11452657830546443733,13031138995152125955,cd1e4801e54e02f780434b6520df5c00a813e68db3874919216c26c1823ca8fc,0,False
locality,40,1,RL-Windowed,RL-Adaptive (windowed),3000,2363,637,0.7876666666666666,0.21233333333333335,-79.68750000000003,478,-33.26359832635983,loss,0.0023309580283239484,0.05898616707418114,"{""FIFO"": 24, ""LFU"": 3, ""LRU"": 32, ""MRU"": 1}",7,8462322393053545826,11452657830546443733,13031138995152125955,cd1e4801e54e02f780434b6520df5c00a813e68db3874919216c26c1823ca8fc,0,False
locality,40,1,RL-FixedCommit-20,RL-Adaptive (per-eviction),3000,2380,620,0.7933333333333333,0.20666666666666667,-70.83333333333334,478,-29.707112970711297,loss,0.002081250073388219,0.058305875048972666,"{""FIFO"": 280, ""LFU"": 300, ""LRU"": 0, ""MRU"": 0}",11,8462322393053545826,11452657830546443733,13031138995152125955,cd1e4801e54e02f780434b6520df5c00a813e68db3874919216c26c1823ca8fc,0,False
locality,40,2,FIFO,FIFO,3000,2246,754,0.7486666666666667,0.25133333333333335,-122.96650717703355,467,-61.45610278372591,loss,0.0015697500202804804,0.0,,0,12939215624369039410,14321516590232026328,797748224678718512,d9a017c5df70d4f7e1c71bb4961d3a7d4d118b4a31aad39d34b801eca2fcf191,0,False
locality,40,2,LRU,LRU,3000,2503,497,0.8343333333333334,0.16566666666666666,0.0,467,-6.423982869379015,loss,0.0012090839445590973,0.0,,0,12939215624369039410,14321516590232026328,797748224678718512,d9a017c5df70d4f7e1c71bb4961d3a7d4d118b4a31aad39d34b801eca2fcf191,0,False
locality,40,2,LFU,LFU,3000,2533,467,0.8443333333333334,0.15566666666666668,14.354066985645908,467,0.0,tie,0.0014970418997108936,0.0,,0,12939215624369039410,14321516590232026328,797748224678718512,d9a017c5df70d4f7e1c71bb4961d3a7d4d118b4a31aad39d34b801eca2fcf191,0,False
locality,40,2,MRU,MRU,3000,1410,1590,0.47,0.53,-522.9665071770337,467,-240.4710920770878,loss,0.003031708998605609,0.0,,0,12939215624369039410,14321516590232026328,797748224678718512,d9a017c5df70d4f7e1c71bb4961d3a7d4d118b4a31aad39d34b801eca2fcf191,0,False
locality,40,2,OPT,OPT,3000,2712,288,0.904,0.096,100.0,467,38.32976445396146,win,0.0014731669798493385,0.0,,0,12939215624369039410,14321516590232026328,797748224678718512,d9a017c5df70d4f7e1c71bb4961d3a7d4d118b4a31aad39d34b801eca2fcf191,0,False
locality,40,2,LeCaR-inspired,LeCaR,3000,2509,491,0.8363333333333334,0.16366666666666665,2.8708133971291896,467,-5.139186295503212,loss,0.0019431250402703881,0.0,,0,12939215624369039410,14321516590232026328,797748224678718512,d9a017c5df70d4f7e1c71bb4961d3a7d4d118b4a31aad39d34b801eca2fcf191,0,False
locality,40,2,RL-Windowed,RL-Adaptive (windowed),3000,2360,640,0.7866666666666666,0.21333333333333335,-68.42105263157899,467,-37.04496788008565,loss,0.002343833912163973,0.06089829106349498,"{""FIFO"": 13, ""LFU"": 0, ""LRU"": 43, ""MRU"": 4}",6,12939215624369039410,14321516590232026328,797748224678718512,d9a017c5df70d4f7e1c71bb4961d3a7d4d118b4a31aad39d34b801eca2fcf191,0,False
locality,40,2,RL-FixedCommit-20,RL-Adaptive (per-eviction),3000,2434,566,0.8113333333333334,0.18866666666666668,-33.01435406698568,467,-21.199143468950748,loss,0.0017758749891072512,0.051229292061179876,"{""FIFO"": 0, ""LFU"": 20, ""LRU"": 406, ""MRU"": 100}",10,12939215624369039410,14321516590232026328,797748224678718512,d9a017c5df70d4f7e1c71bb4961d3a7d4d118b4a31aad39d34b801eca2fcf191,0,False
locality,40,3,FIFO,FIFO,3000,2280,720,0.76,0.24,-123.85786802030452,455,-58.24175824175824,loss,0.001524292048998177,0.0,,0,4445919889091736099,556737582065438901,6617302905501221080,2c6c96f900a5398c9968686431fe78d1fa71f421aa44909a42a73c0b3e22a281,0,False
locality,40,3,LRU,LRU,3000,2524,476,0.8413333333333334,0.15866666666666668,0.0,455,-4.615384615384615,loss,0.0011822080705314875,0.0,,0,4445919889091736099,556737582065438901,6617302905501221080,2c6c96f900a5398c9968686431fe78d1fa71f421aa44909a42a73c0b3e22a281,0,False
locality,40,3,LFU,LFU,3000,2545,455,0.8483333333333334,0.15166666666666667,10.659898477157368,455,0.0,tie,0.0014998340047895908,0.0,,0,4445919889091736099,556737582065438901,6617302905501221080,2c6c96f900a5398c9968686431fe78d1fa71f421aa44909a42a73c0b3e22a281,0,False
locality,40,3,MRU,MRU,3000,1354,1646,0.4513333333333333,0.5486666666666666,-593.9086294416243,455,-261.75824175824175,loss,0.0031187919666990638,0.0,,0,4445919889091736099,556737582065438901,6617302905501221080,2c6c96f900a5398c9968686431fe78d1fa71f421aa44909a42a73c0b3e22a281,0,False
locality,40,3,OPT,OPT,3000,2721,279,0.907,0.093,100.0,455,38.68131868131868,win,0.0014177499106153846,0.0,,0,4445919889091736099,556737582065438901,6617302905501221080,2c6c96f900a5398c9968686431fe78d1fa71f421aa44909a42a73c0b3e22a281,0,False
locality,40,3,LeCaR-inspired,LeCaR,3000,2535,465,0.845,0.155,5.583756345177683,455,-2.197802197802198,loss,0.0018386250594630837,0.0,,0,4445919889091736099,556737582065438901,6617302905501221080,2c6c96f900a5398c9968686431fe78d1fa71f421aa44909a42a73c0b3e22a281,0,False
locality,40,3,RL-Windowed,RL-Adaptive (windowed),3000,2319,681,0.773,0.227,-104.06091370558373,455,-49.67032967032967,loss,0.002778083086013794,0.07576808403246105,"{""FIFO"": 1, ""LFU"": 43, ""LRU"": 0, ""MRU"": 16}",6,4445919889091736099,556737582065438901,6617302905501221080,2c6c96f900a5398c9968686431fe78d1fa71f421aa44909a42a73c0b3e22a281,0,False
locality,40,3,RL-FixedCommit-20,RL-Adaptive (per-eviction),3000,2414,586,0.8046666666666666,0.19533333333333333,-55.83756345177662,455,-28.791208791208792,loss,0.001950582955032587,0.05580870807170868,"{""FIFO"": 0, ""LFU"": 140, ""LRU"": 226, ""MRU"": 180}",9,4445919889091736099,556737582065438901,6617302905501221080,2c6c96f900a5398c9968686431fe78d1fa71f421aa44909a42a73c0b3e22a281,0,False
locality,40,4,FIFO,FIFO,3000,2226,774,0.742,0.258,-112.61261261261264,483,-60.24844720496895,loss,0.0016323329182341695,0.0,,0,889702394014875050,12799852016567721013,16770565884552024016,2fc7e2837c5b5f653f3f5eb21518237a6b2911878fae2ed91841c6baf4b908a6,0,False
locality,40,4,LRU,LRU,3000,2476,524,0.8253333333333334,0.17466666666666666,0.0,483,-8.488612836438923,loss,0.001278416020795703,0.0,,0,889702394014875050,12799852016567721013,16770565884552024016,2fc7e2837c5b5f653f3f5eb21518237a6b2911878fae2ed91841c6baf4b908a6,0,False
locality,40,4,LFU,LFU,3000,2517,483,0.839,0.161,18.468468468468462,483,0.0,tie,0.0015515409177169204,0.0,,0,889702394014875050,12799852016567721013,16770565884552024016,2fc7e2837c5b5f653f3f5eb21518237a6b2911878fae2ed91841c6baf4b908a6,0,False
locality,40,4,MRU,MRU,3000,1384,1616,0.4613333333333333,0.5386666666666666,-491.89189189189193,483,-234.57556935817806,loss,0.003103290917351842,0.0,,0,889702394014875050,12799852016567721013,16770565884552024016,2fc7e2837c5b5f653f3f5eb21518237a6b2911878fae2ed91841c6baf4b908a6,0,False
locality,40,4,OPT,OPT,3000,2698,302,0.8993333333333333,0.10066666666666667,100.0,483,37.47412008281574,win,0.001536916010081768,0.0,,0,889702394014875050,12799852016567721013,16770565884552024016,2fc7e2837c5b5f653f3f5eb21518237a6b2911878fae2ed91841c6baf4b908a6,0,False
locality,40,4,LeCaR-inspired,LeCaR,3000,2492,508,0.8306666666666667,0.16933333333333334,7.207207207207202,483,-5.175983436853002,loss,0.001968375057913363,0.0,,0,889702394014875050,12799852016567721013,16770565884552024016,2fc7e2837c5b5f653f3f5eb21518237a6b2911878fae2ed91841c6baf4b908a6,0,False
locality,40,4,RL-Windowed,RL-Adaptive (windowed),3000,2495,505,0.8316666666666667,0.16833333333333333,8.558558558558554,483,-4.554865424430642,loss,0.002382833044975996,0.06543804099783301,"{""FIFO"": 1, ""LFU"": 40, ""LRU"": 19, ""MRU"": 0}",6,889702394014875050,12799852016567721013,16770565884552024016,2fc7e2837c5b5f653f3f5eb21518237a6b2911878fae2ed91841c6baf4b908a6,0,False
locality,40,4,RL-FixedCommit-20,RL-Adaptive (per-eviction),3000,2163,837,0.721,0.279,-140.99099099099104,483,-73.2919254658385,loss,0.0024816670920699835,0.0655287909321487,"{""FIFO"": 217, ""LFU"": 200, ""LRU"": 20, ""MRU"": 360}",10,889702394014875050,12799852016567721013,16770565884552024016,2fc7e2837c5b5f653f3f5eb21518237a6b2911878fae2ed91841c6baf4b908a6,0,False
locality,40,5,FIFO,FIFO,3000,2265,735,0.755,0.245,-112.73584905660377,460,-59.78260869565217,loss,0.0015403750585392118,0.0,,0,17109203366396955948,1495984600664482278,8056782613444305281,08e26c7fe21659593b3f39a32603a112b86cc5c459d8eb35005b4680442c5e50,0,False
locality,40,5,LRU,LRU,3000,2504,496,0.8346666666666667,0.16533333333333333,0.0,460,-7.826086956521739,loss,0.0012022500159218907,0.0,,0,17109203366396955948,1495984600664482278,8056782613444305281,08e26c7fe21659593b3f39a32603a112b86cc5c459d8eb35005b4680442c5e50,0,False
locality,40,5,LFU,LFU,3000,2540,460,0.8466666666666667,0.15333333333333332,16.981132075471713,460,0.0,tie,0.0014906671131029725,0.0,,0,17109203366396955948,1495984600664482278,8056782613444305281,08e26c7fe21659593b3f39a32603a112b86cc5c459d8eb35005b4680442c5e50,0,False
locality,40,5,MRU,MRU,3000,1262,1738,0.4206666666666667,0.5793333333333334,-585.8490566037736,460,-277.82608695652175,loss,0.0032685420010238886,0.0,,0,17109203366396955948,1495984600664482278,8056782613444305281,08e26c7fe21659593b3f39a32603a112b86cc5c459d8eb35005b4680442c5e50,0,False
locality,40,5,OPT,OPT,3000,2716,284,0.9053333333333333,0.09466666666666666,100.0,460,38.26086956521739,win,0.0014536669477820396,0.0,,0,17109203366396955948,1495984600664482278,8056782613444305281,08e26c7fe21659593b3f39a32603a112b86cc5c459d8eb35005b4680442c5e50,0,False
locality,40,5,LeCaR-inspired,LeCaR,3000,2524,476,0.8413333333333334,0.15866666666666668,9.433962264150924,460,-3.4782608695652173,loss,0.0018576249713078141,0.0,,0,17109203366396955948,1495984600664482278,8056782613444305281,08e26c7fe21659593b3f39a32603a112b86cc5c459d8eb35005b4680442c5e50,0,False
locality,40,5,RL-Windowed,RL-Adaptive (windowed),3000,2537,463,0.8456666666666667,0.15433333333333332,15.56603773584907,460,-0.6521739130434783,loss,0.0023470000596717,0.06030229199677706,"{""FIFO"": 2, ""LFU"": 55, ""LRU"": 3, ""MRU"": 0}",7,17109203366396955948,1495984600664482278,8056782613444305281,08e26c7fe21659593b3f39a32603a112b86cc5c459d8eb35005b4680442c5e50,0,False
locality,40,5,RL-FixedCommit-20,RL-Adaptive (per-eviction),3000,2450,550,0.8166666666666667,0.18333333333333332,-25.47169811320753,460,-19.565217391304348,loss,0.001950958976522088,0.051629584049806,"{""FIFO"": 160, ""LFU"": 330, ""LRU"": 0, ""MRU"": 20}",9,17109203366396955948,1495984600664482278,8056782613444305281,08e26c7fe21659593b3f39a32603a112b86cc5c459d8eb35005b4680442c5e50,0,False
locality,40,6,FIFO,FIFO,3000,2252,748,0.7506666666666667,0.24933333333333332,-136.31840796019898,458,-63.31877729257642,loss,0.0015610000118613243,0.0,,0,14126645737420724712,11516000946453513690,5973289253907925899,f683aaf48d26158970317f90519f315ea21d9fe5b44eb3af9bee4635a292a6bb,0,False
locality,40,6,LRU,LRU,3000,2526,474,0.842,0.158,0.0,458,-3.493449781659389,loss,0.001168375019915402,0.0,,0,14126645737420724712,11516000946453513690,5973289253907925899,f683aaf48d26158970317f90519f315ea21d9fe5b44eb3af9bee4635a292a6bb,0,False
locality,40,6,LFU,LFU,3000,2542,458,0.8473333333333334,0.15266666666666667,7.9601990049751175,458,0.0,tie,0.0014787919353693724,0.0,,0,14126645737420724712,11516000946453513690,5973289253907925899,f683aaf48d26158970317f90519f315ea21d9fe5b44eb3af9bee4635a292a6bb,0,False
locality,40,6,MRU,MRU,3000,1382,1618,0.46066666666666667,0.5393333333333333,-569.1542288557213,458,-253.27510917030568,loss,0.003062541945837438,0.0,,0,14126645737420724712,11516000946453513690,5973289253907925899,f683aaf48d26158970317f90519f315ea21d9fe5b44eb3af9bee4635a292a6bb,0,False
locality,40,6,OPT,OPT,3000,2727,273,0.909,0.091,100.0,458,40.39301310043668,win,0.0013867919333279133,0.0,,0,14126645737420724712,11516000946453513690,5973289253907925899,f683aaf48d26158970317f90519f315ea21d9fe5b44eb3af9bee4635a292a6bb,0,False
locality,40,6,LeCaR-inspired,LeCaR,3000,2541,459,0.847,0.153,7.4626865671641855,458,-0.2183406113537118,loss,0.0018147500231862068,0.0,,0,14126645737420724712,11516000946453513690,5973289253907925899,f683aaf48d26158970317f90519f315ea21d9fe5b44eb3af9bee4635a292a6bb,0,False
locality,40,6,RL-Windowed,RL-Adaptive (windowed),3000,2413,587,0.8043333333333333,0.19566666666666666,-56.21890547263679,458,-28.16593886462882,loss,0.0024766670539975166,0.06559245800599456,"{""FIFO"": 24, ""LFU"": 36, ""LRU"": 0, ""MRU"": 0}",7,14126645737420724712,11516000946453513690,5973289253907925899,f683aaf48d26158970317f90519f315ea21d9fe5b44eb3af9bee4635a292a6bb,0,False
locality,40,6,RL-FixedCommit-20,RL-Adaptive (per-eviction),3000,2548,452,0.8493333333333334,0.15066666666666667,10.945273631840791,458,1.3100436681222707,win,0.0017803329974412918,0.05110404209699482,"{""FIFO"": 0, ""LFU"": 372, ""LRU"": 40, ""MRU"": 0}",7,14126645737420724712,11516000946453513690,5973289253907925899,f683aaf48d26158970317f90519f315ea21d9fe5b44eb3af9bee4635a292a6bb,0,False
locality,40,7,FIFO,FIFO,3000,2227,773,0.7423333333333333,0.25766666666666665,-129.4685990338164,479,-61.37787056367432,loss,0.0016193750780075788,0.0,,0,7744532812159076660,17948304992620177152,2194157329330479718,4b1031c8351fc5a335c14b9fb741455f1f758887c3a8a07dd607ddced447b7e4,0,False
locality,40,7,LRU,LRU,3000,2495,505,0.8316666666666667,0.16833333333333333,0.0,479,-5.427974947807933,loss,0.001224125036969781,0.0,,0,7744532812159076660,17948304992620177152,2194157329330479718,4b1031c8351fc5a335c14b9fb741455f1f758887c3a8a07dd607ddced447b7e4,0,False
locality,40,7,LFU,LFU,3000,2521,479,0.8403333333333334,0.15966666666666668,12.560386473429935,479,0.0,tie,0.0015312500763684511,0.0,,0,7744532812159076660,17948304992620177152,2194157329330479718,4b1031c8351fc5a335c14b9fb741455f1f758887c3a8a07dd607ddced447b7e4,0,False
locality,40,7,MRU,MRU,3000,1213,1787,0.4043333333333333,0.5956666666666667,-619.3236714975845,479,-273.0688935281837,loss,0.0033255830639973283,0.0,,0,7744532812159076660,17948304992620177152,2194157329330479718,4b1031c8351fc5a335c14b9fb741455f1f758887c3a8a07dd607ddced447b7e4,0,False
locality,40,7,OPT,OPT,3000,2702,298,0.9006666666666666,0.09933333333333333,100.0,479,37.78705636743215,win,0.0015208330005407333,0.0,,0,7744532812159076660,17948304992620177152,2194157329330479718,4b1031c8351fc5a335c14b9fb741455f1f758887c3a8a07dd607ddced447b7e4,0,False
locality,40,7,LeCaR-inspired,LeCaR,3000,2513,487,0.8376666666666667,0.16233333333333333,8.69565217391305,479,-1.6701461377870563,loss,0.0019389590015634894,0.0,,0,7744532812159076660,17948304992620177152,2194157329330479718,4b1031c8351fc5a335c14b9fb741455f1f758887c3a8a07dd607ddced447b7e4,0,False
locality,40,7,RL-Windowed,RL-Adaptive (windowed),3000,2497,503,0.8323333333333334,0.16766666666666666,0.9661835748792412,479,-5.010438413361169,loss,0.0021272499579936266,0.05435062502510846,"{""FIFO"": 0, ""LFU"": 4, ""LRU"": 56, ""MRU"": 0}",6,7744532812159076660,17948304992620177152,2194157329330479718,4b1031c8351fc5a335c14b9fb741455f1f758887c3a8a07dd607ddced447b7e4,0,False
locality,40,7,RL-FixedCommit-20,RL-Adaptive (per-eviction),3000,2484,516,0.828,0.172,-5.314009661835726,479,-7.724425887265136,loss,0.001798833953216672,0.051880666986107826,"{""FIFO"": 20, ""LFU"": 216, ""LRU"": 240, ""MRU"": 0}",8,7744532812159076660,17948304992620177152,2194157329330479718,4b1031c8351fc5a335c14b9fb741455f1f758887c3a8a07dd607ddced447b7e4,0,False
locality,40,8,FIFO,FIFO,3000,2217,783,0.739,0.261,-131.57894736842107,469,-66.95095948827291,loss,0.001620542025193572,0.0,,0,16289282575473136673,12169513847499234336,15848039415457804445,804e29ddf86d5b4a5b9f0a3ef94914ab4ae911132b42ab5d737aa08b9907133a,0,False
locality,40,8,LRU,LRU,3000,2492,508,0.8306666666666667,0.16933333333333334,0.0,469,-8.315565031982942,loss,0.0012235000031068921,0.0,,0,16289282575473136673,12169513847499234336,15848039415457804445,804e29ddf86d5b4a5b9f0a3ef94914ab4ae911132b42ab5d737aa08b9907133a,0,False
locality,40,8,LFU,LFU,3000,2531,469,0.8436666666666667,0.15633333333333332,18.660287081339728,469,0.0,tie,0.0015019170241430402,0.0,,0,16289282575473136673,12169513847499234336,15848039415457804445,804e29ddf86d5b4a5b9f0a3ef94914ab4ae911132b42ab5d737aa08b9907133a,0,False
locality,40,8,MRU,MRU,3000,1277,1723,0.4256666666666667,0.5743333333333334,-581.3397129186603,469,-267.3773987206823,loss,0.003233624971471727,0.0,,0,16289282575473136673,12169513847499234336,15848039415457804445,804e29ddf86d5b4a5b9f0a3ef94914ab4ae911132b42ab5d737aa08b9907133a,0,False
locality,40,8,OPT,OPT,3000,2701,299,0.9003333333333333,0.09966666666666667,100.0,469,36.24733475479744,win,0.0015253749443218112,0.0,,0,16289282575473136673,12169513847499234336,15848039415457804445,804e29ddf86d5b4a5b9f0a3ef94914ab4ae911132b42ab5d737aa08b9907133a,0,False
locality,40,8,LeCaR-inspired,LeCaR,3000,2498,502,0.8326666666666667,0.16733333333333333,2.870813397129189,469,-7.036247334754798,loss,0.0019298330880701542,0.0,,0,16289282575473136673,12169513847499234336,15848039415457804445,804e29ddf86d5b4a5b9f0a3ef94914ab4ae911132b42ab5d737aa08b9907133a,0,False
locality,40,8,RL-Windowed,RL-Adaptive (windowed),3000,2196,804,0.732,0.268,-141.62679425837322,469,-71.42857142857143,loss,0.002552167046815157,0.06707145797554404,"{""FIFO"": 54, ""LFU"": 0, ""LRU"": 0, ""MRU"": 6}",7,16289282575473136673,12169513847499234336,15848039415457804445,804e29ddf86d5b4a5b9f0a3ef94914ab4ae911132b42ab5d737aa08b9907133a,0,False
locality,40,8,RL-FixedCommit-20,RL-Adaptive (per-eviction),3000,2485,515,0.8283333333333334,0.17166666666666666,-3.349282296650707,469,-9.808102345415778,loss,0.0018884580349549651,0.05060495808720589,"{""FIFO"": 40, ""LFU"": 335, ""LRU"": 100, ""MRU"": 0}",10,16289282575473136673,12169513847499234336,15848039415457804445,804e29ddf86d5b4a5b9f0a3ef94914ab4ae911132b42ab5d737aa08b9907133a,0,False
locality,40,9,FIFO,FIFO,3000,2246,754,0.7486666666666667,0.25133333333333335,-144.27083333333334,477,-58.071278825995805,loss,0.0015756250359117985,0.0,,0,16695966566381256948,4904566506404428370,10123543919198671443,b9867b2aab34676166267d93a0ba54f85d8d3e16a48f275adee936a7b7f5b2d6,0,False
locality,40,9,LRU,LRU,3000,2523,477,0.841,0.159,0.0,477,0.0,tie,0.0011765829985961318,0.0,,0,16695966566381256948,4904566506404428370,10123543919198671443,b9867b2aab34676166267d93a0ba54f85d8d3e16a48f275adee936a7b7f5b2d6,0,False
locality,40,9,LFU,LFU,3000,2520,480,0.84,0.16,-1.5625000000000013,477,-0.6289308176100629,loss,0.0015301660168915987,0.0,,0,16695966566381256948,4904566506404428370,10123543919198671443,b9867b2aab34676166267d93a0ba54f85d8d3e16a48f275adee936a7b7f5b2d6,0,False
locality,40,9,MRU,MRU,3000,1319,1681,0.43966666666666665,0.5603333333333333,-627.0833333333333,477,-252.41090146750525,loss,0.0031590830767527223,0.0,,0,16695966566381256948,4904566506404428370,10123543919198671443,b9867b2aab34676166267d93a0ba54f85d8d3e16a48f275adee936a7b7f5b2d6,0,False
locality,40,9,OPT,OPT,3000,2715,285,0.905,0.095,100.0,477,40.25157232704402,win,0.0014653750695288181,0.0,,0,16695966566381256948,4904566506404428370,10123543919198671443,b9867b2aab34676166267d93a0ba54f85d8d3e16a48f275adee936a7b7f5b2d6,0,False
locality,40,9,LeCaR-inspired,LeCaR,3000,2533,467,0.8443333333333334,0.15566666666666668,5.208333333333323,477,2.0964360587002098,win,0.001872665947303176,0.0,,0,16695966566381256948,4904566506404428370,10123543919198671443,b9867b2aab34676166267d93a0ba54f85d8d3e16a48f275adee936a7b7f5b2d6,0,False
locality,40,9,RL-Windowed,RL-Adaptive (windowed),3000,2498,502,0.8326666666666667,0.16733333333333333,-13.020833333333332,477,-5.241090146750524,loss,0.0021106250351294875,0.054940791917033494,"{""FIFO"": 0, ""LFU"": 0, ""LRU"": 57, ""MRU"": 3}",7,16695966566381256948,4904566506404428370,10123543919198671443,b9867b2aab34676166267d93a0ba54f85d8d3e16a48f275adee936a7b7f5b2d6,0,False
locality,40,9,RL-FixedCommit-20,RL-Adaptive (per-eviction),3000,2497,503,0.8323333333333334,0.16766666666666666,-13.541666666666648,477,-5.450733752620545,loss,0.0017787920078262687,0.04997137503232807,"{""FIFO"": 0, ""LFU"": 183, ""LRU"": 240, ""MRU"": 40}",9,16695966566381256948,4904566506404428370,10123543919198671443,b9867b2aab34676166267d93a0ba54f85d8d3e16a48f275adee936a7b7f5b2d6,0,False
mixed,10,0,FIFO,FIFO,3000,378,2622,0.126,0.874,-1.5957446808510651,2603,-0.7299270072992701,loss,0.0023833339801058173,0.0,,0,999999,42,0,93ad6e1c7b84349c4af0d8ff53ca036b2fcce02b93afaa8a1a114c3e7e590343,0,False
mixed,10,0,LRU,LRU,3000,390,2610,0.13,0.87,0.0,2603,-0.26892047637341526,loss,0.0023863340029492974,0.0,,0,999999,42,0,93ad6e1c7b84349c4af0d8ff53ca036b2fcce02b93afaa8a1a114c3e7e590343,0,False
mixed,10,0,LFU,LFU,3000,397,2603,0.13233333333333333,0.8676666666666667,0.9308510638297731,2603,0.0,tie,0.0029014580650255084,0.0,,0,999999,42,0,93ad6e1c7b84349c4af0d8ff53ca036b2fcce02b93afaa8a1a114c3e7e590343,0,False
mixed,10,0,MRU,MRU,3000,316,2684,0.10533333333333333,0.8946666666666667,-9.840425531914915,2603,-3.11179408374952,loss,0.0024955839617177844,0.0,,0,999999,42,0,93ad6e1c7b84349c4af0d8ff53ca036b2fcce02b93afaa8a1a114c3e7e590343,0,False
mixed,10,0,OPT,OPT,3000,1142,1858,0.38066666666666665,0.6193333333333333,100.0,2603,28.620822128313485,win,0.002846707939170301,0.0,,0,999999,42,0,93ad6e1c7b84349c4af0d8ff53ca036b2fcce02b93afaa8a1a114c3e7e590343,0,False
mixed,10,0,LeCaR-inspired,LeCaR,3000,383,2617,0.12766666666666668,0.8723333333333333,-0.9308510638297731,2603,-0.5378409527468305,loss,0.004201458068564534,0.0,,0,999999,42,0,93ad6e1c7b84349c4af0d8ff53ca036b2fcce02b93afaa8a1a114c3e7e590343,0,False
mixed,10,0,RL-Windowed,RL-Adaptive (windowed),3000,435,2565,0.145,0.855,5.984042553191494,2603,1.4598540145985401,win,0.003360584028996527,0.0838544589933008,"{""FIFO"": 6, ""LFU"": 10, ""LRU"": 5, ""MRU"": 39}",9,999999,42,0,93ad6e1c7b84349c4af0d8ff53ca036b2fcce02b93afaa8a1a114c3e7e590343,0,False
mixed,10,0,RL-FixedCommit-20,RL-Adaptive (per-eviction),3000,608,2392,0.20266666666666666,0.7973333333333333,28.989361702127653,2603,8.106031502112947,win,0.0036694169975817204,0.11407825001515448,"{""FIFO"": 580, ""LFU"": 882, ""LRU"": 0, ""MRU"": 920}",21,999999,42,0,93ad6e1c7b84349c4af0d8ff53ca036b2fcce02b93afaa8a1a114c3e7e590343,0,False
mixed,10,1,FIFO,FIFO,3000,395,2605,0.13166666666666665,0.8683333333333333,-2.631578947368424,2360,-10.38135593220339,loss,0.002383209066465497,0.0,,0,7603780415275720334,16209500297135330722,14748072052631952262,523c1c9a73535e2c557eae24579493191ef59d961026564e91c080290958a7b4,0,False
mixed,10,1,LRU,LRU,3000,413,2587,0.13766666666666666,0.8623333333333333,0.0,2360,-9.61864406779661,loss,0.002379041980020702,0.0,,0,7603780415275720334,16209500297135330722,14748072052631952262,523c1c9a73535e2c557eae24579493191ef59d961026564e91c080290958a7b4,0,False
mixed,10,1,LFU,LFU,3000,640,2360,0.21333333333333335,0.7866666666666666,33.187134502923975,2360,0.0,tie,0.002668082946911454,0.0,,0,7603780415275720334,16209500297135330722,14748072052631952262,523c1c9a73535e2c557eae24579493191ef59d961026564e91c080290958a7b4,0,False
mixed,10,1,MRU,MRU,3000,348,2652,0.116,0.884,-9.502923976608212,2360,-12.372881355932204,loss,0.0024540419690310955,0.0,,0,7603780415275720334,16209500297135330722,14748072052631952262,523c1c9a73535e2c557eae24579493191ef59d961026564e91c080290958a7b4,0,False
mixed,10,1,OPT,OPT,3000,1097,1903,0.36566666666666664,0.6343333333333333,100.0,2360,19.364406779661017,win,0.0028713749488815665,0.0,,0,7603780415275720334,16209500297135330722,14748072052631952262,523c1c9a73535e2c557eae24579493191ef59d961026564e91c080290958a7b4,0,False
mixed,10,1,LeCaR-inspired,LeCaR,3000,418,2582,0.13933333333333334,0.8606666666666667,0.7309941520467519,2360,-9.40677966101695,loss,0.004144625039771199,0.0,,0,7603780415275720334,16209500297135330722,14748072052631952262,523c1c9a73535e2c557eae24579493191ef59d961026564e91c080290958a7b4,0,False
mixed,10,1,RL-Windowed,RL-Adaptive (windowed),3000,497,2503,0.16566666666666666,0.8343333333333334,12.280701754385928,2360,-6.059322033898305,loss,0.003233542083762586,0.08204558305442333,"{""FIFO"": 26, ""LFU"": 1, ""LRU"": 5, ""MRU"": 28}",8,7603780415275720334,16209500297135330722,14748072052631952262,523c1c9a73535e2c557eae24579493191ef59d961026564e91c080290958a7b4,0,False
mixed,10,1,RL-FixedCommit-20,RL-Adaptive (per-eviction),3000,468,2532,0.156,0.844,8.04093567251461,2360,-7.288135593220339,loss,0.003988750046119094,0.11327495891600847,"{""FIFO"": 40, ""LFU"": 1660, ""LRU"": 400, ""MRU"": 422}",20,7603780415275720334,16209500297135330722,14748072052631952262,523c1c9a73535e2c557eae24579493191ef59d961026564e91c080290958a7b4,0,False
mixed,10,2,FIFO,FIFO,3000,261,2739,0.087,0.913,-1.6726403823178162,2646,-3.5147392290249435,loss,0.0024505830369889736,0.0,,0,1311293186698117257,11830697930886925429,2017808274605161281,2f80aaf176b1261bf989304226b3bf59c9b9f30f78f3cde881f7f3aa717636df,0,False
mixed,10,2,LRU,LRU,3000,275,2725,0.09166666666666666,0.9083333333333333,0.0,2646,-2.985638699924414,loss,0.002456667018122971,0.0,,0,1311293186698117257,11830697930886925429,2017808274605161281,2f80aaf176b1261bf989304226b3bf59c9b9f30f78f3cde881f7f3aa717636df,0,False
mixed,10,2,LFU,LFU,3000,354,2646,0.118,0.882,9.438470728793304,2646,0.0,tie,0.002929790993221104,0.0,,0,1311293186698117257,11830697930886925429,2017808274605161281,2f80aaf176b1261bf989304226b3bf59c9b9f30f78f3cde881f7f3aa717636df,0,False
mixed,10,2,MRU,MRU,3000,251,2749,0.08366666666666667,0.9163333333333333,-2.8673835125448055,2646,-3.892668178382464,loss,0.002514541964046657,0.0,,0,1311293186698117257,11830697930886925429,2017808274605161281,2f80aaf176b1261bf989304226b3bf59c9b9f30f78f3cde881f7f3aa717636df,0,False
mixed,10,2,OPT,OPT,3000,1112,1888,0.37066666666666664,0.6293333333333333,100.0,2646,28.647014361300077,win,0.0029193750815466046,0.0,,0,1311293186698117257,11830697930886925429,2017808274605161281,2f80aaf176b1261bf989304226b3bf59c9b9f30f78f3cde881f7f3aa717636df,0,False
mixed,10,2,LeCaR-inspired,LeCaR,3000,274,2726,0.09133333333333334,0.9086666666666666,-0.11947431302268695,2646,-3.0234315948601664,loss,0.004427041974849999,0.0,,0,1311293186698117257,11830697930886925429,2017808274605161281,2f80aaf176b1261bf989304226b3bf59c9b9f30f78f3cde881f7f3aa717636df,0,False
mixed,10,2,RL-Windowed,RL-Adaptive (windowed),3000,584,2416,0.19466666666666665,0.8053333333333333,36.917562724014324,2646,8.692365835222978,win,0.0031822079326957464,0.0819990000454709,"{""FIFO"": 7, ""LFU"": 1, ""LRU"": 17, ""MRU"": 35}",9,1311293186698117257,11830697930886925429,2017808274605161281,2f80aaf176b1261bf989304226b3bf59c9b9f30f78f3cde881f7f3aa717636df,0,False
mixed,10,2,RL-FixedCommit-20,RL-Adaptive (per-eviction),3000,494,2506,0.16466666666666666,0.8353333333333334,26.164874551971305,2646,5.291005291005291,win,0.0037044999189674854,0.11661249992903322,"{""FIFO"": 60, ""LFU"": 196, ""LRU"": 20, ""MRU"": 2220}",20,1311293186698117257,11830697930886925429,2017808274605161281,2f80aaf176b1261bf989304226b3bf59c9b9f30f78f3cde881f7f3aa717636df,0,False
mixed,10,3,FIFO,FIFO,3000,264,2736,0.088,0.912,-0.7863695937090437,2359,-15.981348028825774,loss,0.0024311670567840338,0.0,,0,6012596622266117738,17495910894054136267,2396255516597462061,257676b5e2cecaf57376355a1b287a4f514e2f3cb4a238aea49e8ded0aa81b23,0,False
mixed,10,3,LRU,LRU,3000,270,2730,0.09,0.91,0.0,2359,-15.72700296735905,loss,0.0024350000312551856,0.0,,0,6012596622266117738,17495910894054136267,2396255516597462061,257676b5e2cecaf57376355a1b287a4f514e2f3cb4a238aea49e8ded0aa81b23,0,False
mixed,10,3,LFU,LFU,3000,641,2359,0.21366666666666667,0.7863333333333333,48.62385321100917,2359,0.0,tie,0.0027049999916926026,0.0,,0,6012596622266117738,17495910894054136267,2396255516597462061,257676b5e2cecaf57376355a1b287a4f514e2f3cb4a238aea49e8ded0aa81b23,0,False
mixed,10,3,MRU,MRU,3000,455,2545,0.15166666666666667,0.8483333333333334,24.24639580602882,2359,-7.884696905468418,loss,0.002361082937568426,0.0,,0,6012596622266117738,17495910894054136267,2396255516597462061,257676b5e2cecaf57376355a1b287a4f514e2f3cb4a238aea49e8ded0aa81b23,0,False
mixed,10,3,OPT,OPT,3000,1033,1967,0.3443333333333333,0.6556666666666666,100.0,2359,16.617210682492583,win,0.0029587920289486647,0.0,,0,6012596622266117738,17495910894054136267,2396255516597462061,257676b5e2cecaf57376355a1b287a4f514e2f3cb4a238aea49e8ded0aa81b23,0,False
mixed,10,3,LeCaR-inspired,LeCaR,3000,277,2723,0.09233333333333334,0.9076666666666666,0.9174311926605802,2359,-15.43026706231454,loss,0.004394624964334071,0.0,,0,6012596622266117738,17495910894054136267,2396255516597462061,257676b5e2cecaf57376355a1b287a4f514e2f3cb4a238aea49e8ded0aa81b23,0,False
mixed,10,3,RL-Windowed,RL-Adaptive (windowed),3000,532,2468,0.17733333333333334,0.8226666666666667,34.33813892529489,2359,-4.620601949978805,loss,0.003180416999384761,0.08161899994593114,"{""FIFO"": 18, ""LFU"": 0, ""LRU"": 4, ""MRU"": 38}",10,6012596622266117738,17495910894054136267,2396255516597462061,257676b5e2cecaf57376355a1b287a4f514e2f3cb4a238aea49e8ded0aa81b23,0,False
mixed,10,3,RL-FixedCommit-20,RL-Adaptive (per-eviction),3000,604,2396,0.20133333333333334,0.7986666666666666,43.77457404980342,2359,-1.5684612123781263,loss,0.003486374975182116,0.11150087497662753,"{""FIFO"": 726, ""LFU"": 20, ""LRU"": 20, ""MRU"": 1620}",21,6012596622266117738,17495910894054136267,2396255516597462061,257676b5e2cecaf57376355a1b287a4f514e2f3cb4a238aea49e8ded0aa81b23,0,False
mixed,10,4,FIFO,FIFO,3000,132,2868,0.044,0.956,-0.8665511265164266,2710,-5.830258302583026,loss,0.0025071250274777412,0.0,,0,5408674312521439794,3339676171185130067,6751779647741319001,a5a342e0dcbcc7ba89e908c64fa373ac0709f25eb81fd3abc66cf0d508f84ae9,0,False
mixed,10,4,LRU,LRU,3000,137,2863,0.04566666666666667,0.9543333333333334,0.0,2710,-5.645756457564576,loss,0.0025010419776663184,0.0,,0,5408674312521439794,3339676171185130067,6751779647741319001,a5a342e0dcbcc7ba89e908c64fa373ac0709f25eb81fd3abc66cf0d508f84ae9,0,False
mixed,10,4,LFU,LFU,3000,270,2730,0.09,0.91,23.050259965337954,2710,-0.7380073800738007,loss,0.0029950420139357448,0.0,,0,5408674312521439794,3339676171185130067,6751779647741319001,a5a342e0dcbcc7ba89e908c64fa373ac0709f25eb81fd3abc66cf0d508f84ae9,0,False
mixed,10,4,MRU,MRU,3000,290,2710,0.09666666666666666,0.9033333333333333,26.516464471403832,2710,0.0,tie,0.002476459019817412,0.0,,0,5408674312521439794,3339676171185130067,6751779647741319001,a5a342e0dcbcc7ba89e908c64fa373ac0709f25eb81fd3abc66cf0d508f84ae9,0,False
mixed,10,4,OPT,OPT,3000,714,2286,0.238,0.762,100.0,2710,15.645756457564575,win,0.0032882499508559704,0.0,,0,5408674312521439794,3339676171185130067,6751779647741319001,a5a342e0dcbcc7ba89e908c64fa373ac0709f25eb81fd3abc66cf0d508f84ae9,0,False
mixed,10,4,LeCaR-inspired,LeCaR,3000,137,2863,0.04566666666666667,0.9543333333333334,0.0,2710,-5.645756457564576,loss,0.004239083034917712,0.0,,0,5408674312521439794,3339676171185130067,6751779647741319001,a5a342e0dcbcc7ba89e908c64fa373ac0709f25eb81fd3abc66cf0d508f84ae9,0,False
mixed,10,4,RL-Windowed,RL-Adaptive (windowed),3000,297,2703,0.099,0.901,27.729636048526867,2710,0.25830258302583026,win,0.003353290958330035,0.0806396669941023,"{""FIFO"": 7, ""LFU"": 0, ""LRU"": 8, ""MRU"": 45}",9,5408674312521439794,3339676171185130067,6751779647741319001,a5a342e0dcbcc7ba89e908c64fa373ac0709f25eb81fd3abc66cf0d508f84ae9,0,False
mixed,10,4,RL-FixedCommit-20,RL-Adaptive (per-eviction),3000,144,2856,0.048,0.952,1.2131715771230895,2710,-5.387453874538745,loss,0.003976500011049211,0.11208470806013793,"{""FIFO"": 2166, ""LFU"": 140, ""LRU"": 60, ""MRU"": 480}",20,5408674312521439794,3339676171185130067,6751779647741319001,a5a342e0dcbcc7ba89e908c64fa373ac0709f25eb81fd3abc66cf0d508f84ae9,0,False
mixed,10,5,FIFO,FIFO,3000,195,2805,0.065,0.935,-2.2486772486772653,2436,-15.147783251231527,loss,0.0025043749483302236,0.0,,0,14773220918157553241,8377227333358801554,11096794183713103636,131391ebde5e3c900a26744f26e44f3ed29e2ad3e970595a1aa43a2454a528a4,0,False
mixed,10,5,LRU,LRU,3000,212,2788,0.07066666666666667,0.9293333333333333,0.0,2436,-14.44991789819376,loss,0.0024998749140650034,0.0,,0,14773220918157553241,8377227333358801554,11096794183713103636,131391ebde5e3c900a26744f26e44f3ed29e2ad3e970595a1aa43a2454a528a4,0,False
mixed,10,5,LFU,LFU,3000,564,2436,0.188,0.812,46.56084656084654,2436,0.0,tie,0.002756499918177724,0.0,,0,14773220918157553241,8377227333358801554,11096794183713103636,131391ebde5e3c900a26744f26e44f3ed29e2ad3e970595a1aa43a2454a528a4,0,False
mixed,10,5,MRU,MRU,3000,226,2774,0.07533333333333334,0.9246666666666666,1.851851851851868,2436,-13.875205254515599,loss,0.0025870410026982427,0.0,,0,14773220918157553241,8377227333358801554,11096794183713103636,131391ebde5e3c900a26744f26e44f3ed29e2ad3e970595a1aa43a2454a528a4,0,False
mixed,10,5,OPT,OPT,3000,968,2032,0.32266666666666666,0.6773333333333333,100.0,2436,16.58456486042693,win,0.0030121670570224524,0.0,,0,14773220918157553241,8377227333358801554,11096794183713103636,131391ebde5e3c900a26744f26e44f3ed29e2ad3e970595a1aa43a2454a528a4,0,False
mixed,10,5,LeCaR-inspired,LeCaR,3000,221,2779,0.07366666666666667,0.9263333333333333,1.1904761904761914,2436,-14.080459770114942,loss,0.004433749942108989,0.0,,0,14773220918157553241,8377227333358801554,11096794183713103636,131391ebde5e3c900a26744f26e44f3ed29e2ad3e970595a1aa43a2454a528a4,0,False
mixed,10,5,RL-Windowed,RL-Adaptive (windowed),3000,466,2534,0.15533333333333332,0.8446666666666667,33.5978835978836,2436,-4.022988505747127,loss,0.003342374926432967,0.08680379204452038,"{""FIFO"": 5, ""LFU"": 9, ""LRU"": 7, ""MRU"": 39}",9,14773220918157553241,8377227333358801554,11096794183713103636,131391ebde5e3c900a26744f26e44f3ed29e2ad3e970595a1aa43a2454a528a4,0,False
mixed,10,5,RL-FixedCommit-20,RL-Adaptive (per-eviction),3000,361,2639,0.12033333333333333,0.8796666666666667,19.708994708994698,2436,-8.333333333333334,loss,0.0038605829467996955,0.11316450010053813,"{""FIFO"": 180, ""LFU"": 440, ""LRU"": 220, ""MRU"": 1789}",18,14773220918157553241,8377227333358801554,11096794183713103636,131391ebde5e3c900a26744f26e44f3ed29e2ad3e970595a1aa43a2454a528a4,0,False
mixed,10,6,FIFO,FIFO,3000,467,2533,0.15566666666666668,0.8443333333333334,-0.3836317135549875,2254,-12.377994676131323,loss,0.0023034169571474195,0.0,,0,4178265869039737759,5131820145402808293,17406943955113393110,eaf967542e9cb3239bc3eb4fcd6f13f65765742e0134d695dde212c96aa53320,0,False
mixed,10,6,LRU,LRU,3000,470,2530,0.15666666666666668,0.8433333333333334,0.0,2254,-12.244897959183673,loss,0.002325583016499877,0.0,,0,4178265869039737759,5131820145402808293,17406943955113393110,eaf967542e9cb3239bc3eb4fcd6f13f65765742e0134d695dde212c96aa53320,0,False
mixed,10,6,LFU,LFU,3000,746,2254,0.24866666666666667,0.7513333333333333,35.29411764705885,2254,0.0,tie,0.0026203750167042017,0.0,,0,4178265869039737759,5131820145402808293,17406943955113393110,eaf967542e9cb3239bc3eb4fcd6f13f65765742e0134d695dde212c96aa53320,0,False
mixed,10,6,MRU,MRU,3000,307,2693,0.10233333333333333,0.8976666666666666,-20.84398976982093,2254,-19.476486246672582,loss,0.0024654169101268053,0.0,,0,4178265869039737759,5131820145402808293,17406943955113393110,eaf967542e9cb3239bc3eb4fcd6f13f65765742e0134d695dde212c96aa53320,0,False
mixed,10,6,OPT,OPT,3000,1252,1748,0.41733333333333333,0.5826666666666667,100.0,2254,22.448979591836736,win,0.0026773749850690365,0.0,,0,4178265869039737759,5131820145402808293,17406943955113393110,eaf967542e9cb3239bc3eb4fcd6f13f65765742e0134d695dde212c96aa53320,0,False
mixed,10,6,LeCaR-inspired,LeCaR,3000,465,2535,0.155,0.845,-0.639386189258284,2254,-12.466725820763088,loss,0.004132290952838957,0.0,,0,4178265869039737759,5131820145402808293,17406943955113393110,eaf967542e9cb3239bc3eb4fcd6f13f65765742e0134d695dde212c96aa53320,0,False
mixed,10,6,RL-Windowed,RL-Adaptive (windowed),3000,561,2439,0.187,0.813,11.636828644501316,2254,-8.207630878438332,loss,0.0034856669371947646,0.08733020897489041,"{""FIFO"": 13, ""LFU"": 31, ""LRU"": 8, ""MRU"": 8}",9,4178265869039737759,5131820145402808293,17406943955113393110,eaf967542e9cb3239bc3eb4fcd6f13f65765742e0134d695dde212c96aa53320,0,False
mixed,10,6,RL-FixedCommit-20,RL-Adaptive (per-eviction),3000,529,2471,0.17633333333333334,0.8236666666666667,7.544757033248102,2254,-9.627329192546584,loss,0.003621333045884967,0.11873412504792213,"{""FIFO"": 0, ""LFU"": 100, ""LRU"": 1380, ""MRU"": 981}",19,4178265869039737759,5131820145402808293,17406943955113393110,eaf967542e9cb3239bc3eb4fcd6f13f65765742e0134d695dde212c96aa53320,0,False
mixed,10,7,FIFO,FIFO,3000,357,2643,0.119,0.881,-1.5988372093023437,2279,-15.971917507678807,loss,0.002385874977335334,0.0,,0,4153416652889310878,16598305108710322726,6842020507374840286,2a436afb508972a32d4a4c0603f58f9790ebc98623c3d204b3b8c7ca58702e07,0,False
mixed,10,7,LRU,LRU,3000,368,2632,0.12266666666666666,0.8773333333333333,0.0,2279,-15.489249670908293,loss,0.0023908750154078007,0.0,,0,4153416652889310878,16598305108710322726,6842020507374840286,2a436afb508972a32d4a4c0603f58f9790ebc98623c3d204b3b8c7ca58702e07,0,False
mixed,10,7,LFU,LFU,3000,721,2279,0.24033333333333334,0.7596666666666667,51.3081395348837,2279,0.0,tie,0.0026240000734105706,0.0,,0,4153416652889310878,16598305108710322726,6842020507374840286,2a436afb508972a32d4a4c0603f58f9790ebc98623c3d204b3b8c7ca58702e07,0,False
mixed,10,7,MRU,MRU,3000,392,2608,0.13066666666666665,0.8693333333333333,3.48837209302326,2279,-14.436156208863537,loss,0.0024203748907893896,0.0,,0,4153416652889310878,16598305108710322726,6842020507374840286,2a436afb508972a32d4a4c0603f58f9790ebc98623c3d204b3b8c7ca58702e07,0,False
mixed,10,7,OPT,OPT,3000,1056,1944,0.352,0.648,100.0,2279,14.699429574374726,win,0.0029338750755414367,0.0,,0,4153416652889310878,16598305108710322726,6842020507374840286,2a436afb508972a32d4a4c0603f58f9790ebc98623c3d204b3b8c7ca58702e07,0,False
mixed,10,7,LeCaR-inspired,LeCaR,3000,368,2632,0.12266666666666666,0.8773333333333333,0.0,2279,-15.489249670908293,loss,0.004145334009081125,0.0,,0,4153416652889310878,16598305108710322726,6842020507374840286,2a436afb508972a32d4a4c0603f58f9790ebc98623c3d204b3b8c7ca58702e07,0,False
mixed,10,7,RL-Windowed,RL-Adaptive (windowed),3000,453,2547,0.151,0.849,12.354651162790695,2279,-11.75954365949978,loss,0.003262624959461391,0.08281804108992219,"{""FIFO"": 0, ""LFU"": 0, ""LRU"": 20, ""MRU"": 40}",9,4153416652889310878,16598305108710322726,6842020507374840286,2a436afb508972a32d4a4c0603f58f9790ebc98623c3d204b3b8c7ca58702e07,0,False
mixed,10,7,RL-FixedCommit-20,RL-Adaptive (per-eviction),3000,549,2451,0.183,0.817,26.308139534883736,2279,-7.547169811320755,loss,0.003660749993287027,0.1137292500352487,"{""FIFO"": 40, ""LFU"": 300, ""LRU"": 800, ""MRU"": 1301}",20,4153416652889310878,16598305108710322726,6842020507374840286,2a436afb508972a32d4a4c0603f58f9790ebc98623c3d204b3b8c7ca58702e07,0,False
mixed,10,8,FIFO,FIFO,3000,326,2674,0.10866666666666666,0.8913333333333333,-0.6615214994487326,2668,-0.22488755622188905,loss,0.0024080410366877913,0.0,,0,3891037102051981712,8075803143106818046,11392874176746735604,990e351751b685ab4155878431df4485a687eb8487e95d877ada14c6d3502a84,0,False
mixed,10,8,LRU,LRU,3000,332,2668,0.11066666666666666,0.8893333333333333,0.0,2668,0.0,tie,0.00241800001822412,0.0,,0,3891037102051981712,8075803143106818046,11392874176746735604,990e351751b685ab4155878431df4485a687eb8487e95d877ada14c6d3502a84,0,False
mixed,10,8,LFU,LFU,3000,313,2687,0.10433333333333333,0.8956666666666667,-2.094818081587678,2668,-0.712143928035982,loss,0.0030452499631792307,0.0,,0,3891037102051981712,8075803143106818046,11392874176746735604,990e351751b685ab4155878431df4485a687eb8487e95d877ada14c6d3502a84,0,False
mixed,10,8,MRU,MRU,3000,274,2726,0.09133333333333334,0.9086666666666666,-6.394707828004403,2668,-2.1739130434782608,loss,0.0024848750326782465,0.0,,0,3891037102051981712,8075803143106818046,11392874176746735604,990e351751b685ab4155878431df4485a687eb8487e95d877ada14c6d3502a84,0,False
mixed,10,8,OPT,OPT,3000,1239,1761,0.413,0.587,100.0,2668,33.99550224887556,win,0.0027793330373242497,0.0,,0,3891037102051981712,8075803143106818046,11392874176746735604,990e351751b685ab4155878431df4485a687eb8487e95d877ada14c6d3502a84,0,False
mixed,10,8,LeCaR-inspired,LeCaR,3000,350,2650,0.11666666666666667,0.8833333333333333,1.984564498346198,2668,0.6746626686656672,win,0.004390832968056202,0.0,,0,3891037102051981712,8075803143106818046,11392874176746735604,990e351751b685ab4155878431df4485a687eb8487e95d877ada14c6d3502a84,0,False
mixed,10,8,RL-Windowed,RL-Adaptive (windowed),3000,667,2333,0.22233333333333333,0.7776666666666666,36.93495038588755,2668,12.556221889055472,win,0.003259000019170344,0.08526995801366866,"{""FIFO"": 4, ""LFU"": 9, ""LRU"": 0, ""MRU"": 47}",9,3891037102051981712,8075803143106818046,11392874176746735604,990e351751b685ab4155878431df4485a687eb8487e95d877ada14c6d3502a84,0,False
mixed,10,8,RL-FixedCommit-20,RL-Adaptive (per-eviction),3000,757,2243,0.25233333333333335,0.7476666666666667,46.8577728776185,2668,15.929535232383808,win,0.0033856669906526804,0.11904124997090548,"{""FIFO"": 0, ""LFU"": 260, ""LRU"": 660, ""MRU"": 1313}",21,3891037102051981712,8075803143106818046,11392874176746735604,990e351751b685ab4155878431df4485a687eb8487e95d877ada14c6d3502a84,0,False
mixed,10,9,FIFO,FIFO,3000,303,2697,0.101,0.899,-1.4167650531286906,2231,-20.88749439713133,loss,0.002466082922182977,0.0,,0,5875192336284552080,10345539874955881770,7712372346208189527,cbf8f9cfe677da565b2ae33e9de338703c7ca60244902fb48ab109eccb40a63b,0,False
mixed,10,9,LRU,LRU,3000,315,2685,0.105,0.895,0.0,2231,-20.349619004930524,loss,0.0024578749435022473,0.0,,0,5875192336284552080,10345539874955881770,7712372346208189527,cbf8f9cfe677da565b2ae33e9de338703c7ca60244902fb48ab109eccb40a63b,0,False
mixed,10,9,LFU,LFU,3000,769,2231,0.25633333333333336,0.7436666666666667,53.60094451003542,2231,0.0,tie,0.0025807920610532165,0.0,,0,5875192336284552080,10345539874955881770,7712372346208189527,cbf8f9cfe677da565b2ae33e9de338703c7ca60244902fb48ab109eccb40a63b,0,False
mixed,10,9,MRU,MRU,3000,348,2652,0.116,0.884,3.8961038961038996,2231,-18.870461676378305,loss,0.002455500070936978,0.0,,0,5875192336284552080,10345539874955881770,7712372346208189527,cbf8f9cfe677da565b2ae33e9de338703c7ca60244902fb48ab109eccb40a63b,0,False
mixed,10,9,OPT,OPT,3000,1162,1838,0.3873333333333333,0.6126666666666667,100.0,2231,17.615419094576424,win,0.0028443329501897097,0.0,,0,5875192336284552080,10345539874955881770,7712372346208189527,cbf8f9cfe677da565b2ae33e9de338703c7ca60244902fb48ab109eccb40a63b,0,False
mixed,10,9,LeCaR-inspired,LeCaR,3000,316,2684,0.10533333333333333,0.8946666666666667,0.11806375442737779,2231,-20.304796055580457,loss,0.004457792034372687,0.0,,0,5875192336284552080,10345539874955881770,7712372346208189527,cbf8f9cfe677da565b2ae33e9de338703c7ca60244902fb48ab109eccb40a63b,0,False
mixed,10,9,RL-Windowed,RL-Adaptive (windowed),3000,740,2260,0.24666666666666667,0.7533333333333333,50.17709563164111,2231,-1.2998655311519498,loss,0.0032093330519273877,0.08570920792408288,"{""FIFO"": 0, ""LFU"": 15, ""LRU"": 21, ""MRU"": 24}",9,5875192336284552080,10345539874955881770,7712372346208189527,cbf8f9cfe677da565b2ae33e9de338703c7ca60244902fb48ab109eccb40a63b,0,False
mixed,10,9,RL-FixedCommit-20,RL-Adaptive (per-eviction),3000,699,2301,0.233,0.767,45.336481700118064,2231,-3.137606454504706,loss,0.0033645000075921416,0.11263758398126811,"{""FIFO"": 300, ""LFU"": 20, ""LRU"": 620, ""MRU"": 1351}",19,5875192336284552080,10345539874955881770,7712372346208189527,cbf8f9cfe677da565b2ae33e9de338703c7ca60244902fb48ab109eccb40a63b,0,False
mixed,20,0,FIFO,FIFO,3000,641,2359,0.21366666666666667,0.7863333333333333,-5.781990521327009,2240,-5.3125,loss,0.0027864580042660236,0.0,,0,999999,42,0,93ad6e1c7b84349c4af0d8ff53ca036b2fcce02b93afaa8a1a114c3e7e590343,0,False
mixed,20,0,LRU,LRU,3000,702,2298,0.234,0.766,0.0,2240,-2.5892857142857144,loss,0.002766457968391478,0.0,,0,999999,42,0,93ad6e1c7b84349c4af0d8ff53ca036b2fcce02b93afaa8a1a114c3e7e590343,0,False
mixed,20,0,LFU,LFU,3000,760,2240,0.25333333333333335,0.7466666666666667,5.497630331753549,2240,0.0,tie,0.0036373749608173966,0.0,,0,999999,42,0,93ad6e1c7b84349c4af0d8ff53ca036b2fcce02b93afaa8a1a114c3e7e590343,0,False
mixed,20,0,MRU,MRU,3000,638,2362,0.21266666666666667,0.7873333333333333,-6.066350710900468,2240,-5.446428571428571,loss,0.0029402499785646796,0.0,,0,999999,42,0,93ad6e1c7b84349c4af0d8ff53ca036b2fcce02b93afaa8a1a114c3e7e590343,0,False
mixed,20,0,OPT,OPT,3000,1757,1243,0.5856666666666667,0.41433333333333333,100.0,2240,44.50892857142857,win,0.0034557919716462493,0.0,,0,999999,42,0,93ad6e1c7b84349c4af0d8ff53ca036b2fcce02b93afaa8a1a114c3e7e590343,0,False
mixed,20,0,LeCaR-inspired,LeCaR,3000,726,2274,0.242,0.758,2.27488151658768,2240,-1.5178571428571428,loss,0.004882624954916537,0.0,,0,999999,42,0,93ad6e1c7b84349c4af0d8ff53ca036b2fcce02b93afaa8a1a114c3e7e590343,0,False
mixed,20,0,RL-Windowed,RL-Adaptive (windowed),3000,805,2195,0.2683333333333333,0.7316666666666667,9.763033175355448,2240,2.0089285714285716,win,0.003609540988691151,0.09053600009065121,"{""FIFO"": 16, ""LFU"": 0, ""LRU"": 5, ""MRU"": 39}",9,999999,42,0,93ad6e1c7b84349c4af0d8ff53ca036b2fcce02b93afaa8a1a114c3e7e590343,0,False
mixed,20,0,RL-FixedCommit-20,RL-Adaptive (per-eviction),3000,1199,1801,0.39966666666666667,0.6003333333333334,47.10900473933648,2240,19.598214285714285,win,0.0033071250654757023,0.10817841603420675,"{""FIFO"": 300, ""LFU"": 40, ""LRU"": 801, ""MRU"": 640}",15,999999,42,0,93ad6e1c7b84349c4af0d8ff53ca036b2fcce02b93afaa8a1a114c3e7e590343,0,False
mixed,20,1,FIFO,FIFO,3000,701,2299,0.23366666666666666,0.7663333333333333,-8.10502283105021,1729,-32.967032967032964,loss,0.0027105420595034957,0.0,,0,7603780415275720334,16209500297135330722,14748072052631952262,523c1c9a73535e2c557eae24579493191ef59d961026564e91c080290958a7b4,0,False
mixed,20,1,LRU,LRU,3000,772,2228,0.25733333333333336,0.7426666666666667,0.0,1729,-28.860613071139387,loss,0.0027265410171821713,0.0,,0,7603780415275720334,16209500297135330722,14748072052631952262,523c1c9a73535e2c557eae24579493191ef59d961026564e91c080290958a7b4,0,False
mixed,20,1,LFU,LFU,3000,1271,1729,0.4236666666666667,0.5763333333333334,56.96347031963469,1729,0.0,tie,0.00287054106593132,0.0,,0,7603780415275720334,16209500297135330722,14748072052631952262,523c1c9a73535e2c557eae24579493191ef59d961026564e91c080290958a7b4,0,False
mixed,20,1,MRU,MRU,3000,733,2267,0.24433333333333335,0.7556666666666667,-4.452054794520551,1729,-31.116252168883747,loss,0.0028198750223964453,0.0,,0,7603780415275720334,16209500297135330722,14748072052631952262,523c1c9a73535e2c557eae24579493191ef59d961026564e91c080290958a7b4,0,False
mixed,20,1,OPT,OPT,3000,1648,1352,0.5493333333333333,0.45066666666666666,100.0,1729,21.804511278195488,win,0.003766792011447251,0.0,,0,7603780415275720334,16209500297135330722,14748072052631952262,523c1c9a73535e2c557eae24579493191ef59d961026564e91c080290958a7b4,0,False
mixed,20,1,LeCaR-inspired,LeCaR,3000,832,2168,0.2773333333333333,0.7226666666666667,6.849315068493156,1729,-25.3903990746096,loss,0.004581207991577685,0.0,,0,7603780415275720334,16209500297135330722,14748072052631952262,523c1c9a73535e2c557eae24579493191ef59d961026564e91c080290958a7b4,0,False
mixed,20,1,RL-Windowed,RL-Adaptive (windowed),3000,971,2029,0.32366666666666666,0.6763333333333333,22.716894977168955,1729,-17.35106998264893,loss,0.0034362500300630927,0.09021141694393009,"{""FIFO"": 26, ""LFU"": 1, ""LRU"": 5, ""MRU"": 28}",8,7603780415275720334,16209500297135330722,14748072052631952262,523c1c9a73535e2c557eae24579493191ef59d961026564e91c080290958a7b4,0,False
mixed,20,1,RL-FixedCommit-20,RL-Adaptive (per-eviction),3000,1274,1726,0.4246666666666667,0.5753333333333334,57.30593607305935,1729,0.1735106998264893,win,0.004180250107310712,0.10753854201175272,"{""FIFO"": 0, ""LFU"": 1666, ""LRU"": 20, ""MRU"": 20}",18,7603780415275720334,16209500297135330722,14748072052631952262,523c1c9a73535e2c557eae24579493191ef59d961026564e91c080290958a7b4,0,False
mixed,20,2,FIFO,FIFO,3000,751,2249,0.25033333333333335,0.7496666666666667,18.215069495245054,2249,0.0,tie,0.0026840410428121686,0.0,,0,1311293186698117257,11830697930886925429,2017808274605161281,2f80aaf176b1261bf989304226b3bf59c9b9f30f78f3cde881f7f3aa717636df,0,False
mixed,20,2,LRU,LRU,3000,502,2498,0.16733333333333333,0.8326666666666667,0.0,2249,-11.071587372165407,loss,0.003480833023786545,0.0,,0,1311293186698117257,11830697930886925429,2017808274605161281,2f80aaf176b1261bf989304226b3bf59c9b9f30f78f3cde881f7f3aa717636df,0,False
mixed,20,2,LFU,LFU,3000,718,2282,0.23933333333333334,0.7606666666666667,15.801024140453537,2249,-1.4673188083592708,loss,0.004329166957177222,0.0,,0,1311293186698117257,11830697930886925429,2017808274605161281,2f80aaf176b1261bf989304226b3bf59c9b9f30f78f3cde881f7f3aa717636df,0,False
mixed,20,2,MRU,MRU,3000,608,2392,0.20266666666666666,0.7973333333333333,7.754206291148499,2249,-6.358381502890174,loss,0.0037224170519039035,0.0,,0,1311293186698117257,11830697930886925429,2017808274605161281,2f80aaf176b1261bf989304226b3bf59c9b9f30f78f3cde881f7f3aa717636df,0,False
mixed,20,2,OPT,OPT,3000,1869,1131,0.623,0.377,100.0,2249,49.71098265895954,win,0.0034613339230418205,0.0,,0,1311293186698117257,11830697930886925429,2017808274605161281,2f80aaf176b1261bf989304226b3bf59c9b9f30f78f3cde881f7f3aa717636df,0,False
mixed,20,2,LeCaR-inspired,LeCaR,3000,565,2435,0.18833333333333332,0.8116666666666666,4.608632040965623,2249,-8.270342374388617,loss,0.005936790956184268,0.0,,0,1311293186698117257,11830697930886925429,2017808274605161281,2f80aaf176b1261bf989304226b3bf59c9b9f30f78f3cde881f7f3aa717636df,0,False
mixed,20,2,RL-Windowed,RL-Adaptive (windowed),3000,1254,1746,0.418,0.582,55.01097293343088,2249,22.3654957759004,win,0.0031432919204235077,0.09166041691787541,"{""FIFO"": 15, ""LFU"": 1, ""LRU"": 17, ""MRU"": 27}",9,1311293186698117257,11830697930886925429,2017808274605161281,2f80aaf176b1261bf989304226b3bf59c9b9f30f78f3cde881f7f3aa717636df,0,False
mixed,20,2,RL-FixedCommit-20,RL-Adaptive (per-eviction),3000,1260,1740,0.42,0.58,55.449890270665705,2249,22.632281013783903,win,0.0032306250650435686,0.11156004201620817,"{""FIFO"": 660, ""LFU"": 20, ""LRU"": 220, ""MRU"": 820}",22,1311293186698117257,11830697930886925429,2017808274605161281,2f80aaf176b1261bf989304226b3bf59c9b9f30f78f3cde881f7f3aa717636df,0,False
mixed,20,3,FIFO,FIFO,3000,641,2359,0.21366666666666667,0.7863333333333333,11.716842961757537,1725,-36.7536231884058,loss,0.0028457919834181666,0.0,,0,6012596622266117738,17495910894054136267,2396255516597462061,257676b5e2cecaf57376355a1b287a4f514e2f3cb4a238aea49e8ded0aa81b23,0,False
mixed,20,3,LRU,LRU,3000,497,2503,0.16566666666666666,0.8343333333333334,0.0,1725,-45.10144927536232,loss,0.0029352089622989297,0.0,,0,6012596622266117738,17495910894054136267,2396255516597462061,257676b5e2cecaf57376355a1b287a4f514e2f3cb4a238aea49e8ded0aa81b23,0,False
mixed,20,3,LFU,LFU,3000,1275,1725,0.425,0.575,63.30349877949555,1725,0.0,tie,0.0028531249845400453,0.0,,0,6012596622266117738,17495910894054136267,2396255516597462061,257676b5e2cecaf57376355a1b287a4f514e2f3cb4a238aea49e8ded0aa81b23,0,False
mixed,20,3,MRU,MRU,3000,871,2129,0.29033333333333333,0.7096666666666667,30.431244914564694,1725,-23.420289855072465,loss,0.0027080830186605453,0.0,,0,6012596622266117738,17495910894054136267,2396255516597462061,257676b5e2cecaf57376355a1b287a4f514e2f3cb4a238aea49e8ded0aa81b23,0,False
mixed,20,3,OPT,OPT,3000,1726,1274,0.5753333333333334,0.4246666666666667,100.0,1725,26.144927536231883,win,0.003544374951161444,0.0,,0,6012596622266117738,17495910894054136267,2396255516597462061,257676b5e2cecaf57376355a1b287a4f514e2f3cb4a238aea49e8ded0aa81b23,0,False
mixed,20,3,LeCaR-inspired,LeCaR,3000,562,2438,0.18733333333333332,0.8126666666666666,5.288852725793341,1725,-41.333333333333336,loss,0.00521279196254909,0.0,,0,6012596622266117738,17495910894054136267,2396255516597462061,257676b5e2cecaf57376355a1b287a4f514e2f3cb4a238aea49e8ded0aa81b23,0,False
mixed,20,3,RL-Windowed,RL-Adaptive (windowed),3000,1097,1903,0.36566666666666664,0.6343333333333333,48.82017900732304,1725,-10.318840579710145,loss,0.003329457947984338,0.08830483304336667,"{""FIFO"": 18, ""LFU"": 0, ""LRU"": 4, ""MRU"": 38}",10,6012596622266117738,17495910894054136267,2396255516597462061,257676b5e2cecaf57376355a1b287a4f514e2f3cb4a238aea49e8ded0aa81b23,0,False
mixed,20,3,RL-FixedCommit-20,RL-Adaptive (per-eviction),3000,1254,1746,0.418,0.582,61.59479251423924,1725,-1.2173913043478262,loss,0.00327158288564533,0.10961195803247392,"{""FIFO"": 640, ""LFU"": 0, ""LRU"": 126, ""MRU"": 960}",20,6012596622266117738,17495910894054136267,2396255516597462061,257676b5e2cecaf57376355a1b287a4f514e2f3cb4a238aea49e8ded0aa81b23,0,False
mixed,20,4,FIFO,FIFO,3000,241,2759,0.08033333333333334,0.9196666666666666,-1.8054162487462406,2435,-13.305954825462011,loss,0.0032700829906389117,0.0,,0,5408674312521439794,3339676171185130067,6751779647741319001,a5a342e0dcbcc7ba89e908c64fa373ac0709f25eb81fd3abc66cf0d508f84ae9,0,False
mixed,20,4,LRU,LRU,3000,259,2741,0.08633333333333333,0.9136666666666666,0.0,2435,-12.566735112936344,loss,0.0032170830527320504,0.0,,0,5408674312521439794,3339676171185130067,6751779647741319001,a5a342e0dcbcc7ba89e908c64fa373ac0709f25eb81fd3abc66cf0d508f84ae9,0,False
mixed,20,4,LFU,LFU,3000,529,2471,0.17633333333333334,0.8236666666666667,27.081243731193577,2435,-1.4784394250513346,loss,0.003953791921958327,0.0,,0,5408674312521439794,3339676171185130067,6751779647741319001,a5a342e0dcbcc7ba89e908c64fa373ac0709f25eb81fd3abc66cf0d508f84ae9,0,False
mixed,20,4,MRU,MRU,3000,565,2435,0.18833333333333332,0.8116666666666666,30.692076228686062,2435,0.0,tie,0.003061459050513804,0.0,,0,5408674312521439794,3339676171185130067,6751779647741319001,a5a342e0dcbcc7ba89e908c64fa373ac0709f25eb81fd3abc66cf0d508f84ae9,0,False
mixed,20,4,OPT,OPT,3000,1256,1744,0.4186666666666667,0.5813333333333334,100.0,2435,28.37782340862423,win,0.004752207896672189,0.0,,0,5408674312521439794,3339676171185130067,6751779647741319001,a5a342e0dcbcc7ba89e908c64fa373ac0709f25eb81fd3abc66cf0d508f84ae9,0,False
mixed,20,4,LeCaR-inspired,LeCaR,3000,276,2724,0.092,0.908,1.7051153460380941,2435,-11.868583162217659,loss,0.005577082978561521,0.0,,0,5408674312521439794,3339676171185130067,6751779647741319001,a5a342e0dcbcc7ba89e908c64fa373ac0709f25eb81fd3abc66cf0d508f84ae9,0,False
mixed,20,4,RL-Windowed,RL-Adaptive (windowed),3000,547,2453,0.18233333333333332,0.8176666666666667,28.886659979939814,2435,-0.7392197125256673,loss,0.0039873330388218164,0.09127650002483279,"{""FIFO"": 2, ""LFU"": 5, ""LRU"": 8, ""MRU"": 45}",9,5408674312521439794,3339676171185130067,6751779647741319001,a5a342e0dcbcc7ba89e908c64fa373ac0709f25eb81fd3abc66cf0d508f84ae9,0,False
mixed,20,4,RL-FixedCommit-20,RL-Adaptive (per-eviction),3000,547,2453,0.18233333333333332,0.8176666666666667,28.886659979939814,2435,-0.7392197125256673,loss,0.004244875046424568,0.10300487501081079,"{""FIFO"": 120, ""LFU"": 60, ""LRU"": 500, ""MRU"": 1753}",16,5408674312521439794,3339676171185130067,6751779647741319001,a5a342e0dcbcc7ba89e908c64fa373ac0709f25eb81fd3abc66cf0d508f84ae9,0,False
mixed,20,5,FIFO,FIFO,3000,487,2513,0.16233333333333333,0.8376666666666667,4.50819672131147,1872,-34.24145299145299,loss,0.0029386249370872974,0.0,,0,14773220918157553241,8377227333358801554,11096794183713103636,131391ebde5e3c900a26744f26e44f3ed29e2ad3e970595a1aa43a2454a528a4,0,False
mixed,20,5,LRU,LRU,3000,432,2568,0.144,0.856,0.0,1872,-37.17948717948718,loss,0.0030175000429153442,0.0,,0,14773220918157553241,8377227333358801554,11096794183713103636,131391ebde5e3c900a26744f26e44f3ed29e2ad3e970595a1aa43a2454a528a4,0,False
mixed,20,5,LFU,LFU,3000,1128,1872,0.376,0.624,57.04918032786884,1872,0.0,tie,0.0030698339687660336,0.0,,0,14773220918157553241,8377227333358801554,11096794183713103636,131391ebde5e3c900a26744f26e44f3ed29e2ad3e970595a1aa43a2454a528a4,0,False
mixed,20,5,MRU,MRU,3000,518,2482,0.17266666666666666,0.8273333333333334,7.049180327868839,1872,-32.585470085470085,loss,0.003005791106261313,0.0,,0,14773220918157553241,8377227333358801554,11096794183713103636,131391ebde5e3c900a26744f26e44f3ed29e2ad3e970595a1aa43a2454a528a4,0,False
mixed,20,5,OPT,OPT,3000,1652,1348,0.5506666666666666,0.4493333333333333,100.0,1872,27.99145299145299,win,0.0037003339966759086,0.0,,0,14773220918157553241,8377227333358801554,11096794183713103636,131391ebde5e3c900a26744f26e44f3ed29e2ad3e970595a1aa43a2454a528a4,0,False
mixed,20,5,LeCaR-inspired,LeCaR,3000,468,2532,0.156,0.844,2.95081967213115,1872,-35.256410256410255,loss,0.005406416952610016,0.0,,0,14773220918157553241,8377227333358801554,11096794183713103636,131391ebde5e3c900a26744f26e44f3ed29e2ad3e970595a1aa43a2454a528a4,0,False
mixed,20,5,RL-Windowed,RL-Adaptive (windowed),3000,1074,1926,0.358,0.642,52.62295081967212,1872,-2.8846153846153846,loss,0.0035477500641718507,0.09567379101645201,"{""FIFO"": 5, ""LFU"": 9, ""LRU"": 7, ""MRU"": 39}",9,14773220918157553241,8377227333358801554,11096794183713103636,131391ebde5e3c900a26744f26e44f3ed29e2ad3e970595a1aa43a2454a528a4,0,False
mixed,20,5,RL-FixedCommit-20,RL-Adaptive (per-eviction),3000,696,2304,0.232,0.768,21.639344262295072,1872,-23.076923076923077,loss,0.004250042024068534,0.11117199994623661,"{""FIFO"": 380, ""LFU"": 180, ""LRU"": 100, ""MRU"": 1624}",19,14773220918157553241,8377227333358801554,11096794183713103636,131391ebde5e3c900a26744f26e44f3ed29e2ad3e970595a1aa43a2454a528a4,0,False
mixed,20,6,FIFO,FIFO,3000,821,2179,0.27366666666666667,0.7263333333333334,-6.631578947368426,1614,-35.00619578686493,loss,0.0027995830168947577,0.0,,0,4178265869039737759,5131820145402808293,17406943955113393110,eaf967542e9cb3239bc3eb4fcd6f13f65765742e0134d695dde212c96aa53320,0,False
mixed,20,6,LRU,LRU,3000,884,2116,0.2946666666666667,0.7053333333333334,0.0,1614,-31.10285006195787,loss,0.0027583750197663903,0.0,,0,4178265869039737759,5131820145402808293,17406943955113393110,eaf967542e9cb3239bc3eb4fcd6f13f65765742e0134d695dde212c96aa53320,0,False
mixed,20,6,LFU,LFU,3000,1386,1614,0.462,0.538,52.84210526315789,1614,0.0,tie,0.0029435409232974052,0.0,,0,4178265869039737759,5131820145402808293,17406943955113393110,eaf967542e9cb3239bc3eb4fcd6f13f65765742e0134d695dde212c96aa53320,0,False
mixed,20,6,MRU,MRU,3000,670,2330,0.22333333333333333,0.7766666666666666,-22.526315789473657,1614,-44.36183395291202,loss,0.0030898749828338623,0.0,,0,4178265869039737759,5131820145402808293,17406943955113393110,eaf967542e9cb3239bc3eb4fcd6f13f65765742e0134d695dde212c96aa53320,0,False
mixed,20,6,OPT,OPT,3000,1834,1166,0.6113333333333333,0.38866666666666666,100.0,1614,27.757125154894673,win,0.003443166962824762,0.0,,0,4178265869039737759,5131820145402808293,17406943955113393110,eaf967542e9cb3239bc3eb4fcd6f13f65765742e0134d695dde212c96aa53320,0,False
mixed,20,6,LeCaR-inspired,LeCaR,3000,931,2069,0.31033333333333335,0.6896666666666667,4.947368421052647,1614,-28.1908302354399,loss,0.004876499995589256,0.0,,0,4178265869039737759,5131820145402808293,17406943955113393110,eaf967542e9cb3239bc3eb4fcd6f13f65765742e0134d695dde212c96aa53320,0,False
mixed,20,6,RL-Windowed,RL-Adaptive (windowed),3000,1055,1945,0.3516666666666667,0.6483333333333333,18.000000000000014,1614,-20.50805452292441,loss,0.004044250003062189,0.10292183293495327,"{""FIFO"": 13, ""LFU"": 31, ""LRU"": 8, ""MRU"": 8}",9,4178265869039737759,5131820145402808293,17406943955113393110,eaf967542e9cb3239bc3eb4fcd6f13f65765742e0134d695dde212c96aa53320,0,False
mixed,20,6,RL-FixedCommit-20,RL-Adaptive (per-eviction),3000,1000,2000,0.3333333333333333,0.6666666666666666,12.210526315789496,1614,-23.915737298636927,loss,0.0036820840323343873,0.11561020801309496,"{""FIFO"": 300, ""LFU"": 20, ""LRU"": 1000, ""MRU"": 660}",18,4178265869039737759,5131820145402808293,17406943955113393110,eaf967542e9cb3239bc3eb4fcd6f13f65765742e0134d695dde212c96aa53320,0,False
mixed,20,7,FIFO,FIFO,3000,728,2272,0.24266666666666667,0.7573333333333333,5.475206611570264,1543,-47.24562540505509,loss,0.002752666943706572,0.0,,0,4153416652889310878,16598305108710322726,6842020507374840286,2a436afb508972a32d4a4c0603f58f9790ebc98623c3d204b3b8c7ca58702e07,0,False
mixed,20,7,LRU,LRU,3000,675,2325,0.225,0.775,0.0,1543,-50.68049254698639,loss,0.002866624970920384,0.0,,0,4153416652889310878,16598305108710322726,6842020507374840286,2a436afb508972a32d4a4c0603f58f9790ebc98623c3d204b3b8c7ca58702e07,0,False
mixed,20,7,LFU,LFU,3000,1457,1543,0.4856666666666667,0.5143333333333333,80.78512396694215,1543,0.0,tie,0.002702999976463616,0.0,,0,4153416652889310878,16598305108710322726,6842020507374840286,2a436afb508972a32d4a4c0603f58f9790ebc98623c3d204b3b8c7ca58702e07,0,False
mixed,20,7,MRU,MRU,3000,769,2231,0.25633333333333336,0.7436666666666667,9.710743801652889,1543,-44.58846403110823,loss,0.0029227499617263675,0.0,,0,4153416652889310878,16598305108710322726,6842020507374840286,2a436afb508972a32d4a4c0603f58f9790ebc98623c3d204b3b8c7ca58702e07,0,False
mixed,20,7,OPT,OPT,3000,1643,1357,0.5476666666666666,0.4523333333333333,100.0,1543,12.054439403758911,win,0.0038634579395875335,0.0,,0,4153416652889310878,16598305108710322726,6842020507374840286,2a436afb508972a32d4a4c0603f58f9790ebc98623c3d204b3b8c7ca58702e07,0,False
mixed,20,7,LeCaR-inspired,LeCaR,3000,821,2179,0.27366666666666667,0.7263333333333334,15.082644628099162,1543,-41.218405703175634,loss,0.004714541952125728,0.0,,0,4153416652889310878,16598305108710322726,6842020507374840286,2a436afb508972a32d4a4c0603f58f9790ebc98623c3d204b3b8c7ca58702e07,0,False
mixed,20,7,RL-Windowed,RL-Adaptive (windowed),3000,956,2044,0.31866666666666665,0.6813333333333333,29.028925619834713,1543,-32.469215813350615,loss,0.0036522919544950128,0.09248329198453575,"{""FIFO"": 0, ""LFU"": 0, ""LRU"": 20, ""MRU"": 40}",9,4153416652889310878,16598305108710322726,6842020507374840286,2a436afb508972a32d4a4c0603f58f9790ebc98623c3d204b3b8c7ca58702e07,0,False
mixed,20,7,RL-FixedCommit-20,RL-Adaptive (per-eviction),3000,1147,1853,0.38233333333333336,0.6176666666666667,48.76033057851239,1543,-20.090732339598187,loss,0.003691209014505148,0.11138904094696045,"{""FIFO"": 20, ""LFU"": 520, ""LRU"": 60, ""MRU"": 1233}",16,4153416652889310878,16598305108710322726,6842020507374840286,2a436afb508972a32d4a4c0603f58f9790ebc98623c3d204b3b8c7ca58702e07,0,False
mixed,20,8,FIFO,FIFO,3000,970,2030,0.3233333333333333,0.6766666666666666,23.190442726633872,2030,0.0,tie,0.0025429580127820373,0.0,,0,3891037102051981712,8075803143106818046,11392874176746735604,990e351751b685ab4155878431df4485a687eb8487e95d877ada14c6d3502a84,0,False
mixed,20,8,LRU,LRU,3000,640,2360,0.21333333333333335,0.7866666666666666,0.0,2030,-16.25615763546798,loss,0.0028997500194236636,0.0,,0,3891037102051981712,8075803143106818046,11392874176746735604,990e351751b685ab4155878431df4485a687eb8487e95d877ada14c6d3502a84,0,False
mixed,20,8,LFU,LFU,3000,814,2186,0.2713333333333333,0.7286666666666667,12.227687983134212,2030,-7.684729064039409,loss,0.0037439169827848673,0.0,,0,3891037102051981712,8075803143106818046,11392874176746735604,990e351751b685ab4155878431df4485a687eb8487e95d877ada14c6d3502a84,0,False
mixed,20,8,MRU,MRU,3000,489,2511,0.163,0.837,-10.611384399156714,2030,-23.694581280788178,loss,0.0031194170005619526,0.0,,0,3891037102051981712,8075803143106818046,11392874176746735604,990e351751b685ab4155878431df4485a687eb8487e95d877ada14c6d3502a84,0,False
mixed,20,8,OPT,OPT,3000,2063,937,0.6876666666666666,0.31233333333333335,100.0,2030,53.8423645320197,win,0.002798625035211444,0.0,,0,3891037102051981712,8075803143106818046,11392874176746735604,990e351751b685ab4155878431df4485a687eb8487e95d877ada14c6d3502a84,0,False
mixed,20,8,LeCaR-inspired,LeCaR,3000,692,2308,0.23066666666666666,0.7693333333333333,3.6542515811665455,2030,-13.694581280788178,loss,0.00539299997035414,0.0,,0,3891037102051981712,8075803143106818046,11392874176746735604,990e351751b685ab4155878431df4485a687eb8487e95d877ada14c6d3502a84,0,False
mixed,20,8,RL-Windowed,RL-Adaptive (windowed),3000,1516,1484,0.5053333333333333,0.49466666666666664,61.560084328882645,2030,26.896551724137932,win,0.004615584039129317,0.10081479197833687,"{""FIFO"": 4, ""LFU"": 0, ""LRU"": 22, ""MRU"": 34}",9,3891037102051981712,8075803143106818046,11392874176746735604,990e351751b685ab4155878431df4485a687eb8487e95d877ada14c6d3502a84,0,False
mixed,20,8,RL-FixedCommit-20,RL-Adaptive (per-eviction),3000,1152,1848,0.384,0.616,35.980323260716794,2030,8.96551724137931,win,0.0038579589454457164,0.13008116697892547,"{""FIFO"": 120, ""LFU"": 548, ""LRU"": 0, ""MRU"": 1160}",19,3891037102051981712,8075803143106818046,11392874176746735604,990e351751b685ab4155878431df4485a687eb8487e95d877ada14c6d3502a84,0,False
mixed,20,9,FIFO,FIFO,3000,534,2466,0.178,0.822,-3.8031319910514325,1475,-67.1864406779661,loss,0.003618750022724271,0.0,,0,5875192336284552080,10345539874955881770,7712372346208189527,cbf8f9cfe677da565b2ae33e9de338703c7ca60244902fb48ab109eccb40a63b,0,False
mixed,20,9,LRU,LRU,3000,585,2415,0.195,0.805,0.0,1475,-63.728813559322035,loss,0.0033202910562977195,0.0,,0,5875192336284552080,10345539874955881770,7712372346208189527,cbf8f9cfe677da565b2ae33e9de338703c7ca60244902fb48ab109eccb40a63b,0,False
mixed,20,9,LFU,LFU,3000,1525,1475,0.5083333333333333,0.49166666666666664,70.09694258016407,1475,0.0,tie,0.0033000000985339284,0.0,,0,5875192336284552080,10345539874955881770,7712372346208189527,cbf8f9cfe677da565b2ae33e9de338703c7ca60244902fb48ab109eccb40a63b,0,False
mixed,20,9,MRU,MRU,3000,810,2190,0.27,0.73,16.778523489932898,1475,-48.47457627118644,loss,0.0030631249537691474,0.0,,0,5875192336284552080,10345539874955881770,7712372346208189527,cbf8f9cfe677da565b2ae33e9de338703c7ca60244902fb48ab109eccb40a63b,0,False
mixed,20,9,OPT,OPT,3000,1926,1074,0.642,0.358,100.0,1475,27.1864406779661,win,0.0032719169976189733,0.0,,0,5875192336284552080,10345539874955881770,7712372346208189527,cbf8f9cfe677da565b2ae33e9de338703c7ca60244902fb48ab109eccb40a63b,0,False
mixed,20,9,LeCaR-inspired,LeCaR,3000,619,2381,0.20633333333333334,0.7936666666666666,2.5354213273676542,1475,-61.42372881355932,loss,0.006548582925461233,0.0,,0,5875192336284552080,10345539874955881770,7712372346208189527,cbf8f9cfe677da565b2ae33e9de338703c7ca60244902fb48ab109eccb40a63b,0,False
mixed,20,9,RL-Windowed,RL-Adaptive (windowed),3000,1495,1505,0.49833333333333335,0.5016666666666667,67.85980611483966,1475,-2.0338983050847457,loss,0.0032817909959703684,0.09731066704262048,"{""FIFO"": 0, ""LFU"": 15, ""LRU"": 21, ""MRU"": 24}",9,5875192336284552080,10345539874955881770,7712372346208189527,cbf8f9cfe677da565b2ae33e9de338703c7ca60244902fb48ab109eccb40a63b,0,False
mixed,20,9,RL-FixedCommit-20,RL-Adaptive (per-eviction),3000,1380,1620,0.46,0.54,59.28411633109619,1475,-9.830508474576272,loss,0.0032197500113397837,0.10946387506555766,"{""FIFO"": 0, ""LFU"": 40, ""LRU"": 600, ""MRU"": 960}",17,5875192336284552080,10345539874955881770,7712372346208189527,cbf8f9cfe677da565b2ae33e9de338703c7ca60244902fb48ab109eccb40a63b,0,False
mixed,40,0,FIFO,FIFO,3000,1641,1359,0.547,0.453,-3.4146341463414664,1338,-1.5695067264573992,loss,0.0026442500529810786,0.0,,0,999999,42,0,93ad6e1c7b84349c4af0d8ff53ca036b2fcce02b93afaa8a1a114c3e7e590343,0,False
mixed,40,0,LRU,LRU,3000,1662,1338,0.554,0.446,0.0,1338,0.0,tie,0.002498040907084942,0.0,,0,999999,42,0,93ad6e1c7b84349c4af0d8ff53ca036b2fcce02b93afaa8a1a114c3e7e590343,0,False
mixed,40,0,LFU,LFU,3000,1300,1700,0.43333333333333335,0.5666666666666667,-58.86178861788617,1338,-27.055306427503737,loss,0.004706249921582639,0.0,,0,999999,42,0,93ad6e1c7b84349c4af0d8ff53ca036b2fcce02b93afaa8a1a114c3e7e590343,0,False
mixed,40,0,MRU,MRU,3000,1251,1749,0.417,0.583,-66.8292682926829,1338,-30.717488789237667,loss,0.0034309159964323044,0.0,,0,999999,42,0,93ad6e1c7b84349c4af0d8ff53ca036b2fcce02b93afaa8a1a114c3e7e590343,0,False
mixed,40,0,OPT,OPT,3000,2277,723,0.759,0.241,100.0,1338,45.964125560538115,win,0.003931500017642975,0.0,,0,999999,42,0,93ad6e1c7b84349c4af0d8ff53ca036b2fcce02b93afaa8a1a114c3e7e590343,0,False
mixed,40,0,LeCaR-inspired,LeCaR,3000,1666,1334,0.5553333333333333,0.44466666666666665,0.6504065040650502,1338,0.29895366218236175,win,0.004409542074427009,0.0,,0,999999,42,0,93ad6e1c7b84349c4af0d8ff53ca036b2fcce02b93afaa8a1a114c3e7e590343,0,False
mixed,40,0,RL-Windowed,RL-Adaptive (windowed),3000,1687,1313,0.5623333333333334,0.43766666666666665,4.065040650406517,1338,1.8684603886397608,win,0.0034590410068631172,0.0931988749653101,"{""FIFO"": 28, ""LFU"": 0, ""LRU"": 5, ""MRU"": 27}",9,999999,42,0,93ad6e1c7b84349c4af0d8ff53ca036b2fcce02b93afaa8a1a114c3e7e590343,0,False
mixed,40,0,RL-FixedCommit-20,RL-Adaptive (per-eviction),3000,1511,1489,0.5036666666666667,0.49633333333333335,-24.552845528455286,1338,-11.285500747384155,loss,0.004140582983382046,0.10334445803891867,"{""FIFO"": 100, ""LFU"": 529, ""LRU"": 100, ""MRU"": 720}",15,999999,42,0,93ad6e1c7b84349c4af0d8ff53ca036b2fcce02b93afaa8a1a114c3e7e590343,0,False
mixed,40,1,FIFO,FIFO,3000,1436,1564,0.4786666666666667,0.5213333333333333,-11.867088607594921,1092,-43.223443223443226,loss,0.002989083994179964,0.0,,0,7603780415275720334,16209500297135330722,14748072052631952262,523c1c9a73535e2c557eae24579493191ef59d961026564e91c080290958a7b4,0,False
mixed,40,1,LRU,LRU,3000,1511,1489,0.5036666666666667,0.49633333333333335,0.0,1092,-36.35531135531136,loss,0.003010875079780817,0.0,,0,7603780415275720334,16209500297135330722,14748072052631952262,523c1c9a73535e2c557eae24579493191ef59d961026564e91c080290958a7b4,0,False
mixed,40,1,LFU,LFU,3000,1908,1092,0.636,0.364,62.816455696202546,1092,0.0,tie,0.003100541071034968,0.0,,0,7603780415275720334,16209500297135330722,14748072052631952262,523c1c9a73535e2c557eae24579493191ef59d961026564e91c080290958a7b4,0,False
mixed,40,1,MRU,MRU,3000,1353,1647,0.451,0.549,-25.00000000000001,1092,-50.824175824175825,loss,0.003096042084507644,0.0,,0,7603780415275720334,16209500297135330722,14748072052631952262,523c1c9a73535e2c557eae24579493191ef59d961026564e91c080290958a7b4,0,False
mixed,40,1,OPT,OPT,3000,2143,857,0.7143333333333334,0.2856666666666667,100.0,1092,21.520146520146522,win,0.004578458028845489,0.0,,0,7603780415275720334,16209500297135330722,14748072052631952262,523c1c9a73535e2c557eae24579493191ef59d961026564e91c080290958a7b4,0,False
mixed,40,1,LeCaR-inspired,LeCaR,3000,1521,1479,0.507,0.493,1.5822784810126684,1092,-35.43956043956044,loss,0.004737542010843754,0.0,,0,7603780415275720334,16209500297135330722,14748072052631952262,523c1c9a73535e2c557eae24579493191ef59d961026564e91c080290958a7b4,0,False
mixed,40,1,RL-Windowed,RL-Adaptive (windowed),3000,1699,1301,0.5663333333333334,0.43366666666666664,29.746835443037995,1092,-19.13919413919414,loss,0.003353666979819536,0.0914286250481382,"{""FIFO"": 34, ""LFU"": 1, ""LRU"": 5, ""MRU"": 20}",8,7603780415275720334,16209500297135330722,14748072052631952262,523c1c9a73535e2c557eae24579493191ef59d961026564e91c080290958a7b4,0,False
mixed,40,1,RL-FixedCommit-20,RL-Adaptive (per-eviction),3000,1829,1171,0.6096666666666667,0.3903333333333333,50.316455696202546,1092,-7.2344322344322345,loss,0.003089000005275011,0.09805999998934567,"{""FIFO"": 20, ""LFU"": 151, ""LRU"": 300, ""MRU"": 660}",14,7603780415275720334,16209500297135330722,14748072052631952262,523c1c9a73535e2c557eae24579493191ef59d961026564e91c080290958a7b4,0,False
mixed,40,2,FIFO,FIFO,3000,1895,1105,0.6316666666666667,0.36833333333333335,-9.401709401709397,1061,-4.147031102733271,loss,0.0020790830021724105,0.0,,0,1311293186698117257,11830697930886925429,2017808274605161281,2f80aaf176b1261bf989304226b3bf59c9b9f30f78f3cde881f7f3aa717636df,0,False
mixed,40,2,LRU,LRU,3000,1939,1061,0.6463333333333333,0.3536666666666667,0.0,1061,0.0,tie,0.002037749974988401,0.0,,0,1311293186698117257,11830697930886925429,2017808274605161281,2f80aaf176b1261bf989304226b3bf59c9b9f30f78f3cde881f7f3aa717636df,0,False
mixed,40,2,LFU,LFU,3000,1473,1527,0.491,0.509,-99.57264957264955,1061,-43.92082940622055,loss,0.004176667076535523,0.0,,0,1311293186698117257,11830697930886925429,2017808274605161281,2f80aaf176b1261bf989304226b3bf59c9b9f30f78f3cde881f7f3aa717636df,0,False
mixed,40,2,MRU,MRU,3000,1239,1761,0.413,0.587,-149.5726495726495,1061,-65.97549481621112,loss,0.003375208005309105,0.0,,0,1311293186698117257,11830697930886925429,2017808274605161281,2f80aaf176b1261bf989304226b3bf59c9b9f30f78f3cde881f7f3aa717636df,0,False
mixed,40,2,OPT,OPT,3000,2407,593,0.8023333333333333,0.19766666666666666,100.0,1061,44.10933081998115,win,0.0031765419989824295,0.0,,0,1311293186698117257,11830697930886925429,2017808274605161281,2f80aaf176b1261bf989304226b3bf59c9b9f30f78f3cde881f7f3aa717636df,0,False
mixed,40,2,LeCaR-inspired,LeCaR,3000,1940,1060,0.6466666666666666,0.35333333333333333,0.2136752136752257,1061,0.0942507068803016,win,0.0034299170365557075,0.0,,0,1311293186698117257,11830697930886925429,2017808274605161281,2f80aaf176b1261bf989304226b3bf59c9b9f30f78f3cde881f7f3aa717636df,0,False
mixed,40,2,RL-Windowed,RL-Adaptive (windowed),3000,1856,1144,0.6186666666666667,0.38133333333333336,-17.735042735042736,1061,-7.822808671065033,loss,0.003459333092905581,0.09709358401596546,"{""FIFO"": 7, ""LFU"": 9, ""LRU"": 17, ""MRU"": 27}",9,1311293186698117257,11830697930886925429,2017808274605161281,2f80aaf176b1261bf989304226b3bf59c9b9f30f78f3cde881f7f3aa717636df,0,False
mixed,40,2,RL-FixedCommit-20,RL-Adaptive (per-eviction),3000,1524,1476,0.508,0.492,-88.67521367521366,1061,-39.114043355325165,loss,0.003701666952110827,0.09914612490683794,"{""FIFO"": 0, ""LFU"": 80, ""LRU"": 496, ""MRU"": 860}",18,1311293186698117257,11830697930886925429,2017808274605161281,2f80aaf176b1261bf989304226b3bf59c9b9f30f78f3cde881f7f3aa717636df,0,False
mixed,40,3,FIFO,FIFO,3000,1662,1338,0.554,0.446,-9.566787003610107,986,-35.699797160243406,loss,0.002427582978270948,0.0,,0,6012596622266117738,17495910894054136267,2396255516597462061,257676b5e2cecaf57376355a1b287a4f514e2f3cb4a238aea49e8ded0aa81b23,0,False
mixed,40,3,LRU,LRU,3000,1715,1285,0.5716666666666667,0.42833333333333334,0.0,986,-30.324543610547668,loss,0.0023947920417413116,0.0,,0,6012596622266117738,17495910894054136267,2396255516597462061,257676b5e2cecaf57376355a1b287a4f514e2f3cb4a238aea49e8ded0aa81b23,0,False
mixed,40,3,LFU,LFU,3000,2014,986,0.6713333333333333,0.32866666666666666,53.97111913357401,986,0.0,tie,0.002791083068586886,0.0,,0,6012596622266117738,17495910894054136267,2396255516597462061,257676b5e2cecaf57376355a1b287a4f514e2f3cb4a238aea49e8ded0aa81b23,0,False
mixed,40,3,MRU,MRU,3000,1557,1443,0.519,0.481,-28.519855595667853,986,-46.34888438133874,loss,0.0027807499282062054,0.0,,0,6012596622266117738,17495910894054136267,2396255516597462061,257676b5e2cecaf57376355a1b287a4f514e2f3cb4a238aea49e8ded0aa81b23,0,False
mixed,40,3,OPT,OPT,3000,2269,731,0.7563333333333333,0.24366666666666667,100.0,986,25.862068965517242,win,0.0036344159161671996,0.0,,0,6012596622266117738,17495910894054136267,2396255516597462061,257676b5e2cecaf57376355a1b287a4f514e2f3cb4a238aea49e8ded0aa81b23,0,False
mixed,40,3,LeCaR-inspired,LeCaR,3000,1729,1271,0.5763333333333334,0.4236666666666667,2.5270758122743606,986,-28.904665314401623,loss,0.004089292022399604,0.0,,0,6012596622266117738,17495910894054136267,2396255516597462061,257676b5e2cecaf57376355a1b287a4f514e2f3cb4a238aea49e8ded0aa81b23,0,False
mixed,40,3,RL-Windowed,RL-Adaptive (windowed),3000,1784,1216,0.5946666666666667,0.4053333333333333,12.454873646209396,986,-23.32657200811359,loss,0.0032089579617604613,0.08558879210613668,"{""FIFO"": 18, ""LFU"": 0, ""LRU"": 24, ""MRU"": 18}",10,6012596622266117738,17495910894054136267,2396255516597462061,257676b5e2cecaf57376355a1b287a4f514e2f3cb4a238aea49e8ded0aa81b23,0,False
mixed,40,3,RL-FixedCommit-20,RL-Adaptive (per-eviction),3000,1791,1209,0.597,0.403,13.718411552346563,986,-22.616632860040568,loss,0.003170624957419932,0.10422654205467552,"{""FIFO"": 320, ""LFU"": 129, ""LRU"": 20, ""MRU"": 700}",14,6012596622266117738,17495910894054136267,2396255516597462061,257676b5e2cecaf57376355a1b287a4f514e2f3cb4a238aea49e8ded0aa81b23,0,False
mixed,40,4,FIFO,FIFO,3000,1074,1926,0.358,0.642,-2.2941970310391535,1807,-6.585500830105147,loss,0.0034763329895213246,0.0,,0,5408674312521439794,3339676171185130067,6751779647741319001,a5a342e0dcbcc7ba89e908c64fa373ac0709f25eb81fd3abc66cf0d508f84ae9,0,False
mixed,40,4,LRU,LRU,3000,1091,1909,0.3636666666666667,0.6363333333333333,0.0,1807,-5.644714997232983,loss,0.003499374957755208,0.0,,0,5408674312521439794,3339676171185130067,6751779647741319001,a5a342e0dcbcc7ba89e908c64fa373ac0709f25eb81fd3abc66cf0d508f84ae9,0,False
mixed,40,4,LFU,LFU,3000,1094,1906,0.36466666666666664,0.6353333333333333,0.4048582995951421,1807,-5.478693967902601,loss,0.005263917031697929,0.0,,0,5408674312521439794,3339676171185130067,6751779647741319001,a5a342e0dcbcc7ba89e908c64fa373ac0709f25eb81fd3abc66cf0d508f84ae9,0,False
mixed,40,4,MRU,MRU,3000,1193,1807,0.39766666666666667,0.6023333333333334,13.765182186234783,1807,0.0,tie,0.0035872500156983733,0.0,,0,5408674312521439794,3339676171185130067,6751779647741319001,a5a342e0dcbcc7ba89e908c64fa373ac0709f25eb81fd3abc66cf0d508f84ae9,0,False
mixed,40,4,OPT,OPT,3000,1832,1168,0.6106666666666667,0.3893333333333333,100.0,1807,35.36247924737133,win,0.006329707917757332,0.0,,0,5408674312521439794,3339676171185130067,6751779647741319001,a5a342e0dcbcc7ba89e908c64fa373ac0709f25eb81fd3abc66cf0d508f84ae9,0,False
mixed,40,4,LeCaR-inspired,LeCaR,3000,1085,1915,0.3616666666666667,0.6383333333333333,-0.8097165991902842,1807,-5.976757055893747,loss,0.006162083009257913,0.0,,0,5408674312521439794,3339676171185130067,6751779647741319001,a5a342e0dcbcc7ba89e908c64fa373ac0709f25eb81fd3abc66cf0d508f84ae9,0,False
mixed,40,4,RL-Windowed,RL-Adaptive (windowed),3000,1424,1576,0.4746666666666667,0.5253333333333333,44.939271255060724,1807,12.783619258439403,win,0.0041613749926909804,0.09065641707275063,"{""FIFO"": 2, ""LFU"": 5, ""LRU"": 19, ""MRU"": 34}",9,5408674312521439794,3339676171185130067,6751779647741319001,a5a342e0dcbcc7ba89e908c64fa373ac0709f25eb81fd3abc66cf0d508f84ae9,0,False
mixed,40,4,RL-FixedCommit-20,RL-Adaptive (per-eviction),3000,1102,1898,0.36733333333333335,0.6326666666666667,1.4844804318488243,1807,-5.0359712230215825,loss,0.005063290940597653,0.0924898749217391,"{""FIFO"": 360, ""LFU"": 0, ""LRU"": 60, ""MRU"": 1438}",16,5408674312521439794,3339676171185130067,6751779647741319001,a5a342e0dcbcc7ba89e908c64fa373ac0709f25eb81fd3abc66cf0d508f84ae9,0,False
mixed,40,5,FIFO,FIFO,3000,1603,1397,0.5343333333333333,0.4656666666666667,-6.595365418894847,1076,-29.83271375464684,loss,0.002617958001792431,0.0,,0,14773220918157553241,8377227333358801554,11096794183713103636,131391ebde5e3c900a26744f26e44f3ed29e2ad3e970595a1aa43a2454a528a4,0,False
mixed,40,5,LRU,LRU,3000,1640,1360,0.5466666666666666,0.4533333333333333,0.0,1076,-26.394052044609666,loss,0.0025817910209298134,0.0,,0,14773220918157553241,8377227333358801554,11096794183713103636,131391ebde5e3c900a26744f26e44f3ed29e2ad3e970595a1aa43a2454a528a4,0,False
mixed,40,5,LFU,LFU,3000,1924,1076,0.6413333333333333,0.3586666666666667,50.623885918003545,1076,0.0,tie,0.0030442089773714542,0.0,,0,14773220918157553241,8377227333358801554,11096794183713103636,131391ebde5e3c900a26744f26e44f3ed29e2ad3e970595a1aa43a2454a528a4,0,False
mixed,40,5,MRU,MRU,3000,1418,1582,0.4726666666666667,0.5273333333333333,-39.57219251336899,1076,-47.026022304832715,loss,0.0031129169510677457,0.0,,0,14773220918157553241,8377227333358801554,11096794183713103636,131391ebde5e3c900a26744f26e44f3ed29e2ad3e970595a1aa43a2454a528a4,0,False
mixed,40,5,OPT,OPT,3000,2201,799,0.7336666666666667,0.2663333333333333,100.0,1076,25.743494423791823,win,0.004398584016598761,0.0,,0,14773220918157553241,8377227333358801554,11096794183713103636,131391ebde5e3c900a26744f26e44f3ed29e2ad3e970595a1aa43a2454a528a4,0,False
mixed,40,5,LeCaR-inspired,LeCaR,3000,1666,1334,0.5553333333333333,0.44466666666666665,4.634581105169334,1076,-23.977695167286246,loss,0.004568416974507272,0.0,,0,14773220918157553241,8377227333358801554,11096794183713103636,131391ebde5e3c900a26744f26e44f3ed29e2ad3e970595a1aa43a2454a528a4,0,False
mixed,40,5,RL-Windowed,RL-Adaptive (windowed),3000,1877,1123,0.6256666666666667,0.37433333333333335,42.24598930481282,1076,-4.368029739776952,loss,0.003449082956649363,0.10988737491425127,"{""FIFO"": 5, ""LFU"": 8, ""LRU"": 27, ""MRU"": 20}",9,14773220918157553241,8377227333358801554,11096794183713103636,131391ebde5e3c900a26744f26e44f3ed29e2ad3e970595a1aa43a2454a528a4,0,False
mixed,40,5,RL-FixedCommit-20,RL-Adaptive (per-eviction),3000,1600,1400,0.5333333333333333,0.4666666666666667,-7.130124777183617,1076,-30.111524163568774,loss,0.003706415998749435,0.10297529201488942,"{""FIFO"": 60, ""LFU"": 40, ""LRU"": 300, ""MRU"": 960}",16,14773220918157553241,8377227333358801554,11096794183713103636,131391ebde5e3c900a26744f26e44f3ed29e2ad3e970595a1aa43a2454a528a4,0,False
mixed,40,6,FIFO,FIFO,3000,1644,1356,0.548,0.452,-16.66666666666667,1099,-23.38489535941765,loss,0.0025787079939618707,0.0,,0,4178265869039737759,5131820145402808293,17406943955113393110,eaf967542e9cb3239bc3eb4fcd6f13f65765742e0134d695dde212c96aa53320,0,False
mixed,40,6,LRU,LRU,3000,1742,1258,0.5806666666666667,0.41933333333333334,0.0,1099,-14.467697907188352,loss,0.002567458082921803,0.0,,0,4178265869039737759,5131820145402808293,17406943955113393110,eaf967542e9cb3239bc3eb4fcd6f13f65765742e0134d695dde212c96aa53320,0,False
mixed,40,6,LFU,LFU,3000,1901,1099,0.6336666666666667,0.36633333333333334,27.04081632653061,1099,0.0,tie,0.003089125035330653,0.0,,0,4178265869039737759,5131820145402808293,17406943955113393110,eaf967542e9cb3239bc3eb4fcd6f13f65765742e0134d695dde212c96aa53320,0,False
mixed,40,6,MRU,MRU,3000,1324,1676,0.44133333333333336,0.5586666666666666,-71.08843537414965,1099,-52.50227479526843,loss,0.0032288330839946866,0.0,,0,4178265869039737759,5131820145402808293,17406943955113393110,eaf967542e9cb3239bc3eb4fcd6f13f65765742e0134d695dde212c96aa53320,0,False
mixed,40,6,OPT,OPT,3000,2330,670,0.7766666666666666,0.22333333333333333,100.0,1099,39.03548680618744,win,0.0040578339248895645,0.0,,0,4178265869039737759,5131820145402808293,17406943955113393110,eaf967542e9cb3239bc3eb4fcd6f13f65765742e0134d695dde212c96aa53320,0,False
mixed,40,6,LeCaR-inspired,LeCaR,3000,1741,1259,0.5803333333333334,0.4196666666666667,-0.17006802721089392,1099,-14.558689717925386,loss,0.004358708974905312,0.0,,0,4178265869039737759,5131820145402808293,17406943955113393110,eaf967542e9cb3239bc3eb4fcd6f13f65765742e0134d695dde212c96aa53320,0,False
mixed,40,6,RL-Windowed,RL-Adaptive (windowed),3000,1723,1277,0.5743333333333334,0.4256666666666667,-3.2312925170068145,1099,-16.196542311191994,loss,0.004143042024224997,0.11482808401342481,"{""FIFO"": 13, ""LFU"": 31, ""LRU"": 8, ""MRU"": 8}",9,4178265869039737759,5131820145402808293,17406943955113393110,eaf967542e9cb3239bc3eb4fcd6f13f65765742e0134d695dde212c96aa53320,0,False
mixed,40,6,RL-FixedCommit-20,RL-Adaptive (per-eviction),3000,1652,1348,0.5506666666666666,0.4493333333333333,-15.306122448979576,1099,-22.656960873521385,loss,0.003501917002722621,0.09681112493854016,"{""FIFO"": 0, ""LFU"": 208, ""LRU"": 580, ""MRU"": 520}",16,4178265869039737759,5131820145402808293,17406943955113393110,eaf967542e9cb3239bc3eb4fcd6f13f65765742e0134d695dde212c96aa53320,0,False
mixed,40,7,FIFO,FIFO,3000,1519,1481,0.5063333333333333,0.49366666666666664,-9.847198641765695,1121,-32.114183764495984,loss,0.00265429203864187,0.0,,0,4153416652889310878,16598305108710322726,6842020507374840286,2a436afb508972a32d4a4c0603f58f9790ebc98623c3d204b3b8c7ca58702e07,0,False
mixed,40,7,LRU,LRU,3000,1577,1423,0.5256666666666666,0.47433333333333333,0.0,1121,-26.94023193577163,loss,0.0026295409770682454,0.0,,0,4153416652889310878,16598305108710322726,6842020507374840286,2a436afb508972a32d4a4c0603f58f9790ebc98623c3d204b3b8c7ca58702e07,0,False
mixed,40,7,LFU,LFU,3000,1879,1121,0.6263333333333333,0.37366666666666665,51.27334465195248,1121,0.0,tie,0.0031125000678002834,0.0,,0,4153416652889310878,16598305108710322726,6842020507374840286,2a436afb508972a32d4a4c0603f58f9790ebc98623c3d204b3b8c7ca58702e07,0,False
mixed,40,7,MRU,MRU,3000,1340,1660,0.44666666666666666,0.5533333333333333,-40.237691001697804,1121,-48.08206958073149,loss,0.003236499964259565,0.0,,0,4153416652889310878,16598305108710322726,6842020507374840286,2a436afb508972a32d4a4c0603f58f9790ebc98623c3d204b3b8c7ca58702e07,0,False
mixed,40,7,OPT,OPT,3000,2166,834,0.722,0.278,100.0,1121,25.6021409455843,win,0.004390917019918561,0.0,,0,4153416652889310878,16598305108710322726,6842020507374840286,2a436afb508972a32d4a4c0603f58f9790ebc98623c3d204b3b8c7ca58702e07,0,False
mixed,40,7,LeCaR-inspired,LeCaR,3000,1618,1382,0.5393333333333333,0.46066666666666667,6.960950764006789,1121,-23.28278322925959,loss,0.004288541036657989,0.0,,0,4153416652889310878,16598305108710322726,6842020507374840286,2a436afb508972a32d4a4c0603f58f9790ebc98623c3d204b3b8c7ca58702e07,0,False
mixed,40,7,RL-Windowed,RL-Adaptive (windowed),3000,1691,1309,0.5636666666666666,0.43633333333333335,19.35483870967741,1121,-16.770740410347905,loss,0.004039874998852611,0.10070054198149592,"{""FIFO"": 0, ""LFU"": 31, ""LRU"": 20, ""MRU"": 9}",9,4153416652889310878,16598305108710322726,6842020507374840286,2a436afb508972a32d4a4c0603f58f9790ebc98623c3d204b3b8c7ca58702e07,0,False
mixed,40,7,RL-FixedCommit-20,RL-Adaptive (per-eviction),3000,1507,1493,0.5023333333333333,0.49766666666666665,-11.884550084889636,1121,-33.184656556645855,loss,0.003534542047418654,0.10351237503346056,"{""FIFO"": 360, ""LFU"": 0, ""LRU"": 893, ""MRU"": 200}",16,4153416652889310878,16598305108710322726,6842020507374840286,2a436afb508972a32d4a4c0603f58f9790ebc98623c3d204b3b8c7ca58702e07,0,False
mixed,40,8,FIFO,FIFO,3000,2199,801,0.733,0.267,-15.315315315315331,684,-17.105263157894736,loss,0.0016454579308629036,0.0,,0,3891037102051981712,8075803143106818046,11392874176746735604,990e351751b685ab4155878431df4485a687eb8487e95d877ada14c6d3502a84,0,False
mixed,40,8,LRU,LRU,3000,2250,750,0.75,0.25,0.0,684,-9.649122807017545,loss,0.0015702079981565475,0.0,,0,3891037102051981712,8075803143106818046,11392874176746735604,990e351751b685ab4155878431df4485a687eb8487e95d877ada14c6d3502a84,0,False
mixed,40,8,LFU,LFU,3000,2316,684,0.772,0.228,19.819819819819813,684,0.0,tie,0.0019788339268416166,0.0,,0,3891037102051981712,8075803143106818046,11392874176746735604,990e351751b685ab4155878431df4485a687eb8487e95d877ada14c6d3502a84,0,False
mixed,40,8,MRU,MRU,3000,1023,1977,0.341,0.659,-368.46846846846853,684,-189.03508771929825,loss,0.0035513750044628978,0.0,,0,3891037102051981712,8075803143106818046,11392874176746735604,990e351751b685ab4155878431df4485a687eb8487e95d877ada14c6d3502a84,0,False
mixed,40,8,OPT,OPT,3000,2583,417,0.861,0.139,100.0,684,39.03508771929825,win,0.002111291978508234,0.0,,0,3891037102051981712,8075803143106818046,11392874176746735604,990e351751b685ab4155878431df4485a687eb8487e95d877ada14c6d3502a84,0,False
mixed,40,8,LeCaR-inspired,LeCaR,3000,2234,766,0.7446666666666667,0.25533333333333336,-4.804804804804826,684,-11.988304093567251,loss,0.002731707994826138,0.0,,0,3891037102051981712,8075803143106818046,11392874176746735604,990e351751b685ab4155878431df4485a687eb8487e95d877ada14c6d3502a84,0,False
mixed,40,8,RL-Windowed,RL-Adaptive (windowed),3000,2188,812,0.7293333333333333,0.27066666666666667,-18.61861861861862,684,-18.71345029239766,loss,0.0025757920229807496,0.09004062495660037,"{""FIFO"": 32, ""LFU"": 1, ""LRU"": 22, ""MRU"": 5}",9,3891037102051981712,8075803143106818046,11392874176746735604,990e351751b685ab4155878431df4485a687eb8487e95d877ada14c6d3502a84,0,False
mixed,40,8,RL-FixedCommit-20,RL-Adaptive (per-eviction),3000,2070,930,0.69,0.31,-54.054054054054056,684,-35.96491228070175,loss,0.0024378750240430236,0.09469841700047255,"{""FIFO"": 0, ""LFU"": 0, ""LRU"": 510, ""MRU"": 380}",17,3891037102051981712,8075803143106818046,11392874176746735604,990e351751b685ab4155878431df4485a687eb8487e95d877ada14c6d3502a84,0,False
mixed,40,9,FIFO,FIFO,3000,1952,1048,0.6506666666666666,0.34933333333333333,-13.657407407407407,762,-37.53280839895013,loss,0.0019917500903829932,0.0,,0,5875192336284552080,10345539874955881770,7712372346208189527,cbf8f9cfe677da565b2ae33e9de338703c7ca60244902fb48ab109eccb40a63b,0,False
mixed,40,9,LRU,LRU,3000,2011,989,0.6703333333333333,0.32966666666666666,0.0,762,-29.79002624671916,loss,0.0019329580245539546,0.0,,0,5875192336284552080,10345539874955881770,7712372346208189527,cbf8f9cfe677da565b2ae33e9de338703c7ca60244902fb48ab109eccb40a63b,0,False
mixed,40,9,LFU,LFU,3000,2238,762,0.746,0.254,52.54629629629629,762,0.0,tie,0.0022204170236364007,0.0,,0,5875192336284552080,10345539874955881770,7712372346208189527,cbf8f9cfe677da565b2ae33e9de338703c7ca60244902fb48ab109eccb40a63b,0,False
mixed,40,9,MRU,MRU,3000,1416,1584,0.472,0.528,-137.73148148148152,762,-107.8740157480315,loss,0.003014999907463789,0.0,,0,5875192336284552080,10345539874955881770,7712372346208189527,cbf8f9cfe677da565b2ae33e9de338703c7ca60244902fb48ab109eccb40a63b,0,False
mixed,40,9,OPT,OPT,3000,2443,557,0.8143333333333334,0.18566666666666667,100.0,762,26.902887139107612,win,0.0028824160108342767,0.0,,0,5875192336284552080,10345539874955881770,7712372346208189527,cbf8f9cfe677da565b2ae33e9de338703c7ca60244902fb48ab109eccb40a63b,0,False
mixed,40,9,LeCaR-inspired,LeCaR,3000,2019,981,0.673,0.327,1.8518518518518405,762,-28.74015748031496,loss,0.0032755410065874457,0.0,,0,5875192336284552080,10345539874955881770,7712372346208189527,cbf8f9cfe677da565b2ae33e9de338703c7ca60244902fb48ab109eccb40a63b,0,False
mixed,40,9,RL-Windowed,RL-Adaptive (windowed),3000,2178,822,0.726,0.274,38.6574074074074,762,-7.874015748031496,loss,0.003064249991439283,0.09991016599815339,"{""FIFO"": 0, ""LFU"": 39, ""LRU"": 21, ""MRU"": 0}",9,5875192336284552080,10345539874955881770,7712372346208189527,cbf8f9cfe677da565b2ae33e9de338703c7ca60244902fb48ab109eccb40a63b,0,False
mixed,40,9,RL-FixedCommit-20,RL-Adaptive (per-eviction),3000,2024,976,0.6746666666666666,0.3253333333333333,3.009259259259275,762,-28.083989501312335,loss,0.0029812089633196592,0.11065187503118068,"{""FIFO"": 60, ""LFU"": 460, ""LRU"": 416, ""MRU"": 0}",18,5875192336284552080,10345539874955881770,7712372346208189527,cbf8f9cfe677da565b2ae33e9de338703c7ca60244902fb48ab109eccb40a63b,0,False
