workload,capacity,trial_seed,policy,source_policy,accesses,hits,faults,hit_rate,fault_rate,gap_to_opt_pct,best_fixed_faults,fault_reduction_vs_best_fixed_pct,vs_best_fixed,exec_time_s,train_time_s,policy_usage,q_states_before_eval,evaluation_seed,agent_seed,lecar_seed,trace_sha256,training_trace_overlap_count,deterministic_workload
sequential,10,0,FIFO,FIFO,3000,0,3000,0.0,1.0,0.0,2730,-9.89010989010989,loss,0.0032134940001924406,0.0,,0,999999,42,0,38bf24b7aba876e5b2ea5cc799290a7660425e26ca57bdacd133e03cdcc42cd2,25,True
sequential,10,0,LRU,LRU,3000,0,3000,0.0,1.0,0.0,2730,-9.89010989010989,loss,0.0033925640000234125,0.0,,0,999999,42,0,38bf24b7aba876e5b2ea5cc799290a7660425e26ca57bdacd133e03cdcc42cd2,25,True
sequential,10,0,LFU,LFU,3000,0,3000,0.0,1.0,0.0,2730,-9.89010989010989,loss,0.004700866000348469,0.0,,0,999999,42,0,38bf24b7aba876e5b2ea5cc799290a7660425e26ca57bdacd133e03cdcc42cd2,25,True
sequential,10,0,MRU,MRU,3000,270,2730,0.09,0.91,100.0,2730,0.0,tie,0.0029757559996141936,0.0,,0,999999,42,0,38bf24b7aba876e5b2ea5cc799290a7660425e26ca57bdacd133e03cdcc42cd2,25,True
sequential,10,0,OPT,OPT,3000,270,2730,0.09,0.91,100.0,2730,0.0,tie,0.0037535980000029667,0.0,,0,999999,42,0,38bf24b7aba876e5b2ea5cc799290a7660425e26ca57bdacd133e03cdcc42cd2,25,True
sequential,10,0,LeCaR-inspired,LeCaR,3000,0,3000,0.0,1.0,0.0,2730,-9.89010989010989,loss,0.005458747999909974,0.0,,0,999999,42,0,38bf24b7aba876e5b2ea5cc799290a7660425e26ca57bdacd133e03cdcc42cd2,25,True
sequential,10,0,RL-Windowed,RL-Adaptive (windowed),3000,0,3000,0.0,1.0,0.0,2730,-9.89010989010989,loss,0.004189725000287581,0.10814692700023443,"{""FIFO"": 60, ""LFU"": 0, ""LRU"": 0, ""MRU"": 0}",2,999999,42,0,38bf24b7aba876e5b2ea5cc799290a7660425e26ca57bdacd133e03cdcc42cd2,25,True
sequential,10,0,RL-FixedCommit-20,RL-Adaptive (per-eviction),3000,0,3000,0.0,1.0,0.0,2730,-9.89010989010989,loss,0.005004693000046245,0.17350933699981397,"{""FIFO"": 2990, ""LFU"": 0, ""LRU"": 0, ""MRU"": 0}",1,999999,42,0,38bf24b7aba876e5b2ea5cc799290a7660425e26ca57bdacd133e03cdcc42cd2,25,True
sequential,10,1,FIFO,FIFO,3000,0,3000,0.0,1.0,0.0,2730,-9.89010989010989,loss,0.004036253999402106,0.0,,0,16717777647965957393,2525721831092706418,3879375843389994631,38bf24b7aba876e5b2ea5cc799290a7660425e26ca57bdacd133e03cdcc42cd2,25,True
sequential,10,1,LRU,LRU,3000,0,3000,0.0,1.0,0.0,2730,-9.89010989010989,loss,0.0031933939999362337,0.0,,0,16717777647965957393,2525721831092706418,3879375843389994631,38bf24b7aba876e5b2ea5cc799290a7660425e26ca57bdacd133e03cdcc42cd2,25,True
sequential,10,1,LFU,LFU,3000,0,3000,0.0,1.0,0.0,2730,-9.89010989010989,loss,0.0040896150003391085,0.0,,0,16717777647965957393,2525721831092706418,3879375843389994631,38bf24b7aba876e5b2ea5cc799290a7660425e26ca57bdacd133e03cdcc42cd2,25,True
sequential,10,1,MRU,MRU,3000,270,2730,0.09,0.91,100.0,2730,0.0,tie,0.0030392710004889523,0.0,,0,16717777647965957393,2525721831092706418,3879375843389994631,38bf24b7aba876e5b2ea5cc799290a7660425e26ca57bdacd133e03cdcc42cd2,25,True
sequential,10,1,OPT,OPT,3000,270,2730,0.09,0.91,100.0,2730,0.0,tie,0.003402508999897691,0.0,,0,16717777647965957393,2525721831092706418,3879375843389994631,38bf24b7aba876e5b2ea5cc799290a7660425e26ca57bdacd133e03cdcc42cd2,25,True
sequential,10,1,LeCaR-inspired,LeCaR,3000,0,3000,0.0,1.0,0.0,2730,-9.89010989010989,loss,0.005170743999769911,0.0,,0,16717777647965957393,2525721831092706418,3879375843389994631,38bf24b7aba876e5b2ea5cc799290a7660425e26ca57bdacd133e03cdcc42cd2,25,True
sequential,10,1,RL-Windowed,RL-Adaptive (windowed),3000,261,2739,0.087,0.913,96.66666666666667,2730,-0.32967032967032966,loss,0.004132910000407719,0.12100755800020124,"{""FIFO"": 0, ""LFU"": 0, ""LRU"": 1, ""MRU"": 59}",2,16717777647965957393,2525721831092706418,3879375843389994631,38bf24b7aba876e5b2ea5cc799290a7660425e26ca57bdacd133e03cdcc42cd2,25,True
sequential,10,1,RL-FixedCommit-20,RL-Adaptive (per-eviction),3000,270,2730,0.09,0.91,100.0,2730,0.0,tie,0.0046704699998372234,0.16655566000008548,"{""FIFO"": 0, ""LFU"": 0, ""LRU"": 0, ""MRU"": 2720}",1,16717777647965957393,2525721831092706418,3879375843389994631,38bf24b7aba876e5b2ea5cc799290a7660425e26ca57bdacd133e03cdcc42cd2,25,True
sequential,10,2,FIFO,FIFO,3000,0,3000,0.0,1.0,0.0,2730,-9.89010989010989,loss,0.0030624170003648032,0.0,,0,1305566401757673907,4059098351897074801,8251146533248606337,38bf24b7aba876e5b2ea5cc799290a7660425e26ca57bdacd133e03cdcc42cd2,25,True
sequential,10,2,LRU,LRU,3000,0,3000,0.0,1.0,0.0,2730,-9.89010989010989,loss,0.0031587909998052055,0.0,,0,1305566401757673907,4059098351897074801,8251146533248606337,38bf24b7aba876e5b2ea5cc799290a7660425e26ca57bdacd133e03cdcc42cd2,25,True
sequential,10,2,LFU,LFU,3000,0,3000,0.0,1.0,0.0,2730,-9.89010989010989,loss,0.004012448000139557,0.0,,0,1305566401757673907,4059098351897074801,8251146533248606337,38bf24b7aba876e5b2ea5cc799290a7660425e26ca57bdacd133e03cdcc42cd2,25,True
sequential,10,2,MRU,MRU,3000,270,2730,0.09,0.91,100.0,2730,0.0,tie,0.0032144450005944236,0.0,,0,1305566401757673907,4059098351897074801,8251146533248606337,38bf24b7aba876e5b2ea5cc799290a7660425e26ca57bdacd133e03cdcc42cd2,25,True
sequential,10,2,OPT,OPT,3000,270,2730,0.09,0.91,100.0,2730,0.0,tie,0.003480545999991591,0.0,,0,1305566401757673907,4059098351897074801,8251146533248606337,38bf24b7aba876e5b2ea5cc799290a7660425e26ca57bdacd133e03cdcc42cd2,25,True
sequential,10,2,LeCaR-inspired,LeCaR,3000,0,3000,0.0,1.0,0.0,2730,-9.89010989010989,loss,0.005140238999956637,0.0,,0,1305566401757673907,4059098351897074801,8251146533248606337,38bf24b7aba876e5b2ea5cc799290a7660425e26ca57bdacd133e03cdcc42cd2,25,True
sequential,10,2,RL-Windowed,RL-Adaptive (windowed),3000,0,3000,0.0,1.0,0.0,2730,-9.89010989010989,loss,0.004439442000148119,0.11109989799933828,"{""FIFO"": 59, ""LFU"": 0, ""LRU"": 0, ""MRU"": 1}",2,1305566401757673907,4059098351897074801,8251146533248606337,38bf24b7aba876e5b2ea5cc799290a7660425e26ca57bdacd133e03cdcc42cd2,25,True
sequential,10,2,RL-FixedCommit-20,RL-Adaptive (per-eviction),3000,270,2730,0.09,0.91,100.0,2730,0.0,tie,0.00454655300018203,0.16896602399992844,"{""FIFO"": 0, ""LFU"": 0, ""LRU"": 0, ""MRU"": 2720}",1,1305566401757673907,4059098351897074801,8251146533248606337,38bf24b7aba876e5b2ea5cc799290a7660425e26ca57bdacd133e03cdcc42cd2,25,True
sequential,10,3,FIFO,FIFO,3000,0,3000,0.0,1.0,0.0,2730,-9.89010989010989,loss,0.003112991999842052,0.0,,0,10896733126758641499,17229579976100088554,13657480034574457404,38bf24b7aba876e5b2ea5cc799290a7660425e26ca57bdacd133e03cdcc42cd2,25,True
sequential,10,3,LRU,LRU,3000,0,3000,0.0,1.0,0.0,2730,-9.89010989010989,loss,0.0032417169995824224,0.0,,0,10896733126758641499,17229579976100088554,13657480034574457404,38bf24b7aba876e5b2ea5cc799290a7660425e26ca57bdacd133e03cdcc42cd2,25,True
sequential,10,3,LFU,LFU,3000,0,3000,0.0,1.0,0.0,2730,-9.89010989010989,loss,0.004594695999912801,0.0,,0,10896733126758641499,17229579976100088554,13657480034574457404,38bf24b7aba876e5b2ea5cc799290a7660425e26ca57bdacd133e03cdcc42cd2,25,True
sequential,10,3,MRU,MRU,3000,270,2730,0.09,0.91,100.0,2730,0.0,tie,0.0029405120003502816,0.0,,0,10896733126758641499,17229579976100088554,13657480034574457404,38bf24b7aba876e5b2ea5cc799290a7660425e26ca57bdacd133e03cdcc42cd2,25,True
sequential,10,3,OPT,OPT,3000,270,2730,0.09,0.91,100.0,2730,0.0,tie,0.0034964100004799548,0.0,,0,10896733126758641499,17229579976100088554,13657480034574457404,38bf24b7aba876e5b2ea5cc799290a7660425e26ca57bdacd133e03cdcc42cd2,25,True
sequential,10,3,LeCaR-inspired,LeCaR,3000,0,3000,0.0,1.0,0.0,2730,-9.89010989010989,loss,0.005168710999896575,0.0,,0,10896733126758641499,17229579976100088554,13657480034574457404,38bf24b7aba876e5b2ea5cc799290a7660425e26ca57bdacd133e03cdcc42cd2,25,True
sequential,10,3,RL-Windowed,RL-Adaptive (windowed),3000,261,2739,0.087,0.913,96.66666666666667,2730,-0.32967032967032966,loss,0.004475386000194703,0.11151218899976811,"{""FIFO"": 0, ""LFU"": 0, ""LRU"": 1, ""MRU"": 59}",2,10896733126758641499,17229579976100088554,13657480034574457404,38bf24b7aba876e5b2ea5cc799290a7660425e26ca57bdacd133e03cdcc42cd2,25,True
sequential,10,3,RL-FixedCommit-20,RL-Adaptive (per-eviction),3000,0,3000,0.0,1.0,0.0,2730,-9.89010989010989,loss,0.006134407000899955,0.17143300200041267,"{""FIFO"": 0, ""LFU"": 2990, ""LRU"": 0, ""MRU"": 0}",1,10896733126758641499,17229579976100088554,13657480034574457404,38bf24b7aba876e5b2ea5cc799290a7660425e26ca57bdacd133e03cdcc42cd2,25,True
sequential,10,4,FIFO,FIFO,3000,0,3000,0.0,1.0,0.0,2730,-9.89010989010989,loss,0.0031131129999266705,0.0,,0,3092690890239630504,1652322981519701649,13833213382424153356,38bf24b7aba876e5b2ea5cc799290a7660425e26ca57bdacd133e03cdcc42cd2,25,True
sequential,10,4,LRU,LRU,3000,0,3000,0.0,1.0,0.0,2730,-9.89010989010989,loss,0.003079411999351578,0.0,,0,3092690890239630504,1652322981519701649,13833213382424153356,38bf24b7aba876e5b2ea5cc799290a7660425e26ca57bdacd133e03cdcc42cd2,25,True
sequential,10,4,LFU,LFU,3000,0,3000,0.0,1.0,0.0,2730,-9.89010989010989,loss,0.003999518999989959,0.0,,0,3092690890239630504,1652322981519701649,13833213382424153356,38bf24b7aba876e5b2ea5cc799290a7660425e26ca57bdacd133e03cdcc42cd2,25,True
sequential,10,4,MRU,MRU,3000,270,2730,0.09,0.91,100.0,2730,0.0,tie,0.0028870619998997427,0.0,,0,3092690890239630504,1652322981519701649,13833213382424153356,38bf24b7aba876e5b2ea5cc799290a7660425e26ca57bdacd133e03cdcc42cd2,25,True
sequential,10,4,OPT,OPT,3000,270,2730,0.09,0.91,100.0,2730,0.0,tie,0.0033803050000642543,0.0,,0,3092690890239630504,1652322981519701649,13833213382424153356,38bf24b7aba876e5b2ea5cc799290a7660425e26ca57bdacd133e03cdcc42cd2,25,True
sequential,10,4,LeCaR-inspired,LeCaR,3000,0,3000,0.0,1.0,0.0,2730,-9.89010989010989,loss,0.005090974999802711,0.0,,0,3092690890239630504,1652322981519701649,13833213382424153356,38bf24b7aba876e5b2ea5cc799290a7660425e26ca57bdacd133e03cdcc42cd2,25,True
sequential,10,4,RL-Windowed,RL-Adaptive (windowed),3000,261,2739,0.087,0.913,96.66666666666667,2730,-0.32967032967032966,loss,0.004515325999818742,0.1059389790007117,"{""FIFO"": 0, ""LFU"": 0, ""LRU"": 1, ""MRU"": 59}",2,3092690890239630504,1652322981519701649,13833213382424153356,38bf24b7aba876e5b2ea5cc799290a7660425e26ca57bdacd133e03cdcc42cd2,25,True
sequential,10,4,RL-FixedCommit-20,RL-Adaptive (per-eviction),3000,270,2730,0.09,0.91,100.0,2730,0.0,tie,0.004524750000200584,0.16040722299931076,"{""FIFO"": 0, ""LFU"": 0, ""LRU"": 0, ""MRU"": 2720}",1,3092690890239630504,1652322981519701649,13833213382424153356,38bf24b7aba876e5b2ea5cc799290a7660425e26ca57bdacd133e03cdcc42cd2,25,True
sequential,10,5,FIFO,FIFO,3000,0,3000,0.0,1.0,0.0,2730,-9.89010989010989,loss,0.00314262800020515,0.0,,0,11441395483595616694,1121435539257306649,12311010682614744993,38bf24b7aba876e5b2ea5cc799290a7660425e26ca57bdacd133e03cdcc42cd2,25,True
sequential,10,5,LRU,LRU,3000,0,3000,0.0,1.0,0.0,2730,-9.89010989010989,loss,0.0030407329995796317,0.0,,0,11441395483595616694,1121435539257306649,12311010682614744993,38bf24b7aba876e5b2ea5cc799290a7660425e26ca57bdacd133e03cdcc42cd2,25,True
sequential,10,5,LFU,LFU,3000,0,3000,0.0,1.0,0.0,2730,-9.89010989010989,loss,0.004226240000207326,0.0,,0,11441395483595616694,1121435539257306649,12311010682614744993,38bf24b7aba876e5b2ea5cc799290a7660425e26ca57bdacd133e03cdcc42cd2,25,True
sequential,10,5,MRU,MRU,3000,270,2730,0.09,0.91,100.0,2730,0.0,tie,0.002867131999664707,0.0,,0,11441395483595616694,1121435539257306649,12311010682614744993,38bf24b7aba876e5b2ea5cc799290a7660425e26ca57bdacd133e03cdcc42cd2,25,True
sequential,10,5,OPT,OPT,3000,270,2730,0.09,0.91,100.0,2730,0.0,tie,0.0036752100004378008,0.0,,0,11441395483595616694,1121435539257306649,12311010682614744993,38bf24b7aba876e5b2ea5cc799290a7660425e26ca57bdacd133e03cdcc42cd2,25,True
sequential,10,5,LeCaR-inspired,LeCaR,3000,0,3000,0.0,1.0,0.0,2730,-9.89010989010989,loss,0.005027086999689345,0.0,,0,11441395483595616694,1121435539257306649,12311010682614744993,38bf24b7aba876e5b2ea5cc799290a7660425e26ca57bdacd133e03cdcc42cd2,25,True
sequential,10,5,RL-Windowed,RL-Adaptive (windowed),3000,261,2739,0.087,0.913,96.66666666666667,2730,-0.32967032967032966,loss,0.0038863069994476973,0.11341661000005843,"{""FIFO"": 0, ""LFU"": 0, ""LRU"": 1, ""MRU"": 59}",2,11441395483595616694,1121435539257306649,12311010682614744993,38bf24b7aba876e5b2ea5cc799290a7660425e26ca57bdacd133e03cdcc42cd2,25,True
sequential,10,5,RL-FixedCommit-20,RL-Adaptive (per-eviction),3000,0,3000,0.0,1.0,0.0,2730,-9.89010989010989,loss,0.006087345999731042,0.1645411340005012,"{""FIFO"": 0, ""LFU"": 0, ""LRU"": 2990, ""MRU"": 0}",1,11441395483595616694,1121435539257306649,12311010682614744993,38bf24b7aba876e5b2ea5cc799290a7660425e26ca57bdacd133e03cdcc42cd2,25,True
sequential,10,6,FIFO,FIFO,3000,0,3000,0.0,1.0,0.0,2730,-9.89010989010989,loss,0.003248115999667789,0.0,,0,15841885749686287183,4365902871643889632,11744945720644652978,38bf24b7aba876e5b2ea5cc799290a7660425e26ca57bdacd133e03cdcc42cd2,25,True
sequential,10,6,LRU,LRU,3000,0,3000,0.0,1.0,0.0,2730,-9.89010989010989,loss,0.003156157999910647,0.0,,0,15841885749686287183,4365902871643889632,11744945720644652978,38bf24b7aba876e5b2ea5cc799290a7660425e26ca57bdacd133e03cdcc42cd2,25,True
sequential,10,6,LFU,LFU,3000,0,3000,0.0,1.0,0.0,2730,-9.89010989010989,loss,0.004634495000573224,0.0,,0,15841885749686287183,4365902871643889632,11744945720644652978,38bf24b7aba876e5b2ea5cc799290a7660425e26ca57bdacd133e03cdcc42cd2,25,True
sequential,10,6,MRU,MRU,3000,270,2730,0.09,0.91,100.0,2730,0.0,tie,0.0032675459997335565,0.0,,0,15841885749686287183,4365902871643889632,11744945720644652978,38bf24b7aba876e5b2ea5cc799290a7660425e26ca57bdacd133e03cdcc42cd2,25,True
sequential,10,6,OPT,OPT,3000,270,2730,0.09,0.91,100.0,2730,0.0,tie,0.0037520059995586053,0.0,,0,15841885749686287183,4365902871643889632,11744945720644652978,38bf24b7aba876e5b2ea5cc799290a7660425e26ca57bdacd133e03cdcc42cd2,25,True
sequential,10,6,LeCaR-inspired,LeCaR,3000,0,3000,0.0,1.0,0.0,2730,-9.89010989010989,loss,0.0051874889995815465,0.0,,0,15841885749686287183,4365902871643889632,11744945720644652978,38bf24b7aba876e5b2ea5cc799290a7660425e26ca57bdacd133e03cdcc42cd2,25,True
sequential,10,6,RL-Windowed,RL-Adaptive (windowed),3000,0,3000,0.0,1.0,0.0,2730,-9.89010989010989,loss,0.005173107999326021,0.10417428799974005,"{""FIFO"": 0, ""LFU"": 59, ""LRU"": 1, ""MRU"": 0}",2,15841885749686287183,4365902871643889632,11744945720644652978,38bf24b7aba876e5b2ea5cc799290a7660425e26ca57bdacd133e03cdcc42cd2,25,True
sequential,10,6,RL-FixedCommit-20,RL-Adaptive (per-eviction),3000,0,3000,0.0,1.0,0.0,2730,-9.89010989010989,loss,0.005096642000353313,0.1662621069999659,"{""FIFO"": 0, ""LFU"": 0, ""LRU"": 2990, ""MRU"": 0}",1,15841885749686287183,4365902871643889632,11744945720644652978,38bf24b7aba876e5b2ea5cc799290a7660425e26ca57bdacd133e03cdcc42cd2,25,True
sequential,10,7,FIFO,FIFO,3000,0,3000,0.0,1.0,0.0,2730,-9.89010989010989,loss,0.0032292880005115876,0.0,,0,7866014719739355761,9532619309786877184,16008131557619445177,38bf24b7aba876e5b2ea5cc799290a7660425e26ca57bdacd133e03cdcc42cd2,25,True
sequential,10,7,LRU,LRU,3000,0,3000,0.0,1.0,0.0,2730,-9.89010989010989,loss,0.0036180739998599165,0.0,,0,7866014719739355761,9532619309786877184,16008131557619445177,38bf24b7aba876e5b2ea5cc799290a7660425e26ca57bdacd133e03cdcc42cd2,25,True
sequential,10,7,LFU,LFU,3000,0,3000,0.0,1.0,0.0,2730,-9.89010989010989,loss,0.004655247000300733,0.0,,0,7866014719739355761,9532619309786877184,16008131557619445177,38bf24b7aba876e5b2ea5cc799290a7660425e26ca57bdacd133e03cdcc42cd2,25,True
sequential,10,7,MRU,MRU,3000,270,2730,0.09,0.91,100.0,2730,0.0,tie,0.003149346999634872,0.0,,0,7866014719739355761,9532619309786877184,16008131557619445177,38bf24b7aba876e5b2ea5cc799290a7660425e26ca57bdacd133e03cdcc42cd2,25,True
sequential,10,7,OPT,OPT,3000,270,2730,0.09,0.91,100.0,2730,0.0,tie,0.003927830999600701,0.0,,0,7866014719739355761,9532619309786877184,16008131557619445177,38bf24b7aba876e5b2ea5cc799290a7660425e26ca57bdacd133e03cdcc42cd2,25,True
sequential,10,7,LeCaR-inspired,LeCaR,3000,0,3000,0.0,1.0,0.0,2730,-9.89010989010989,loss,0.005234469999777502,0.0,,0,7866014719739355761,9532619309786877184,16008131557619445177,38bf24b7aba876e5b2ea5cc799290a7660425e26ca57bdacd133e03cdcc42cd2,25,True
sequential,10,7,RL-Windowed,RL-Adaptive (windowed),3000,261,2739,0.087,0.913,96.66666666666667,2730,-0.32967032967032966,loss,0.004160099999353406,0.11312488000021403,"{""FIFO"": 0, ""LFU"": 1, ""LRU"": 0, ""MRU"": 59}",2,7866014719739355761,9532619309786877184,16008131557619445177,38bf24b7aba876e5b2ea5cc799290a7660425e26ca57bdacd133e03cdcc42cd2,25,True
sequential,10,7,RL-FixedCommit-20,RL-Adaptive (per-eviction),3000,270,2730,0.09,0.91,100.0,2730,0.0,tie,0.004647355000088282,0.16519192500072677,"{""FIFO"": 0, ""LFU"": 0, ""LRU"": 0, ""MRU"": 2720}",1,7866014719739355761,9532619309786877184,16008131557619445177,38bf24b7aba876e5b2ea5cc799290a7660425e26ca57bdacd133e03cdcc42cd2,25,True
sequential,10,8,FIFO,FIFO,3000,0,3000,0.0,1.0,0.0,2730,-9.89010989010989,loss,0.003230639000321389,0.0,,0,10966373112097421076,4948905498182040407,13088539422047257325,38bf24b7aba876e5b2ea5cc799290a7660425e26ca57bdacd133e03cdcc42cd2,25,True
sequential,10,8,LRU,LRU,3000,0,3000,0.0,1.0,0.0,2730,-9.89010989010989,loss,0.0031853919999775826,0.0,,0,10966373112097421076,4948905498182040407,13088539422047257325,38bf24b7aba876e5b2ea5cc799290a7660425e26ca57bdacd133e03cdcc42cd2,25,True
sequential,10,8,LFU,LFU,3000,0,3000,0.0,1.0,0.0,2730,-9.89010989010989,loss,0.004354333000264887,0.0,,0,10966373112097421076,4948905498182040407,13088539422047257325,38bf24b7aba876e5b2ea5cc799290a7660425e26ca57bdacd133e03cdcc42cd2,25,True
sequential,10,8,MRU,MRU,3000,270,2730,0.09,0.91,100.0,2730,0.0,tie,0.0032569100003456697,0.0,,0,10966373112097421076,4948905498182040407,13088539422047257325,38bf24b7aba876e5b2ea5cc799290a7660425e26ca57bdacd133e03cdcc42cd2,25,True
sequential,10,8,OPT,OPT,3000,270,2730,0.09,0.91,100.0,2730,0.0,tie,0.003805536000072607,0.0,,0,10966373112097421076,4948905498182040407,13088539422047257325,38bf24b7aba876e5b2ea5cc799290a7660425e26ca57bdacd133e03cdcc42cd2,25,True
sequential,10,8,LeCaR-inspired,LeCaR,3000,0,3000,0.0,1.0,0.0,2730,-9.89010989010989,loss,0.005318155999702867,0.0,,0,10966373112097421076,4948905498182040407,13088539422047257325,38bf24b7aba876e5b2ea5cc799290a7660425e26ca57bdacd133e03cdcc42cd2,25,True
sequential,10,8,RL-Windowed,RL-Adaptive (windowed),3000,261,2739,0.087,0.913,96.66666666666667,2730,-0.32967032967032966,loss,0.0044800929999837535,0.11546861399983754,"{""FIFO"": 1, ""LFU"": 0, ""LRU"": 0, ""MRU"": 59}",2,10966373112097421076,4948905498182040407,13088539422047257325,38bf24b7aba876e5b2ea5cc799290a7660425e26ca57bdacd133e03cdcc42cd2,25,True
sequential,10,8,RL-FixedCommit-20,RL-Adaptive (per-eviction),3000,270,2730,0.09,0.91,100.0,2730,0.0,tie,0.005339878999620851,0.18295137899986003,"{""FIFO"": 0, ""LFU"": 0, ""LRU"": 0, ""MRU"": 2720}",1,10966373112097421076,4948905498182040407,13088539422047257325,38bf24b7aba876e5b2ea5cc799290a7660425e26ca57bdacd133e03cdcc42cd2,25,True
sequential,10,9,FIFO,FIFO,3000,0,3000,0.0,1.0,0.0,2730,-9.89010989010989,loss,0.003179223000188358,0.0,,0,2397568904857501707,14643337032763018093,5254420609676600275,38bf24b7aba876e5b2ea5cc799290a7660425e26ca57bdacd133e03cdcc42cd2,25,True
sequential,10,9,LRU,LRU,3000,0,3000,0.0,1.0,0.0,2730,-9.89010989010989,loss,0.0035286789998281165,0.0,,0,2397568904857501707,14643337032763018093,5254420609676600275,38bf24b7aba876e5b2ea5cc799290a7660425e26ca57bdacd133e03cdcc42cd2,25,True
sequential,10,9,LFU,LFU,3000,0,3000,0.0,1.0,0.0,2730,-9.89010989010989,loss,0.004266810999979498,0.0,,0,2397568904857501707,14643337032763018093,5254420609676600275,38bf24b7aba876e5b2ea5cc799290a7660425e26ca57bdacd133e03cdcc42cd2,25,True
sequential,10,9,MRU,MRU,3000,270,2730,0.09,0.91,100.0,2730,0.0,tie,0.003068756000175199,0.0,,0,2397568904857501707,14643337032763018093,5254420609676600275,38bf24b7aba876e5b2ea5cc799290a7660425e26ca57bdacd133e03cdcc42cd2,25,True
sequential,10,9,OPT,OPT,3000,270,2730,0.09,0.91,100.0,2730,0.0,tie,0.0038132379995658994,0.0,,0,2397568904857501707,14643337032763018093,5254420609676600275,38bf24b7aba876e5b2ea5cc799290a7660425e26ca57bdacd133e03cdcc42cd2,25,True
sequential,10,9,LeCaR-inspired,LeCaR,3000,0,3000,0.0,1.0,0.0,2730,-9.89010989010989,loss,0.005064723999566922,0.0,,0,2397568904857501707,14643337032763018093,5254420609676600275,38bf24b7aba876e5b2ea5cc799290a7660425e26ca57bdacd133e03cdcc42cd2,25,True
sequential,10,9,RL-Windowed,RL-Adaptive (windowed),3000,261,2739,0.087,0.913,96.66666666666667,2730,-0.32967032967032966,loss,0.004578281000249262,0.11962765200041758,"{""FIFO"": 0, ""LFU"": 0, ""LRU"": 1, ""MRU"": 59}",2,2397568904857501707,14643337032763018093,5254420609676600275,38bf24b7aba876e5b2ea5cc799290a7660425e26ca57bdacd133e03cdcc42cd2,25,True
sequential,10,9,RL-FixedCommit-20,RL-Adaptive (per-eviction),3000,270,2730,0.09,0.91,100.0,2730,0.0,tie,0.004491290000260051,0.16810563700073544,"{""FIFO"": 0, ""LFU"": 0, ""LRU"": 0, ""MRU"": 2720}",1,2397568904857501707,14643337032763018093,5254420609676600275,38bf24b7aba876e5b2ea5cc799290a7660425e26ca57bdacd133e03cdcc42cd2,25,True
sequential,20,0,FIFO,FIFO,3000,0,3000,0.0,1.0,0.0,2430,-23.45679012345679,loss,0.006914612999935343,0.0,,0,999999,42,0,38bf24b7aba876e5b2ea5cc799290a7660425e26ca57bdacd133e03cdcc42cd2,25,True
sequential,20,0,LRU,LRU,3000,0,3000,0.0,1.0,0.0,2430,-23.45679012345679,loss,0.004503168000155711,0.0,,0,999999,42,0,38bf24b7aba876e5b2ea5cc799290a7660425e26ca57bdacd133e03cdcc42cd2,25,True
sequential,20,0,LFU,LFU,3000,0,3000,0.0,1.0,0.0,2430,-23.45679012345679,loss,0.0077542080007333425,0.0,,0,999999,42,0,38bf24b7aba876e5b2ea5cc799290a7660425e26ca57bdacd133e03cdcc42cd2,25,True
sequential,20,0,MRU,MRU,3000,570,2430,0.19,0.81,100.0,2430,0.0,tie,0.0036659360002886388,0.0,,0,999999,42,0,38bf24b7aba876e5b2ea5cc799290a7660425e26ca57bdacd133e03cdcc42cd2,25,True
sequential,20,0,OPT,OPT,3000,570,2430,0.19,0.81,100.0,2430,0.0,tie,0.005871289999959117,0.0,,0,999999,42,0,38bf24b7aba876e5b2ea5cc799290a7660425e26ca57bdacd133e03cdcc42cd2,25,True
sequential,20,0,LeCaR-inspired,LeCaR,3000,0,3000,0.0,1.0,0.0,2430,-23.45679012345679,loss,0.008300702000269666,0.0,,0,999999,42,0,38bf24b7aba876e5b2ea5cc799290a7660425e26ca57bdacd133e03cdcc42cd2,25,True
sequential,20,0,RL-Windowed,RL-Adaptive (windowed),3000,551,2449,0.18366666666666667,0.8163333333333334,96.66666666666669,2430,-0.7818930041152263,loss,0.005513520000022254,0.13974297400000069,"{""FIFO"": 1, ""LFU"": 0, ""LRU"": 0, ""MRU"": 59}",2,999999,42,0,38bf24b7aba876e5b2ea5cc799290a7660425e26ca57bdacd133e03cdcc42cd2,25,True
sequential,20,0,RL-FixedCommit-20,RL-Adaptive (per-eviction),3000,570,2430,0.19,0.81,100.0,2430,0.0,tie,0.006518986999253684,0.17787934900024993,"{""FIFO"": 0, ""LFU"": 0, ""LRU"": 0, ""MRU"": 2410}",1,999999,42,0,38bf24b7aba876e5b2ea5cc799290a7660425e26ca57bdacd133e03cdcc42cd2,25,True
sequential,20,1,FIFO,FIFO,3000,0,3000,0.0,1.0,0.0,2430,-23.45679012345679,loss,0.004265198999746644,0.0,,0,16717777647965957393,2525721831092706418,3879375843389994631,38bf24b7aba876e5b2ea5cc799290a7660425e26ca57bdacd133e03cdcc42cd2,25,True
sequential,20,1,LRU,LRU,3000,0,3000,0.0,1.0,0.0,2430,-23.45679012345679,loss,0.005160237999916717,0.0,,0,16717777647965957393,2525721831092706418,3879375843389994631,38bf24b7aba876e5b2ea5cc799290a7660425e26ca57bdacd133e03cdcc42cd2,25,True
sequential,20,1,LFU,LFU,3000,0,3000,0.0,1.0,0.0,2430,-23.45679012345679,loss,0.006389111000316916,0.0,,0,16717777647965957393,2525721831092706418,3879375843389994631,38bf24b7aba876e5b2ea5cc799290a7660425e26ca57bdacd133e03cdcc42cd2,25,True
sequential,20,1,MRU,MRU,3000,570,2430,0.19,0.81,100.0,2430,0.0,tie,0.004378980000183219,0.0,,0,16717777647965957393,2525721831092706418,3879375843389994631,38bf24b7aba876e5b2ea5cc799290a7660425e26ca57bdacd133e03cdcc42cd2,25,True
sequential,20,1,OPT,OPT,3000,570,2430,0.19,0.81,100.0,2430,0.0,tie,0.006374868999955652,0.0,,0,16717777647965957393,2525721831092706418,3879375843389994631,38bf24b7aba876e5b2ea5cc799290a7660425e26ca57bdacd133e03cdcc42cd2,25,True
sequential,20,1,LeCaR-inspired,LeCaR,3000,0,3000,0.0,1.0,0.0,2430,-23.45679012345679,loss,0.007361166000009689,0.0,,0,16717777647965957393,2525721831092706418,3879375843389994631,38bf24b7aba876e5b2ea5cc799290a7660425e26ca57bdacd133e03cdcc42cd2,25,True
sequential,20,1,RL-Windowed,RL-Adaptive (windowed),3000,551,2449,0.18366666666666667,0.8163333333333334,96.66666666666669,2430,-0.7818930041152263,loss,0.005070843999419594,0.14578199599964137,"{""FIFO"": 0, ""LFU"": 0, ""LRU"": 1, ""MRU"": 59}",2,16717777647965957393,2525721831092706418,3879375843389994631,38bf24b7aba876e5b2ea5cc799290a7660425e26ca57bdacd133e03cdcc42cd2,25,True
sequential,20,1,RL-FixedCommit-20,RL-Adaptive (per-eviction),3000,570,2430,0.19,0.81,100.0,2430,0.0,tie,0.005188159999306663,0.18335053600003448,"{""FIFO"": 0, ""LFU"": 0, ""LRU"": 0, ""MRU"": 2410}",1,16717777647965957393,2525721831092706418,3879375843389994631,38bf24b7aba876e5b2ea5cc799290a7660425e26ca57bdacd133e03cdcc42cd2,25,True
sequential,20,2,FIFO,FIFO,3000,0,3000,0.0,1.0,0.0,2430,-23.45679012345679,loss,0.004177345999778481,0.0,,0,1305566401757673907,4059098351897074801,8251146533248606337,38bf24b7aba876e5b2ea5cc799290a7660425e26ca57bdacd133e03cdcc42cd2,25,True
sequential,20,2,LRU,LRU,3000,0,3000,0.0,1.0,0.0,2430,-23.45679012345679,loss,0.004617761000190512,0.0,,0,1305566401757673907,4059098351897074801,8251146533248606337,38bf24b7aba876e5b2ea5cc799290a7660425e26ca57bdacd133e03cdcc42cd2,25,True
sequential,20,2,LFU,LFU,3000,0,3000,0.0,1.0,0.0,2430,-23.45679012345679,loss,0.006287408000389405,0.0,,0,1305566401757673907,4059098351897074801,8251146533248606337,38bf24b7aba876e5b2ea5cc799290a7660425e26ca57bdacd133e03cdcc42cd2,25,True
sequential,20,2,MRU,MRU,3000,570,2430,0.19,0.81,100.0,2430,0.0,tie,0.003750743000637158,0.0,,0,1305566401757673907,4059098351897074801,8251146533248606337,38bf24b7aba876e5b2ea5cc799290a7660425e26ca57bdacd133e03cdcc42cd2,25,True
sequential,20,2,OPT,OPT,3000,570,2430,0.19,0.81,100.0,2430,0.0,tie,0.005893673999707971,0.0,,0,1305566401757673907,4059098351897074801,8251146533248606337,38bf24b7aba876e5b2ea5cc799290a7660425e26ca57bdacd133e03cdcc42cd2,25,True
sequential,20,2,LeCaR-inspired,LeCaR,3000,0,3000,0.0,1.0,0.0,2430,-23.45679012345679,loss,0.00682562899964978,0.0,,0,1305566401757673907,4059098351897074801,8251146533248606337,38bf24b7aba876e5b2ea5cc799290a7660425e26ca57bdacd133e03cdcc42cd2,25,True
sequential,20,2,RL-Windowed,RL-Adaptive (windowed),3000,570,2430,0.19,0.81,100.0,2430,0.0,tie,0.0052985570000601,0.15875014399989595,"{""FIFO"": 0, ""LFU"": 0, ""LRU"": 0, ""MRU"": 60}",2,1305566401757673907,4059098351897074801,8251146533248606337,38bf24b7aba876e5b2ea5cc799290a7660425e26ca57bdacd133e03cdcc42cd2,25,True
sequential,20,2,RL-FixedCommit-20,RL-Adaptive (per-eviction),3000,570,2430,0.19,0.81,100.0,2430,0.0,tie,0.005121780000081344,0.20071201200062205,"{""FIFO"": 0, ""LFU"": 0, ""LRU"": 0, ""MRU"": 2410}",1,1305566401757673907,4059098351897074801,8251146533248606337,38bf24b7aba876e5b2ea5cc799290a7660425e26ca57bdacd133e03cdcc42cd2,25,True
sequential,20,3,FIFO,FIFO,3000,0,3000,0.0,1.0,0.0,2430,-23.45679012345679,loss,0.005477286000314052,0.0,,0,10896733126758641499,17229579976100088554,13657480034574457404,38bf24b7aba876e5b2ea5cc799290a7660425e26ca57bdacd133e03cdcc42cd2,25,True
sequential,20,3,LRU,LRU,3000,0,3000,0.0,1.0,0.0,2430,-23.45679012345679,loss,0.004896772000392957,0.0,,0,10896733126758641499,17229579976100088554,13657480034574457404,38bf24b7aba876e5b2ea5cc799290a7660425e26ca57bdacd133e03cdcc42cd2,25,True
sequential,20,3,LFU,LFU,3000,0,3000,0.0,1.0,0.0,2430,-23.45679012345679,loss,0.006626970000070287,0.0,,0,10896733126758641499,17229579976100088554,13657480034574457404,38bf24b7aba876e5b2ea5cc799290a7660425e26ca57bdacd133e03cdcc42cd2,25,True
sequential,20,3,MRU,MRU,3000,570,2430,0.19,0.81,100.0,2430,0.0,tie,0.004368705000160844,0.0,,0,10896733126758641499,17229579976100088554,13657480034574457404,38bf24b7aba876e5b2ea5cc799290a7660425e26ca57bdacd133e03cdcc42cd2,25,True
sequential,20,3,OPT,OPT,3000,570,2430,0.19,0.81,100.0,2430,0.0,tie,0.0066712460002236185,0.0,,0,10896733126758641499,17229579976100088554,13657480034574457404,38bf24b7aba876e5b2ea5cc799290a7660425e26ca57bdacd133e03cdcc42cd2,25,True
sequential,20,3,LeCaR-inspired,LeCaR,3000,0,3000,0.0,1.0,0.0,2430,-23.45679012345679,loss,0.00793110499944305,0.0,,0,10896733126758641499,17229579976100088554,13657480034574457404,38bf24b7aba876e5b2ea5cc799290a7660425e26ca57bdacd133e03cdcc42cd2,25,True
sequential,20,3,RL-Windowed,RL-Adaptive (windowed),3000,551,2449,0.18366666666666667,0.8163333333333334,96.66666666666669,2430,-0.7818930041152263,loss,0.004648137000003771,0.1540726530001848,"{""FIFO"": 0, ""LFU"": 0, ""LRU"": 1, ""MRU"": 59}",2,10896733126758641499,17229579976100088554,13657480034574457404,38bf24b7aba876e5b2ea5cc799290a7660425e26ca57bdacd133e03cdcc42cd2,25,True
sequential,20,3,RL-FixedCommit-20,RL-Adaptive (per-eviction),3000,570,2430,0.19,0.81,100.0,2430,0.0,tie,0.005056973000137077,0.16979193899987877,"{""FIFO"": 0, ""LFU"": 0, ""LRU"": 0, ""MRU"": 2410}",1,10896733126758641499,17229579976100088554,13657480034574457404,38bf24b7aba876e5b2ea5cc799290a7660425e26ca57bdacd133e03cdcc42cd2,25,True
sequential,20,4,FIFO,FIFO,3000,0,3000,0.0,1.0,0.0,2430,-23.45679012345679,loss,0.004608356999597163,0.0,,0,3092690890239630504,1652322981519701649,13833213382424153356,38bf24b7aba876e5b2ea5cc799290a7660425e26ca57bdacd133e03cdcc42cd2,25,True
sequential,20,4,LRU,LRU,3000,0,3000,0.0,1.0,0.0,2430,-23.45679012345679,loss,0.004090246000487241,0.0,,0,3092690890239630504,1652322981519701649,13833213382424153356,38bf24b7aba876e5b2ea5cc799290a7660425e26ca57bdacd133e03cdcc42cd2,25,True
sequential,20,4,LFU,LFU,3000,0,3000,0.0,1.0,0.0,2430,-23.45679012345679,loss,0.0063197459994626115,0.0,,0,3092690890239630504,1652322981519701649,13833213382424153356,38bf24b7aba876e5b2ea5cc799290a7660425e26ca57bdacd133e03cdcc42cd2,25,True
sequential,20,4,MRU,MRU,3000,570,2430,0.19,0.81,100.0,2430,0.0,tie,0.00362842000049568,0.0,,0,3092690890239630504,1652322981519701649,13833213382424153356,38bf24b7aba876e5b2ea5cc799290a7660425e26ca57bdacd133e03cdcc42cd2,25,True
sequential,20,4,OPT,OPT,3000,570,2430,0.19,0.81,100.0,2430,0.0,tie,0.005541853999602608,0.0,,0,3092690890239630504,1652322981519701649,13833213382424153356,38bf24b7aba876e5b2ea5cc799290a7660425e26ca57bdacd133e03cdcc42cd2,25,True
sequential,20,4,LeCaR-inspired,LeCaR,3000,0,3000,0.0,1.0,0.0,2430,-23.45679012345679,loss,0.007002033999924606,0.0,,0,3092690890239630504,1652322981519701649,13833213382424153356,38bf24b7aba876e5b2ea5cc799290a7660425e26ca57bdacd133e03cdcc42cd2,25,True
sequential,20,4,RL-Windowed,RL-Adaptive (windowed),3000,0,3000,0.0,1.0,0.0,2430,-23.45679012345679,loss,0.005100037999909546,0.13464026200017543,"{""FIFO"": 59, ""LFU"": 0, ""LRU"": 1, ""MRU"": 0}",2,3092690890239630504,1652322981519701649,13833213382424153356,38bf24b7aba876e5b2ea5cc799290a7660425e26ca57bdacd133e03cdcc42cd2,25,True
sequential,20,4,RL-FixedCommit-20,RL-Adaptive (per-eviction),3000,570,2430,0.19,0.81,100.0,2430,0.0,tie,0.0052937089994884445,0.16405512100027408,"{""FIFO"": 0, ""LFU"": 0, ""LRU"": 0, ""MRU"": 2410}",1,3092690890239630504,1652322981519701649,13833213382424153356,38bf24b7aba876e5b2ea5cc799290a7660425e26ca57bdacd133e03cdcc42cd2,25,True
sequential,20,5,FIFO,FIFO,3000,0,3000,0.0,1.0,0.0,2430,-23.45679012345679,loss,0.004276827000467165,0.0,,0,11441395483595616694,1121435539257306649,12311010682614744993,38bf24b7aba876e5b2ea5cc799290a7660425e26ca57bdacd133e03cdcc42cd2,25,True
sequential,20,5,LRU,LRU,3000,0,3000,0.0,1.0,0.0,2430,-23.45679012345679,loss,0.004372481000245898,0.0,,0,11441395483595616694,1121435539257306649,12311010682614744993,38bf24b7aba876e5b2ea5cc799290a7660425e26ca57bdacd133e03cdcc42cd2,25,True
sequential,20,5,LFU,LFU,3000,0,3000,0.0,1.0,0.0,2430,-23.45679012345679,loss,0.005993173999740975,0.0,,0,11441395483595616694,1121435539257306649,12311010682614744993,38bf24b7aba876e5b2ea5cc799290a7660425e26ca57bdacd133e03cdcc42cd2,25,True
sequential,20,5,MRU,MRU,3000,570,2430,0.19,0.81,100.0,2430,0.0,tie,0.004746675000205869,0.0,,0,11441395483595616694,1121435539257306649,12311010682614744993,38bf24b7aba876e5b2ea5cc799290a7660425e26ca57bdacd133e03cdcc42cd2,25,True
sequential,20,5,OPT,OPT,3000,570,2430,0.19,0.81,100.0,2430,0.0,tie,0.005723005999243469,0.0,,0,11441395483595616694,1121435539257306649,12311010682614744993,38bf24b7aba876e5b2ea5cc799290a7660425e26ca57bdacd133e03cdcc42cd2,25,True
sequential,20,5,LeCaR-inspired,LeCaR,3000,0,3000,0.0,1.0,0.0,2430,-23.45679012345679,loss,0.006750615999408183,0.0,,0,11441395483595616694,1121435539257306649,12311010682614744993,38bf24b7aba876e5b2ea5cc799290a7660425e26ca57bdacd133e03cdcc42cd2,25,True
sequential,20,5,RL-Windowed,RL-Adaptive (windowed),3000,0,3000,0.0,1.0,0.0,2430,-23.45679012345679,loss,0.005292857999847911,0.14949181900010444,"{""FIFO"": 60, ""LFU"": 0, ""LRU"": 0, ""MRU"": 0}",2,11441395483595616694,1121435539257306649,12311010682614744993,38bf24b7aba876e5b2ea5cc799290a7660425e26ca57bdacd133e03cdcc42cd2,25,True
sequential,20,5,RL-FixedCommit-20,RL-Adaptive (per-eviction),3000,0,3000,0.0,1.0,0.0,2430,-23.45679012345679,loss,0.008054130999880726,0.18650486000024102,"{""FIFO"": 0, ""LFU"": 2980, ""LRU"": 0, ""MRU"": 0}",1,11441395483595616694,1121435539257306649,12311010682614744993,38bf24b7aba876e5b2ea5cc799290a7660425e26ca57bdacd133e03cdcc42cd2,25,True
sequential,20,6,FIFO,FIFO,3000,0,3000,0.0,1.0,0.0,2430,-23.45679012345679,loss,0.004238729000462627,0.0,,0,15841885749686287183,4365902871643889632,11744945720644652978,38bf24b7aba876e5b2ea5cc799290a7660425e26ca57bdacd133e03cdcc42cd2,25,True
sequential,20,6,LRU,LRU,3000,0,3000,0.0,1.0,0.0,2430,-23.45679012345679,loss,0.004146840999965207,0.0,,0,15841885749686287183,4365902871643889632,11744945720644652978,38bf24b7aba876e5b2ea5cc799290a7660425e26ca57bdacd133e03cdcc42cd2,25,True
sequential,20,6,LFU,LFU,3000,0,3000,0.0,1.0,0.0,2430,-23.45679012345679,loss,0.005987885999275022,0.0,,0,15841885749686287183,4365902871643889632,11744945720644652978,38bf24b7aba876e5b2ea5cc799290a7660425e26ca57bdacd133e03cdcc42cd2,25,True
sequential,20,6,MRU,MRU,3000,570,2430,0.19,0.81,100.0,2430,0.0,tie,0.0036672369997177157,0.0,,0,15841885749686287183,4365902871643889632,11744945720644652978,38bf24b7aba876e5b2ea5cc799290a7660425e26ca57bdacd133e03cdcc42cd2,25,True
sequential,20,6,OPT,OPT,3000,570,2430,0.19,0.81,100.0,2430,0.0,tie,0.005438468000647845,0.0,,0,15841885749686287183,4365902871643889632,11744945720644652978,38bf24b7aba876e5b2ea5cc799290a7660425e26ca57bdacd133e03cdcc42cd2,25,True
sequential,20,6,LeCaR-inspired,LeCaR,3000,0,3000,0.0,1.0,0.0,2430,-23.45679012345679,loss,0.006557615000019723,0.0,,0,15841885749686287183,4365902871643889632,11744945720644652978,38bf24b7aba876e5b2ea5cc799290a7660425e26ca57bdacd133e03cdcc42cd2,25,True
sequential,20,6,RL-Windowed,RL-Adaptive (windowed),3000,551,2449,0.18366666666666667,0.8163333333333334,96.66666666666669,2430,-0.7818930041152263,loss,0.005069050999736646,0.12770911500047077,"{""FIFO"": 0, ""LFU"": 0, ""LRU"": 1, ""MRU"": 59}",2,15841885749686287183,4365902871643889632,11744945720644652978,38bf24b7aba876e5b2ea5cc799290a7660425e26ca57bdacd133e03cdcc42cd2,25,True
sequential,20,6,RL-FixedCommit-20,RL-Adaptive (per-eviction),3000,570,2430,0.19,0.81,100.0,2430,0.0,tie,0.005349604000002728,0.16667305900045903,"{""FIFO"": 0, ""LFU"": 0, ""LRU"": 0, ""MRU"": 2410}",1,15841885749686287183,4365902871643889632,11744945720644652978,38bf24b7aba876e5b2ea5cc799290a7660425e26ca57bdacd133e03cdcc42cd2,25,True
sequential,20,7,FIFO,FIFO,3000,0,3000,0.0,1.0,0.0,2430,-23.45679012345679,loss,0.004170967999925779,0.0,,0,7866014719739355761,9532619309786877184,16008131557619445177,38bf24b7aba876e5b2ea5cc799290a7660425e26ca57bdacd133e03cdcc42cd2,25,True
sequential,20,7,LRU,LRU,3000,0,3000,0.0,1.0,0.0,2430,-23.45679012345679,loss,0.004159148999860918,0.0,,0,7866014719739355761,9532619309786877184,16008131557619445177,38bf24b7aba876e5b2ea5cc799290a7660425e26ca57bdacd133e03cdcc42cd2,25,True
sequential,20,7,LFU,LFU,3000,0,3000,0.0,1.0,0.0,2430,-23.45679012345679,loss,0.006230561999473139,0.0,,0,7866014719739355761,9532619309786877184,16008131557619445177,38bf24b7aba876e5b2ea5cc799290a7660425e26ca57bdacd133e03cdcc42cd2,25,True
sequential,20,7,MRU,MRU,3000,570,2430,0.19,0.81,100.0,2430,0.0,tie,0.003590332000385388,0.0,,0,7866014719739355761,9532619309786877184,16008131557619445177,38bf24b7aba876e5b2ea5cc799290a7660425e26ca57bdacd133e03cdcc42cd2,25,True
sequential,20,7,OPT,OPT,3000,570,2430,0.19,0.81,100.0,2430,0.0,tie,0.0055174369999804185,0.0,,0,7866014719739355761,9532619309786877184,16008131557619445177,38bf24b7aba876e5b2ea5cc799290a7660425e26ca57bdacd133e03cdcc42cd2,25,True
sequential,20,7,LeCaR-inspired,LeCaR,3000,0,3000,0.0,1.0,0.0,2430,-23.45679012345679,loss,0.0065826030004245695,0.0,,0,7866014719739355761,9532619309786877184,16008131557619445177,38bf24b7aba876e5b2ea5cc799290a7660425e26ca57bdacd133e03cdcc42cd2,25,True
sequential,20,7,RL-Windowed,RL-Adaptive (windowed),3000,551,2449,0.18366666666666667,0.8163333333333334,96.66666666666669,2430,-0.7818930041152263,loss,0.005026155999985349,0.12506715600011375,"{""FIFO"": 0, ""LFU"": 0, ""LRU"": 1, ""MRU"": 59}",2,7866014719739355761,9532619309786877184,16008131557619445177,38bf24b7aba876e5b2ea5cc799290a7660425e26ca57bdacd133e03cdcc42cd2,25,True
sequential,20,7,RL-FixedCommit-20,RL-Adaptive (per-eviction),3000,570,2430,0.19,0.81,100.0,2430,0.0,tie,0.005869567000445386,0.16506861400011985,"{""FIFO"": 0, ""LFU"": 0, ""LRU"": 0, ""MRU"": 2410}",1,7866014719739355761,9532619309786877184,16008131557619445177,38bf24b7aba876e5b2ea5cc799290a7660425e26ca57bdacd133e03cdcc42cd2,25,True
sequential,20,8,FIFO,FIFO,3000,0,3000,0.0,1.0,0.0,2430,-23.45679012345679,loss,0.00460185699921567,0.0,,0,10966373112097421076,4948905498182040407,13088539422047257325,38bf24b7aba876e5b2ea5cc799290a7660425e26ca57bdacd133e03cdcc42cd2,25,True
sequential,20,8,LRU,LRU,3000,0,3000,0.0,1.0,0.0,2430,-23.45679012345679,loss,0.004156865999902948,0.0,,0,10966373112097421076,4948905498182040407,13088539422047257325,38bf24b7aba876e5b2ea5cc799290a7660425e26ca57bdacd133e03cdcc42cd2,25,True
sequential,20,8,LFU,LFU,3000,0,3000,0.0,1.0,0.0,2430,-23.45679012345679,loss,0.006032954000147583,0.0,,0,10966373112097421076,4948905498182040407,13088539422047257325,38bf24b7aba876e5b2ea5cc799290a7660425e26ca57bdacd133e03cdcc42cd2,25,True
sequential,20,8,MRU,MRU,3000,570,2430,0.19,0.81,100.0,2430,0.0,tie,0.0037423820003823494,0.0,,0,10966373112097421076,4948905498182040407,13088539422047257325,38bf24b7aba876e5b2ea5cc799290a7660425e26ca57bdacd133e03cdcc42cd2,25,True
sequential,20,8,OPT,OPT,3000,570,2430,0.19,0.81,100.0,2430,0.0,tie,0.006086864999815589,0.0,,0,10966373112097421076,4948905498182040407,13088539422047257325,38bf24b7aba876e5b2ea5cc799290a7660425e26ca57bdacd133e03cdcc42cd2,25,True
sequential,20,8,LeCaR-inspired,LeCaR,3000,0,3000,0.0,1.0,0.0,2430,-23.45679012345679,loss,0.007041683999887027,0.0,,0,10966373112097421076,4948905498182040407,13088539422047257325,38bf24b7aba876e5b2ea5cc799290a7660425e26ca57bdacd133e03cdcc42cd2,25,True
sequential,20,8,RL-Windowed,RL-Adaptive (windowed),3000,551,2449,0.18366666666666667,0.8163333333333334,96.66666666666669,2430,-0.7818930041152263,loss,0.00489261499933491,0.13297274199976528,"{""FIFO"": 1, ""LFU"": 0, ""LRU"": 0, ""MRU"": 59}",2,10966373112097421076,4948905498182040407,13088539422047257325,38bf24b7aba876e5b2ea5cc799290a7660425e26ca57bdacd133e03cdcc42cd2,25,True
sequential,20,8,RL-FixedCommit-20,RL-Adaptive (per-eviction),3000,0,3000,0.0,1.0,0.0,2430,-23.45679012345679,loss,0.006001505999847723,0.1944713849998152,"{""FIFO"": 0, ""LFU"": 0, ""LRU"": 2980, ""MRU"": 0}",1,10966373112097421076,4948905498182040407,13088539422047257325,38bf24b7aba876e5b2ea5cc799290a7660425e26ca57bdacd133e03cdcc42cd2,25,True
sequential,20,9,FIFO,FIFO,3000,0,3000,0.0,1.0,0.0,2430,-23.45679012345679,loss,0.005434251000224322,0.0,,0,2397568904857501707,14643337032763018093,5254420609676600275,38bf24b7aba876e5b2ea5cc799290a7660425e26ca57bdacd133e03cdcc42cd2,25,True
sequential,20,9,LRU,LRU,3000,0,3000,0.0,1.0,0.0,2430,-23.45679012345679,loss,0.004425441000421415,0.0,,0,2397568904857501707,14643337032763018093,5254420609676600275,38bf24b7aba876e5b2ea5cc799290a7660425e26ca57bdacd133e03cdcc42cd2,25,True
sequential,20,9,LFU,LFU,3000,0,3000,0.0,1.0,0.0,2430,-23.45679012345679,loss,0.005974576000880916,0.0,,0,2397568904857501707,14643337032763018093,5254420609676600275,38bf24b7aba876e5b2ea5cc799290a7660425e26ca57bdacd133e03cdcc42cd2,25,True
sequential,20,9,MRU,MRU,3000,570,2430,0.19,0.81,100.0,2430,0.0,tie,0.003544533000422234,0.0,,0,2397568904857501707,14643337032763018093,5254420609676600275,38bf24b7aba876e5b2ea5cc799290a7660425e26ca57bdacd133e03cdcc42cd2,25,True
sequential,20,9,OPT,OPT,3000,570,2430,0.19,0.81,100.0,2430,0.0,tie,0.006271352999647206,0.0,,0,2397568904857501707,14643337032763018093,5254420609676600275,38bf24b7aba876e5b2ea5cc799290a7660425e26ca57bdacd133e03cdcc42cd2,25,True
sequential,20,9,LeCaR-inspired,LeCaR,3000,0,3000,0.0,1.0,0.0,2430,-23.45679012345679,loss,0.007032631000583933,0.0,,0,2397568904857501707,14643337032763018093,5254420609676600275,38bf24b7aba876e5b2ea5cc799290a7660425e26ca57bdacd133e03cdcc42cd2,25,True
sequential,20,9,RL-Windowed,RL-Adaptive (windowed),3000,551,2449,0.18366666666666667,0.8163333333333334,96.66666666666669,2430,-0.7818930041152263,loss,0.004828107999856002,0.1297528400000374,"{""FIFO"": 0, ""LFU"": 0, ""LRU"": 1, ""MRU"": 59}",2,2397568904857501707,14643337032763018093,5254420609676600275,38bf24b7aba876e5b2ea5cc799290a7660425e26ca57bdacd133e03cdcc42cd2,25,True
sequential,20,9,RL-FixedCommit-20,RL-Adaptive (per-eviction),3000,570,2430,0.19,0.81,100.0,2430,0.0,tie,0.0054905060005694395,0.17478995799956465,"{""FIFO"": 0, ""LFU"": 0, ""LRU"": 0, ""MRU"": 2410}",1,2397568904857501707,14643337032763018093,5254420609676600275,38bf24b7aba876e5b2ea5cc799290a7660425e26ca57bdacd133e03cdcc42cd2,25,True
sequential,40,0,FIFO,FIFO,3000,0,3000,0.0,1.0,0.0,1840,-63.04347826086956,loss,0.006848172999525559,0.0,,0,999999,42,0,38bf24b7aba876e5b2ea5cc799290a7660425e26ca57bdacd133e03cdcc42cd2,25,True
sequential,40,0,LRU,LRU,3000,0,3000,0.0,1.0,0.0,1840,-63.04347826086956,loss,0.006397964000825596,0.0,,0,999999,42,0,38bf24b7aba876e5b2ea5cc799290a7660425e26ca57bdacd133e03cdcc42cd2,25,True
sequential,40,0,LFU,LFU,3000,0,3000,0.0,1.0,0.0,1840,-63.04347826086956,loss,0.010536693000176456,0.0,,0,999999,42,0,38bf24b7aba876e5b2ea5cc799290a7660425e26ca57bdacd133e03cdcc42cd2,25,True
sequential,40,0,MRU,MRU,3000,1160,1840,0.38666666666666666,0.6133333333333333,100.0,1840,0.0,tie,0.004124787000364449,0.0,,0,999999,42,0,38bf24b7aba876e5b2ea5cc799290a7660425e26ca57bdacd133e03cdcc42cd2,25,True
sequential,40,0,OPT,OPT,3000,1160,1840,0.38666666666666666,0.6133333333333333,100.0,1840,0.0,tie,0.008128593000037654,0.0,,0,999999,42,0,38bf24b7aba876e5b2ea5cc799290a7660425e26ca57bdacd133e03cdcc42cd2,25,True
sequential,40,0,LeCaR-inspired,LeCaR,3000,0,3000,0.0,1.0,0.0,1840,-63.04347826086956,loss,0.01146935900032986,0.0,,0,999999,42,0,38bf24b7aba876e5b2ea5cc799290a7660425e26ca57bdacd133e03cdcc42cd2,25,True
sequential,40,0,RL-Windowed,RL-Adaptive (windowed),3000,0,3000,0.0,1.0,0.0,1840,-63.04347826086956,loss,0.011382638000213774,0.15671939799995016,"{""FIFO"": 1, ""LFU"": 59, ""LRU"": 0, ""MRU"": 0}",2,999999,42,0,38bf24b7aba876e5b2ea5cc799290a7660425e26ca57bdacd133e03cdcc42cd2,25,True
sequential,40,0,RL-FixedCommit-20,RL-Adaptive (per-eviction),3000,1160,1840,0.38666666666666666,0.6133333333333333,100.0,1840,0.0,tie,0.005478597999172052,0.1562753389998761,"{""FIFO"": 0, ""LFU"": 0, ""LRU"": 0, ""MRU"": 1800}",1,999999,42,0,38bf24b7aba876e5b2ea5cc799290a7660425e26ca57bdacd133e03cdcc42cd2,25,True
sequential,40,1,FIFO,FIFO,3000,0,3000,0.0,1.0,0.0,1840,-63.04347826086956,loss,0.006352254999910656,0.0,,0,16717777647965957393,2525721831092706418,3879375843389994631,38bf24b7aba876e5b2ea5cc799290a7660425e26ca57bdacd133e03cdcc42cd2,25,True
sequential,40,1,LRU,LRU,3000,0,3000,0.0,1.0,0.0,1840,-63.04347826086956,loss,0.0065454160003355355,0.0,,0,16717777647965957393,2525721831092706418,3879375843389994631,38bf24b7aba876e5b2ea5cc799290a7660425e26ca57bdacd133e03cdcc42cd2,25,True
sequential,40,1,LFU,LFU,3000,0,3000,0.0,1.0,0.0,1840,-63.04347826086956,loss,0.010653809000359615,0.0,,0,16717777647965957393,2525721831092706418,3879375843389994631,38bf24b7aba876e5b2ea5cc799290a7660425e26ca57bdacd133e03cdcc42cd2,25,True
sequential,40,1,MRU,MRU,3000,1160,1840,0.38666666666666666,0.6133333333333333,100.0,1840,0.0,tie,0.00425150799947005,0.0,,0,16717777647965957393,2525721831092706418,3879375843389994631,38bf24b7aba876e5b2ea5cc799290a7660425e26ca57bdacd133e03cdcc42cd2,25,True
sequential,40,1,OPT,OPT,3000,1160,1840,0.38666666666666666,0.6133333333333333,100.0,1840,0.0,tie,0.008398058999773639,0.0,,0,16717777647965957393,2525721831092706418,3879375843389994631,38bf24b7aba876e5b2ea5cc799290a7660425e26ca57bdacd133e03cdcc42cd2,25,True
sequential,40,1,LeCaR-inspired,LeCaR,3000,0,3000,0.0,1.0,0.0,1840,-63.04347826086956,loss,0.013684418000593723,0.0,,0,16717777647965957393,2525721831092706418,3879375843389994631,38bf24b7aba876e5b2ea5cc799290a7660425e26ca57bdacd133e03cdcc42cd2,25,True
sequential,40,1,RL-Windowed,RL-Adaptive (windowed),3000,1150,1850,0.38333333333333336,0.6166666666666667,99.13793103448273,1840,-0.5434782608695652,loss,0.005522784999811847,0.18848335900020174,"{""FIFO"": 0, ""LFU"": 0, ""LRU"": 1, ""MRU"": 59}",2,16717777647965957393,2525721831092706418,3879375843389994631,38bf24b7aba876e5b2ea5cc799290a7660425e26ca57bdacd133e03cdcc42cd2,25,True
sequential,40,1,RL-FixedCommit-20,RL-Adaptive (per-eviction),3000,1160,1840,0.38666666666666666,0.6133333333333333,100.0,1840,0.0,tie,0.005550586999561347,0.19235094899977412,"{""FIFO"": 0, ""LFU"": 0, ""LRU"": 0, ""MRU"": 1800}",1,16717777647965957393,2525721831092706418,3879375843389994631,38bf24b7aba876e5b2ea5cc799290a7660425e26ca57bdacd133e03cdcc42cd2,25,True
sequential,40,2,FIFO,FIFO,3000,0,3000,0.0,1.0,0.0,1840,-63.04347826086956,loss,0.006239666000510624,0.0,,0,1305566401757673907,4059098351897074801,8251146533248606337,38bf24b7aba876e5b2ea5cc799290a7660425e26ca57bdacd133e03cdcc42cd2,25,True
sequential,40,2,LRU,LRU,3000,0,3000,0.0,1.0,0.0,1840,-63.04347826086956,loss,0.006659167999714555,0.0,,0,1305566401757673907,4059098351897074801,8251146533248606337,38bf24b7aba876e5b2ea5cc799290a7660425e26ca57bdacd133e03cdcc42cd2,25,True
sequential,40,2,LFU,LFU,3000,0,3000,0.0,1.0,0.0,1840,-63.04347826086956,loss,0.010218041999905836,0.0,,0,1305566401757673907,4059098351897074801,8251146533248606337,38bf24b7aba876e5b2ea5cc799290a7660425e26ca57bdacd133e03cdcc42cd2,25,True
sequential,40,2,MRU,MRU,3000,1160,1840,0.38666666666666666,0.6133333333333333,100.0,1840,0.0,tie,0.004086529000232986,0.0,,0,1305566401757673907,4059098351897074801,8251146533248606337,38bf24b7aba876e5b2ea5cc799290a7660425e26ca57bdacd133e03cdcc42cd2,25,True
sequential,40,2,OPT,OPT,3000,1160,1840,0.38666666666666666,0.6133333333333333,100.0,1840,0.0,tie,0.008108322999760276,0.0,,0,1305566401757673907,4059098351897074801,8251146533248606337,38bf24b7aba876e5b2ea5cc799290a7660425e26ca57bdacd133e03cdcc42cd2,25,True
sequential,40,2,LeCaR-inspired,LeCaR,3000,0,3000,0.0,1.0,0.0,1840,-63.04347826086956,loss,0.01120607199936785,0.0,,0,1305566401757673907,4059098351897074801,8251146533248606337,38bf24b7aba876e5b2ea5cc799290a7660425e26ca57bdacd133e03cdcc42cd2,25,True
sequential,40,2,RL-Windowed,RL-Adaptive (windowed),3000,1160,1840,0.38666666666666666,0.6133333333333333,100.0,1840,0.0,tie,0.005376613999942492,0.15203233300053398,"{""FIFO"": 0, ""LFU"": 0, ""LRU"": 0, ""MRU"": 60}",2,1305566401757673907,4059098351897074801,8251146533248606337,38bf24b7aba876e5b2ea5cc799290a7660425e26ca57bdacd133e03cdcc42cd2,25,True
sequential,40,2,RL-FixedCommit-20,RL-Adaptive (per-eviction),3000,1160,1840,0.38666666666666666,0.6133333333333333,100.0,1840,0.0,tie,0.005146428000443848,0.15679783599989605,"{""FIFO"": 0, ""LFU"": 0, ""LRU"": 0, ""MRU"": 1800}",1,1305566401757673907,4059098351897074801,8251146533248606337,38bf24b7aba876e5b2ea5cc799290a7660425e26ca57bdacd133e03cdcc42cd2,25,True
sequential,40,3,FIFO,FIFO,3000,0,3000,0.0,1.0,0.0,1840,-63.04347826086956,loss,0.0062712130002182676,0.0,,0,10896733126758641499,17229579976100088554,13657480034574457404,38bf24b7aba876e5b2ea5cc799290a7660425e26ca57bdacd133e03cdcc42cd2,25,True
sequential,40,3,LRU,LRU,3000,0,3000,0.0,1.0,0.0,1840,-63.04347826086956,loss,0.006205433999639354,0.0,,0,10896733126758641499,17229579976100088554,13657480034574457404,38bf24b7aba876e5b2ea5cc799290a7660425e26ca57bdacd133e03cdcc42cd2,25,True
sequential,40,3,LFU,LFU,3000,0,3000,0.0,1.0,0.0,1840,-63.04347826086956,loss,0.010309078999853227,0.0,,0,10896733126758641499,17229579976100088554,13657480034574457404,38bf24b7aba876e5b2ea5cc799290a7660425e26ca57bdacd133e03cdcc42cd2,25,True
sequential,40,3,MRU,MRU,3000,1160,1840,0.38666666666666666,0.6133333333333333,100.0,1840,0.0,tie,0.003997125999376294,0.0,,0,10896733126758641499,17229579976100088554,13657480034574457404,38bf24b7aba876e5b2ea5cc799290a7660425e26ca57bdacd133e03cdcc42cd2,25,True
sequential,40,3,OPT,OPT,3000,1160,1840,0.38666666666666666,0.6133333333333333,100.0,1840,0.0,tie,0.008019699000215041,0.0,,0,10896733126758641499,17229579976100088554,13657480034574457404,38bf24b7aba876e5b2ea5cc799290a7660425e26ca57bdacd133e03cdcc42cd2,25,True
sequential,40,3,LeCaR-inspired,LeCaR,3000,0,3000,0.0,1.0,0.0,1840,-63.04347826086956,loss,0.01105598599951918,0.0,,0,10896733126758641499,17229579976100088554,13657480034574457404,38bf24b7aba876e5b2ea5cc799290a7660425e26ca57bdacd133e03cdcc42cd2,25,True
sequential,40,3,RL-Windowed,RL-Adaptive (windowed),3000,0,3000,0.0,1.0,0.0,1840,-63.04347826086956,loss,0.007393734999823209,0.1754548499993689,"{""FIFO"": 0, ""LFU"": 0, ""LRU"": 60, ""MRU"": 0}",2,10896733126758641499,17229579976100088554,13657480034574457404,38bf24b7aba876e5b2ea5cc799290a7660425e26ca57bdacd133e03cdcc42cd2,25,True
sequential,40,3,RL-FixedCommit-20,RL-Adaptive (per-eviction),3000,1160,1840,0.38666666666666666,0.6133333333333333,100.0,1840,0.0,tie,0.00726176599982864,0.1626904940003442,"{""FIFO"": 0, ""LFU"": 0, ""LRU"": 0, ""MRU"": 1800}",1,10896733126758641499,17229579976100088554,13657480034574457404,38bf24b7aba876e5b2ea5cc799290a7660425e26ca57bdacd133e03cdcc42cd2,25,True
sequential,40,4,FIFO,FIFO,3000,0,3000,0.0,1.0,0.0,1840,-63.04347826086956,loss,0.00675508299991634,0.0,,0,3092690890239630504,1652322981519701649,13833213382424153356,38bf24b7aba876e5b2ea5cc799290a7660425e26ca57bdacd133e03cdcc42cd2,25,True
sequential,40,4,LRU,LRU,3000,0,3000,0.0,1.0,0.0,1840,-63.04347826086956,loss,0.006448671000725881,0.0,,0,3092690890239630504,1652322981519701649,13833213382424153356,38bf24b7aba876e5b2ea5cc799290a7660425e26ca57bdacd133e03cdcc42cd2,25,True
sequential,40,4,LFU,LFU,3000,0,3000,0.0,1.0,0.0,1840,-63.04347826086956,loss,0.010017840999353211,0.0,,0,3092690890239630504,1652322981519701649,13833213382424153356,38bf24b7aba876e5b2ea5cc799290a7660425e26ca57bdacd133e03cdcc42cd2,25,True
sequential,40,4,MRU,MRU,3000,1160,1840,0.38666666666666666,0.6133333333333333,100.0,1840,0.0,tie,0.004015533000711002,0.0,,0,3092690890239630504,1652322981519701649,13833213382424153356,38bf24b7aba876e5b2ea5cc799290a7660425e26ca57bdacd133e03cdcc42cd2,25,True
sequential,40,4,OPT,OPT,3000,1160,1840,0.38666666666666666,0.6133333333333333,100.0,1840,0.0,tie,0.008804170999610506,0.0,,0,3092690890239630504,1652322981519701649,13833213382424153356,38bf24b7aba876e5b2ea5cc799290a7660425e26ca57bdacd133e03cdcc42cd2,25,True
sequential,40,4,LeCaR-inspired,LeCaR,3000,0,3000,0.0,1.0,0.0,1840,-63.04347826086956,loss,0.011672364999867568,0.0,,0,3092690890239630504,1652322981519701649,13833213382424153356,38bf24b7aba876e5b2ea5cc799290a7660425e26ca57bdacd133e03cdcc42cd2,25,True
sequential,40,4,RL-Windowed,RL-Adaptive (windowed),3000,1150,1850,0.38333333333333336,0.6166666666666667,99.13793103448273,1840,-0.5434782608695652,loss,0.006058293000023696,0.18299672800003464,"{""FIFO"": 0, ""LFU"": 0, ""LRU"": 1, ""MRU"": 59}",2,3092690890239630504,1652322981519701649,13833213382424153356,38bf24b7aba876e5b2ea5cc799290a7660425e26ca57bdacd133e03cdcc42cd2,25,True
sequential,40,4,RL-FixedCommit-20,RL-Adaptive (per-eviction),3000,1160,1840,0.38666666666666666,0.6133333333333333,100.0,1840,0.0,tie,0.0056346540004597045,0.17997674599973834,"{""FIFO"": 0, ""LFU"": 0, ""LRU"": 0, ""MRU"": 1800}",1,3092690890239630504,1652322981519701649,13833213382424153356,38bf24b7aba876e5b2ea5cc799290a7660425e26ca57bdacd133e03cdcc42cd2,25,True
sequential,40,5,FIFO,FIFO,3000,0,3000,0.0,1.0,0.0,1840,-63.04347826086956,loss,0.006716324000080931,0.0,,0,11441395483595616694,1121435539257306649,12311010682614744993,38bf24b7aba876e5b2ea5cc799290a7660425e26ca57bdacd133e03cdcc42cd2,25,True
sequential,40,5,LRU,LRU,3000,0,3000,0.0,1.0,0.0,1840,-63.04347826086956,loss,0.008184637999875122,0.0,,0,11441395483595616694,1121435539257306649,12311010682614744993,38bf24b7aba876e5b2ea5cc799290a7660425e26ca57bdacd133e03cdcc42cd2,25,True
sequential,40,5,LFU,LFU,3000,0,3000,0.0,1.0,0.0,1840,-63.04347826086956,loss,0.01202396500048053,0.0,,0,11441395483595616694,1121435539257306649,12311010682614744993,38bf24b7aba876e5b2ea5cc799290a7660425e26ca57bdacd133e03cdcc42cd2,25,True
sequential,40,5,MRU,MRU,3000,1160,1840,0.38666666666666666,0.6133333333333333,100.0,1840,0.0,tie,0.0043896570005017566,0.0,,0,11441395483595616694,1121435539257306649,12311010682614744993,38bf24b7aba876e5b2ea5cc799290a7660425e26ca57bdacd133e03cdcc42cd2,25,True
sequential,40,5,OPT,OPT,3000,1160,1840,0.38666666666666666,0.6133333333333333,100.0,1840,0.0,tie,0.008006830000340415,0.0,,0,11441395483595616694,1121435539257306649,12311010682614744993,38bf24b7aba876e5b2ea5cc799290a7660425e26ca57bdacd133e03cdcc42cd2,25,True
sequential,40,5,LeCaR-inspired,LeCaR,3000,0,3000,0.0,1.0,0.0,1840,-63.04347826086956,loss,0.011916623999240983,0.0,,0,11441395483595616694,1121435539257306649,12311010682614744993,38bf24b7aba876e5b2ea5cc799290a7660425e26ca57bdacd133e03cdcc42cd2,25,True
sequential,40,5,RL-Windowed,RL-Adaptive (windowed),3000,0,3000,0.0,1.0,0.0,1840,-63.04347826086956,loss,0.007720536999840988,0.20196784599920647,"{""FIFO"": 60, ""LFU"": 0, ""LRU"": 0, ""MRU"": 0}",2,11441395483595616694,1121435539257306649,12311010682614744993,38bf24b7aba876e5b2ea5cc799290a7660425e26ca57bdacd133e03cdcc42cd2,25,True
sequential,40,5,RL-FixedCommit-20,RL-Adaptive (per-eviction),3000,0,3000,0.0,1.0,0.0,1840,-63.04347826086956,loss,0.008545522000531491,0.18888338200031285,"{""FIFO"": 0, ""LFU"": 0, ""LRU"": 2960, ""MRU"": 0}",1,11441395483595616694,1121435539257306649,12311010682614744993,38bf24b7aba876e5b2ea5cc799290a7660425e26ca57bdacd133e03cdcc42cd2,25,True
sequential,40,6,FIFO,FIFO,3000,0,3000,0.0,1.0,0.0,1840,-63.04347826086956,loss,0.006288497999776155,0.0,,0,15841885749686287183,4365902871643889632,11744945720644652978,38bf24b7aba876e5b2ea5cc799290a7660425e26ca57bdacd133e03cdcc42cd2,25,True
sequential,40,6,LRU,LRU,3000,0,3000,0.0,1.0,0.0,1840,-63.04347826086956,loss,0.008637088999421394,0.0,,0,15841885749686287183,4365902871643889632,11744945720644652978,38bf24b7aba876e5b2ea5cc799290a7660425e26ca57bdacd133e03cdcc42cd2,25,True
sequential,40,6,LFU,LFU,3000,0,3000,0.0,1.0,0.0,1840,-63.04347826086956,loss,0.011274554999545217,0.0,,0,15841885749686287183,4365902871643889632,11744945720644652978,38bf24b7aba876e5b2ea5cc799290a7660425e26ca57bdacd133e03cdcc42cd2,25,True
sequential,40,6,MRU,MRU,3000,1160,1840,0.38666666666666666,0.6133333333333333,100.0,1840,0.0,tie,0.004073119000167935,0.0,,0,15841885749686287183,4365902871643889632,11744945720644652978,38bf24b7aba876e5b2ea5cc799290a7660425e26ca57bdacd133e03cdcc42cd2,25,True
sequential,40,6,OPT,OPT,3000,1160,1840,0.38666666666666666,0.6133333333333333,100.0,1840,0.0,tie,0.008045678000598855,0.0,,0,15841885749686287183,4365902871643889632,11744945720644652978,38bf24b7aba876e5b2ea5cc799290a7660425e26ca57bdacd133e03cdcc42cd2,25,True
sequential,40,6,LeCaR-inspired,LeCaR,3000,0,3000,0.0,1.0,0.0,1840,-63.04347826086956,loss,0.01193546200011042,0.0,,0,15841885749686287183,4365902871643889632,11744945720644652978,38bf24b7aba876e5b2ea5cc799290a7660425e26ca57bdacd133e03cdcc42cd2,25,True
sequential,40,6,RL-Windowed,RL-Adaptive (windowed),3000,0,3000,0.0,1.0,0.0,1840,-63.04347826086956,loss,0.01171930600048654,0.18652443599967228,"{""FIFO"": 0, ""LFU"": 59, ""LRU"": 1, ""MRU"": 0}",2,15841885749686287183,4365902871643889632,11744945720644652978,38bf24b7aba876e5b2ea5cc799290a7660425e26ca57bdacd133e03cdcc42cd2,25,True
sequential,40,6,RL-FixedCommit-20,RL-Adaptive (per-eviction),3000,1160,1840,0.38666666666666666,0.6133333333333333,100.0,1840,0.0,tie,0.005181689999517403,0.16100285499942402,"{""FIFO"": 0, ""LFU"": 0, ""LRU"": 0, ""MRU"": 1800}",1,15841885749686287183,4365902871643889632,11744945720644652978,38bf24b7aba876e5b2ea5cc799290a7660425e26ca57bdacd133e03cdcc42cd2,25,True
sequential,40,7,FIFO,FIFO,3000,0,3000,0.0,1.0,0.0,1840,-63.04347826086956,loss,0.006160526000712707,0.0,,0,7866014719739355761,9532619309786877184,16008131557619445177,38bf24b7aba876e5b2ea5cc799290a7660425e26ca57bdacd133e03cdcc42cd2,25,True
sequential,40,7,LRU,LRU,3000,0,3000,0.0,1.0,0.0,1840,-63.04347826086956,loss,0.006338674999824434,0.0,,0,7866014719739355761,9532619309786877184,16008131557619445177,38bf24b7aba876e5b2ea5cc799290a7660425e26ca57bdacd133e03cdcc42cd2,25,True
sequential,40,7,LFU,LFU,3000,0,3000,0.0,1.0,0.0,1840,-63.04347826086956,loss,0.010510563000025286,0.0,,0,7866014719739355761,9532619309786877184,16008131557619445177,38bf24b7aba876e5b2ea5cc799290a7660425e26ca57bdacd133e03cdcc42cd2,25,True
sequential,40,7,MRU,MRU,3000,1160,1840,0.38666666666666666,0.6133333333333333,100.0,1840,0.0,tie,0.004075433000252815,0.0,,0,7866014719739355761,9532619309786877184,16008131557619445177,38bf24b7aba876e5b2ea5cc799290a7660425e26ca57bdacd133e03cdcc42cd2,25,True
sequential,40,7,OPT,OPT,3000,1160,1840,0.38666666666666666,0.6133333333333333,100.0,1840,0.0,tie,0.0082191290002811,0.0,,0,7866014719739355761,9532619309786877184,16008131557619445177,38bf24b7aba876e5b2ea5cc799290a7660425e26ca57bdacd133e03cdcc42cd2,25,True
sequential,40,7,LeCaR-inspired,LeCaR,3000,0,3000,0.0,1.0,0.0,1840,-63.04347826086956,loss,0.011575429000004078,0.0,,0,7866014719739355761,9532619309786877184,16008131557619445177,38bf24b7aba876e5b2ea5cc799290a7660425e26ca57bdacd133e03cdcc42cd2,25,True
sequential,40,7,RL-Windowed,RL-Adaptive (windowed),3000,1150,1850,0.38333333333333336,0.6166666666666667,99.13793103448273,1840,-0.5434782608695652,loss,0.005275753000205441,0.15182101399932435,"{""FIFO"": 0, ""LFU"": 0, ""LRU"": 1, ""MRU"": 59}",2,7866014719739355761,9532619309786877184,16008131557619445177,38bf24b7aba876e5b2ea5cc799290a7660425e26ca57bdacd133e03cdcc42cd2,25,True
sequential,40,7,RL-FixedCommit-20,RL-Adaptive (per-eviction),3000,1160,1840,0.38666666666666666,0.6133333333333333,100.0,1840,0.0,tie,0.005798790999506309,0.15827867900043202,"{""FIFO"": 0, ""LFU"": 0, ""LRU"": 0, ""MRU"": 1800}",1,7866014719739355761,9532619309786877184,16008131557619445177,38bf24b7aba876e5b2ea5cc799290a7660425e26ca57bdacd133e03cdcc42cd2,25,True
sequential,40,8,FIFO,FIFO,3000,0,3000,0.0,1.0,0.0,1840,-63.04347826086956,loss,0.006557955000062066,0.0,,0,10966373112097421076,4948905498182040407,13088539422047257325,38bf24b7aba876e5b2ea5cc799290a7660425e26ca57bdacd133e03cdcc42cd2,25,True
sequential,40,8,LRU,LRU,3000,0,3000,0.0,1.0,0.0,1840,-63.04347826086956,loss,0.006655092000073637,0.0,,0,10966373112097421076,4948905498182040407,13088539422047257325,38bf24b7aba876e5b2ea5cc799290a7660425e26ca57bdacd133e03cdcc42cd2,25,True
sequential,40,8,LFU,LFU,3000,0,3000,0.0,1.0,0.0,1840,-63.04347826086956,loss,0.010260625999762851,0.0,,0,10966373112097421076,4948905498182040407,13088539422047257325,38bf24b7aba876e5b2ea5cc799290a7660425e26ca57bdacd133e03cdcc42cd2,25,True
sequential,40,8,MRU,MRU,3000,1160,1840,0.38666666666666666,0.6133333333333333,100.0,1840,0.0,tie,0.004189996000604879,0.0,,0,10966373112097421076,4948905498182040407,13088539422047257325,38bf24b7aba876e5b2ea5cc799290a7660425e26ca57bdacd133e03cdcc42cd2,25,True
sequential,40,8,OPT,OPT,3000,1160,1840,0.38666666666666666,0.6133333333333333,100.0,1840,0.0,tie,0.008340963000591728,0.0,,0,10966373112097421076,4948905498182040407,13088539422047257325,38bf24b7aba876e5b2ea5cc799290a7660425e26ca57bdacd133e03cdcc42cd2,25,True
sequential,40,8,LeCaR-inspired,LeCaR,3000,0,3000,0.0,1.0,0.0,1840,-63.04347826086956,loss,0.011695500000314496,0.0,,0,10966373112097421076,4948905498182040407,13088539422047257325,38bf24b7aba876e5b2ea5cc799290a7660425e26ca57bdacd133e03cdcc42cd2,25,True
sequential,40,8,RL-Windowed,RL-Adaptive (windowed),3000,1150,1850,0.38333333333333336,0.6166666666666667,99.13793103448273,1840,-0.5434782608695652,loss,0.005297064999467693,0.1526743410004201,"{""FIFO"": 1, ""LFU"": 0, ""LRU"": 0, ""MRU"": 59}",2,10966373112097421076,4948905498182040407,13088539422047257325,38bf24b7aba876e5b2ea5cc799290a7660425e26ca57bdacd133e03cdcc42cd2,25,True
sequential,40,8,RL-FixedCommit-20,RL-Adaptive (per-eviction),3000,1160,1840,0.38666666666666666,0.6133333333333333,100.0,1840,0.0,tie,0.005630036999718868,0.18720627399943623,"{""FIFO"": 0, ""LFU"": 0, ""LRU"": 0, ""MRU"": 1800}",1,10966373112097421076,4948905498182040407,13088539422047257325,38bf24b7aba876e5b2ea5cc799290a7660425e26ca57bdacd133e03cdcc42cd2,25,True
sequential,40,9,FIFO,FIFO,3000,0,3000,0.0,1.0,0.0,1840,-63.04347826086956,loss,0.006145633999949496,0.0,,0,2397568904857501707,14643337032763018093,5254420609676600275,38bf24b7aba876e5b2ea5cc799290a7660425e26ca57bdacd133e03cdcc42cd2,25,True
sequential,40,9,LRU,LRU,3000,0,3000,0.0,1.0,0.0,1840,-63.04347826086956,loss,0.006127036000179942,0.0,,0,2397568904857501707,14643337032763018093,5254420609676600275,38bf24b7aba876e5b2ea5cc799290a7660425e26ca57bdacd133e03cdcc42cd2,25,True
sequential,40,9,LFU,LFU,3000,0,3000,0.0,1.0,0.0,1840,-63.04347826086956,loss,0.010346977000153856,0.0,,0,2397568904857501707,14643337032763018093,5254420609676600275,38bf24b7aba876e5b2ea5cc799290a7660425e26ca57bdacd133e03cdcc42cd2,25,True
sequential,40,9,MRU,MRU,3000,1160,1840,0.38666666666666666,0.6133333333333333,100.0,1840,0.0,tie,0.004022253000584897,0.0,,0,2397568904857501707,14643337032763018093,5254420609676600275,38bf24b7aba876e5b2ea5cc799290a7660425e26ca57bdacd133e03cdcc42cd2,25,True
sequential,40,9,OPT,OPT,3000,1160,1840,0.38666666666666666,0.6133333333333333,100.0,1840,0.0,tie,0.008052277999922808,0.0,,0,2397568904857501707,14643337032763018093,5254420609676600275,38bf24b7aba876e5b2ea5cc799290a7660425e26ca57bdacd133e03cdcc42cd2,25,True
sequential,40,9,LeCaR-inspired,LeCaR,3000,0,3000,0.0,1.0,0.0,1840,-63.04347826086956,loss,0.012443727000572835,0.0,,0,2397568904857501707,14643337032763018093,5254420609676600275,38bf24b7aba876e5b2ea5cc799290a7660425e26ca57bdacd133e03cdcc42cd2,25,True
sequential,40,9,RL-Windowed,RL-Adaptive (windowed),3000,0,3000,0.0,1.0,0.0,1840,-63.04347826086956,loss,0.007221556000331475,0.178579389999868,"{""FIFO"": 59, ""LFU"": 0, ""LRU"": 1, ""MRU"": 0}",2,2397568904857501707,14643337032763018093,5254420609676600275,38bf24b7aba876e5b2ea5cc799290a7660425e26ca57bdacd133e03cdcc42cd2,25,True
sequential,40,9,RL-FixedCommit-20,RL-Adaptive (per-eviction),3000,1160,1840,0.38666666666666666,0.6133333333333333,100.0,1840,0.0,tie,0.005190093000237539,0.1633645300007629,"{""FIFO"": 0, ""LFU"": 0, ""LRU"": 0, ""MRU"": 1800}",1,2397568904857501707,14643337032763018093,5254420609676600275,38bf24b7aba876e5b2ea5cc799290a7660425e26ca57bdacd133e03cdcc42cd2,25,True
random,10,0,FIFO,FIFO,3000,297,2703,0.099,0.901,0.39215686274509837,2669,-1.2738853503184713,loss,0.002867131999664707,0.0,,0,999999,42,0,b335eb4c6fee4102381182c0a71088bd7baed361ecb35f64cf733ee22d14e897,0,False
random,10,0,LRU,LRU,3000,294,2706,0.098,0.902,0.0,2669,-1.3862869988759836,loss,0.0032851619998837123,0.0,,0,999999,42,0,b335eb4c6fee4102381182c0a71088bd7baed361ecb35f64cf733ee22d14e897,0,False
random,10,0,LFU,LFU,3000,285,2715,0.095,0.905,-1.176470588235295,2669,-1.72349194454852,loss,0.0038443650000772323,0.0,,0,999999,42,0,b335eb4c6fee4102381182c0a71088bd7baed361ecb35f64cf733ee22d14e897,0,False
random,10,0,MRU,MRU,3000,331,2669,0.11033333333333334,0.8896666666666667,4.836601307189532,2669,0.0,tie,0.0028915889997733757,0.0,,0,999999,42,0,b335eb4c6fee4102381182c0a71088bd7baed361ecb35f64cf733ee22d14e897,0,False
random,10,0,OPT,OPT,3000,1059,1941,0.353,0.647,100.0,2669,27.276133383289622,win,0.0030874340000082157,0.0,,0,999999,42,0,b335eb4c6fee4102381182c0a71088bd7baed361ecb35f64cf733ee22d14e897,0,False
random,10,0,LeCaR-inspired,LeCaR,3000,290,2710,0.09666666666666666,0.9033333333333333,-0.52287581699345,2669,-1.536155863619333,loss,0.005208251000112796,0.0,,0,999999,42,0,b335eb4c6fee4102381182c0a71088bd7baed361ecb35f64cf733ee22d14e897,0,False
random,10,0,RL-Windowed,RL-Adaptive (windowed),3000,300,2700,0.1,0.9,0.7843137254901967,2669,-1.1614837017609592,loss,0.0041213329996026005,0.10122705399953702,"{""FIFO"": 1, ""LFU"": 0, ""LRU"": 20, ""MRU"": 39}",4,999999,42,0,b335eb4c6fee4102381182c0a71088bd7baed361ecb35f64cf733ee22d14e897,0,False
random,10,0,RL-FixedCommit-20,RL-Adaptive (per-eviction),3000,297,2703,0.099,0.901,0.39215686274509837,2669,-1.2738853503184713,loss,0.0048726149998401524,0.14996592799980135,"{""FIFO"": 40, ""LFU"": 200, ""LRU"": 2453, ""MRU"": 0}",4,999999,42,0,b335eb4c6fee4102381182c0a71088bd7baed361ecb35f64cf733ee22d14e897,0,False
random,10,1,FIFO,FIFO,3000,291,2709,0.097,0.903,1.3210039630118757,2703,-0.22197558268590456,loss,0.0029943139998067636,0.0,,0,17095485856909076931,380161687476797235,536858141142340480,8fd1fd9c81ae4eaeef240df1e946ed9972d52db7c649e6c47e68c51930a3e92e,0,False
random,10,1,LRU,LRU,3000,281,2719,0.09366666666666666,0.9063333333333333,0.0,2703,-0.5919348871624122,loss,0.002996416999849316,0.0,,0,17095485856909076931,380161687476797235,536858141142340480,8fd1fd9c81ae4eaeef240df1e946ed9972d52db7c649e6c47e68c51930a3e92e,0,False
random,10,1,LFU,LFU,3000,297,2703,0.099,0.901,2.1136063408190098,2703,0.0,tie,0.004504550000092422,0.0,,0,17095485856909076931,380161687476797235,536858141142340480,8fd1fd9c81ae4eaeef240df1e946ed9972d52db7c649e6c47e68c51930a3e92e,0,False
random,10,1,MRU,MRU,3000,294,2706,0.098,0.902,1.717305151915443,2703,-0.11098779134295228,loss,0.003103738999925554,0.0,,0,17095485856909076931,380161687476797235,536858141142340480,8fd1fd9c81ae4eaeef240df1e946ed9972d52db7c649e6c47e68c51930a3e92e,0,False
random,10,1,OPT,OPT,3000,1038,1962,0.346,0.654,100.0,2703,27.413984461709212,win,0.003062657000555191,0.0,,0,17095485856909076931,380161687476797235,536858141142340480,8fd1fd9c81ae4eaeef240df1e946ed9972d52db7c649e6c47e68c51930a3e92e,0,False
random,10,1,LeCaR-inspired,LeCaR,3000,281,2719,0.09366666666666666,0.9063333333333333,0.0,2703,-0.5919348871624122,loss,0.005309293000209436,0.0,,0,17095485856909076931,380161687476797235,536858141142340480,8fd1fd9c81ae4eaeef240df1e946ed9972d52db7c649e6c47e68c51930a3e92e,0,False
random,10,1,RL-Windowed,RL-Adaptive (windowed),3000,281,2719,0.09366666666666666,0.9063333333333333,0.0,2703,-0.5919348871624122,loss,0.004656899999645248,0.11467797599925689,"{""FIFO"": 0, ""LFU"": 35, ""LRU"": 24, ""MRU"": 1}",4,17095485856909076931,380161687476797235,536858141142340480,8fd1fd9c81ae4eaeef240df1e946ed9972d52db7c649e6c47e68c51930a3e92e,0,False
random,10,1,RL-FixedCommit-20,RL-Adaptive (per-eviction),3000,309,2691,0.103,0.897,3.6988110964332783,2703,0.4439511653718091,win,0.004660524999962945,0.15184427900021547,"{""FIFO"": 180, ""LFU"": 40, ""LRU"": 0, ""MRU"": 2461}",5,17095485856909076931,380161687476797235,536858141142340480,8fd1fd9c81ae4eaeef240df1e946ed9972d52db7c649e6c47e68c51930a3e92e,0,False
random,10,2,FIFO,FIFO,3000,355,2645,0.11833333333333333,0.8816666666666667,0.1351351351351202,2645,0.0,tie,0.0029738129996985663,0.0,,0,17276347449250502957,6705285473295334159,9666295739926934942,e8ebd639b3fcd9b2e98fdab07fb7684c1387a3e9df1188956f34c9eb272c83b9,0,False
random,10,2,LRU,LRU,3000,354,2646,0.118,0.882,0.0,2645,-0.03780718336483932,loss,0.002994673999637598,0.0,,0,17276347449250502957,6705285473295334159,9666295739926934942,e8ebd639b3fcd9b2e98fdab07fb7684c1387a3e9df1188956f34c9eb272c83b9,0,False
random,10,2,LFU,LFU,3000,305,2695,0.10166666666666667,0.8983333333333333,-6.621621621621612,2645,-1.890359168241966,loss,0.003747828999621561,0.0,,0,17276347449250502957,6705285473295334159,9666295739926934942,e8ebd639b3fcd9b2e98fdab07fb7684c1387a3e9df1188956f34c9eb272c83b9,0,False
random,10,2,MRU,MRU,3000,304,2696,0.10133333333333333,0.8986666666666666,-6.756756756756732,2645,-1.9281663516068053,loss,0.0029235570000309963,0.0,,0,17276347449250502957,6705285473295334159,9666295739926934942,e8ebd639b3fcd9b2e98fdab07fb7684c1387a3e9df1188956f34c9eb272c83b9,0,False
random,10,2,OPT,OPT,3000,1094,1906,0.36466666666666664,0.6353333333333333,100.0,2645,27.939508506616257,win,0.003095435999966867,0.0,,0,17276347449250502957,6705285473295334159,9666295739926934942,e8ebd639b3fcd9b2e98fdab07fb7684c1387a3e9df1188956f34c9eb272c83b9,0,False
random,10,2,LeCaR-inspired,LeCaR,3000,352,2648,0.11733333333333333,0.8826666666666667,-0.27027027027028544,2645,-0.11342155009451796,loss,0.005169673000636976,0.0,,0,17276347449250502957,6705285473295334159,9666295739926934942,e8ebd639b3fcd9b2e98fdab07fb7684c1387a3e9df1188956f34c9eb272c83b9,0,False
random,10,2,RL-Windowed,RL-Adaptive (windowed),3000,369,2631,0.123,0.877,2.0270270270270285,2645,0.5293005671077504,win,0.003995371999735653,0.11278634899917961,"{""FIFO"": 45, ""LFU"": 1, ""LRU"": 1, ""MRU"": 13}",5,17276347449250502957,6705285473295334159,9666295739926934942,e8ebd639b3fcd9b2e98fdab07fb7684c1387a3e9df1188956f34c9eb272c83b9,0,False
random,10,2,RL-FixedCommit-20,RL-Adaptive (per-eviction),3000,356,2644,0.11866666666666667,0.8813333333333333,0.27027027027028544,2645,0.03780718336483932,win,0.004758213000059186,0.15130488600061653,"{""FIFO"": 2594, ""LFU"": 0, ""LRU"": 0, ""MRU"": 40}",4,17276347449250502957,6705285473295334159,9666295739926934942,e8ebd639b3fcd9b2e98fdab07fb7684c1387a3e9df1188956f34c9eb272c83b9,0,False
random,10,3,FIFO,FIFO,3000,296,2704,0.09866666666666667,0.9013333333333333,-0.8196721311475417,2698,-0.2223869532987398,loss,0.002995455999553087,0.0,,0,11135197561411485317,2895896041510568057,13907250221823512245,655085c55a69b3c2447cf6f7ded4a2d8a1c8cb22ecab6e89238bc551cdf131c3,0,False
random,10,3,LRU,LRU,3000,302,2698,0.10066666666666667,0.8993333333333333,0.0,2698,0.0,tie,0.0028712379998978577,0.0,,0,11135197561411485317,2895896041510568057,13907250221823512245,655085c55a69b3c2447cf6f7ded4a2d8a1c8cb22ecab6e89238bc551cdf131c3,0,False
random,10,3,LFU,LFU,3000,272,2728,0.09066666666666667,0.9093333333333333,-4.098360655737709,2698,-1.111934766493699,loss,0.0038668890001645195,0.0,,0,11135197561411485317,2895896041510568057,13907250221823512245,655085c55a69b3c2447cf6f7ded4a2d8a1c8cb22ecab6e89238bc551cdf131c3,0,False
random,10,3,MRU,MRU,3000,289,2711,0.09633333333333334,0.9036666666666666,-1.775956284152992,2698,-0.48183839881393625,loss,0.0029404820006675436,0.0,,0,11135197561411485317,2895896041510568057,13907250221823512245,655085c55a69b3c2447cf6f7ded4a2d8a1c8cb22ecab6e89238bc551cdf131c3,0,False
random,10,3,OPT,OPT,3000,1034,1966,0.3446666666666667,0.6553333333333333,100.0,2698,27.131208302446257,win,0.0031549860004815855,0.0,,0,11135197561411485317,2895896041510568057,13907250221823512245,655085c55a69b3c2447cf6f7ded4a2d8a1c8cb22ecab6e89238bc551cdf131c3,0,False
random,10,3,LeCaR-inspired,LeCaR,3000,300,2700,0.1,0.9,-0.2732240437158624,2698,-0.07412898443291327,loss,0.00510878099976253,0.0,,0,11135197561411485317,2895896041510568057,13907250221823512245,655085c55a69b3c2447cf6f7ded4a2d8a1c8cb22ecab6e89238bc551cdf131c3,0,False
random,10,3,RL-Windowed,RL-Adaptive (windowed),3000,300,2700,0.1,0.9,-0.2732240437158624,2698,-0.07412898443291327,loss,0.004072028999871691,0.11836767700060591,"{""FIFO"": 34, ""LFU"": 0, ""LRU"": 26, ""MRU"": 0}",5,11135197561411485317,2895896041510568057,13907250221823512245,655085c55a69b3c2447cf6f7ded4a2d8a1c8cb22ecab6e89238bc551cdf131c3,0,False
random,10,3,RL-FixedCommit-20,RL-Adaptive (per-eviction),3000,301,2699,0.10033333333333333,0.8996666666666666,-0.13661202185790844,2698,-0.037064492216456635,loss,0.004651471999750356,0.15586063399950945,"{""FIFO"": 49, ""LFU"": 0, ""LRU"": 2640, ""MRU"": 0}",3,11135197561411485317,2895896041510568057,13907250221823512245,655085c55a69b3c2447cf6f7ded4a2d8a1c8cb22ecab6e89238bc551cdf131c3,0,False
random,10,4,FIFO,FIFO,3000,296,2704,0.09866666666666667,0.9013333333333333,-0.4010695187165779,2701,-0.11106997408367271,loss,0.003066782999667339,0.0,,0,12456491545091027600,5722155710693620527,5593157496631826280,e2043ebaef0082adeb85379641e33c0692efd498fe575e265ee1fb871c65c20c,0,False
random,10,4,LRU,LRU,3000,299,2701,0.09966666666666667,0.9003333333333333,0.0,2701,0.0,tie,0.0028475029994297074,0.0,,0,12456491545091027600,5722155710693620527,5593157496631826280,e2043ebaef0082adeb85379641e33c0692efd498fe575e265ee1fb871c65c20c,0,False
random,10,4,LFU,LFU,3000,293,2707,0.09766666666666667,0.9023333333333333,-0.8021390374331558,2701,-0.22213994816734542,loss,0.0037873390001550433,0.0,,0,12456491545091027600,5722155710693620527,5593157496631826280,e2043ebaef0082adeb85379641e33c0692efd498fe575e265ee1fb871c65c20c,0,False
random,10,4,MRU,MRU,3000,291,2709,0.097,0.903,-1.069518716577556,2701,-0.2961865975564606,loss,0.0032187819997488987,0.0,,0,12456491545091027600,5722155710693620527,5593157496631826280,e2043ebaef0082adeb85379641e33c0692efd498fe575e265ee1fb871c65c20c,0,False
random,10,4,OPT,OPT,3000,1047,1953,0.349,0.651,100.0,2701,27.693446871529062,win,0.002990487999340985,0.0,,0,12456491545091027600,5722155710693620527,5593157496631826280,e2043ebaef0082adeb85379641e33c0692efd498fe575e265ee1fb871c65c20c,0,False
random,10,4,LeCaR-inspired,LeCaR,3000,297,2703,0.099,0.901,-0.26737967914440014,2701,-0.07404664938911515,loss,0.005463564999445225,0.0,,0,12456491545091027600,5722155710693620527,5593157496631826280,e2043ebaef0082adeb85379641e33c0692efd498fe575e265ee1fb871c65c20c,0,False
random,10,4,RL-Windowed,RL-Adaptive (windowed),3000,282,2718,0.094,0.906,-2.27272727272729,2701,-0.6293965198074787,loss,0.0039917069998409715,0.11595916699934605,"{""FIFO"": 0, ""LFU"": 1, ""LRU"": 41, ""MRU"": 18}",4,12456491545091027600,5722155710693620527,5593157496631826280,e2043ebaef0082adeb85379641e33c0692efd498fe575e265ee1fb871c65c20c,0,False
random,10,4,RL-FixedCommit-20,RL-Adaptive (per-eviction),3000,298,2702,0.09933333333333333,0.9006666666666666,-0.1336898395721778,2701,-0.037023324694557574,loss,0.005307850999997754,0.15584524099995178,"{""FIFO"": 100, ""LFU"": 2432, ""LRU"": 0, ""MRU"": 160}",5,12456491545091027600,5722155710693620527,5593157496631826280,e2043ebaef0082adeb85379641e33c0692efd498fe575e265ee1fb871c65c20c,0,False
random,10,5,FIFO,FIFO,3000,304,2696,0.10133333333333333,0.8986666666666666,-1.3351134846461816,2686,-0.37230081906180196,loss,0.0032255719997920096,0.0,,0,17762136797593927991,13907774163946486002,9269067645424866872,bff541afe2c33d8db1fda6dbf5e5df7138a577d1fc854b620cdd25d6349931b1,0,False
random,10,5,LRU,LRU,3000,314,2686,0.10466666666666667,0.8953333333333333,0.0,2686,0.0,tie,0.0030056810001042322,0.0,,0,17762136797593927991,13907774163946486002,9269067645424866872,bff541afe2c33d8db1fda6dbf5e5df7138a577d1fc854b620cdd25d6349931b1,0,False
random,10,5,LFU,LFU,3000,302,2698,0.10066666666666667,0.8993333333333333,-1.6021361815754358,2686,-0.4467609828741623,loss,0.0039389470002788585,0.0,,0,17762136797593927991,13907774163946486002,9269067645424866872,bff541afe2c33d8db1fda6dbf5e5df7138a577d1fc854b620cdd25d6349931b1,0,False
random,10,5,MRU,MRU,3000,283,2717,0.09433333333333334,0.9056666666666666,-4.138851802403194,2686,-1.154132539091586,loss,0.0030545440004061675,0.0,,0,17762136797593927991,13907774163946486002,9269067645424866872,bff541afe2c33d8db1fda6dbf5e5df7138a577d1fc854b620cdd25d6349931b1,0,False
random,10,5,OPT,OPT,3000,1063,1937,0.35433333333333333,0.6456666666666667,100.0,2686,27.885331347728965,win,0.0029609929997604922,0.0,,0,17762136797593927991,13907774163946486002,9269067645424866872,bff541afe2c33d8db1fda6dbf5e5df7138a577d1fc854b620cdd25d6349931b1,0,False
random,10,5,LeCaR-inspired,LeCaR,3000,312,2688,0.104,0.896,-0.2670226969292541,2686,-0.07446016381236038,loss,0.005142351000358758,0.0,,0,17762136797593927991,13907774163946486002,9269067645424866872,bff541afe2c33d8db1fda6dbf5e5df7138a577d1fc854b620cdd25d6349931b1,0,False
random,10,5,RL-Windowed,RL-Adaptive (windowed),3000,287,2713,0.09566666666666666,0.9043333333333333,-3.6048064085447304,2686,-1.0052122114668651,loss,0.004591631000039342,0.12328715900002862,"{""FIFO"": 0, ""LFU"": 45, ""LRU"": 15, ""MRU"": 0}",4,17762136797593927991,13907774163946486002,9269067645424866872,bff541afe2c33d8db1fda6dbf5e5df7138a577d1fc854b620cdd25d6349931b1,0,False
random,10,5,RL-FixedCommit-20,RL-Adaptive (per-eviction),3000,296,2704,0.09866666666666667,0.9013333333333333,-2.4032042723631535,2686,-0.6701414743112435,loss,0.004524569999375672,0.15267873299944767,"{""FIFO"": 60, ""LFU"": 0, ""LRU"": 0, ""MRU"": 2634}",4,17762136797593927991,13907774163946486002,9269067645424866872,bff541afe2c33d8db1fda6dbf5e5df7138a577d1fc854b620cdd25d6349931b1,0,False
random,10,6,FIFO,FIFO,3000,295,2705,0.09833333333333333,0.9016666666666666,-0.7968127490039847,2669,-1.348819782690146,loss,0.0028610219997062813,0.0,,0,17497751690583444669,1712061413337076445,12089785830432276782,66d9120424e45861b2a57107efc4920345740944c225a8773420fc0a02dd15cc,0,False
random,10,6,LRU,LRU,3000,301,2699,0.10033333333333333,0.8996666666666666,0.0,2669,-1.1240164855751218,loss,0.0028636360002565198,0.0,,0,17497751690583444669,1712061413337076445,12089785830432276782,66d9120424e45861b2a57107efc4920345740944c225a8773420fc0a02dd15cc,0,False
random,10,6,LFU,LFU,3000,322,2678,0.10733333333333334,0.8926666666666667,2.7888446215139027,2669,-0.3372049456725365,loss,0.0037750199999209144,0.0,,0,17497751690583444669,1712061413337076445,12089785830432276782,66d9120424e45861b2a57107efc4920345740944c225a8773420fc0a02dd15cc,0,False
random,10,6,MRU,MRU,3000,331,2669,0.11033333333333334,0.8896666666666667,3.9840637450198795,2669,0.0,tie,0.0028749940001944196,0.0,,0,17497751690583444669,1712061413337076445,12089785830432276782,66d9120424e45861b2a57107efc4920345740944c225a8773420fc0a02dd15cc,0,False
random,10,6,OPT,OPT,3000,1054,1946,0.35133333333333333,0.6486666666666666,100.0,2669,27.088797302360433,win,0.0028787090004698257,0.0,,0,17497751690583444669,1712061413337076445,12089785830432276782,66d9120424e45861b2a57107efc4920345740944c225a8773420fc0a02dd15cc,0,False
random,10,6,LeCaR-inspired,LeCaR,3000,295,2705,0.09833333333333333,0.9016666666666666,-0.7968127490039847,2669,-1.348819782690146,loss,0.005466309999974328,0.0,,0,17497751690583444669,1712061413337076445,12089785830432276782,66d9120424e45861b2a57107efc4920345740944c225a8773420fc0a02dd15cc,0,False
random,10,6,RL-Windowed,RL-Adaptive (windowed),3000,317,2683,0.10566666666666667,0.8943333333333333,2.1248339973439445,2669,-0.5245410266017235,loss,0.004001731999778713,0.119288380999933,"{""FIFO"": 18, ""LFU"": 1, ""LRU"": 0, ""MRU"": 41}",4,17497751690583444669,1712061413337076445,12089785830432276782,66d9120424e45861b2a57107efc4920345740944c225a8773420fc0a02dd15cc,0,False
random,10,6,RL-FixedCommit-20,RL-Adaptive (per-eviction),3000,331,2669,0.11033333333333334,0.8896666666666667,3.9840637450198795,2669,0.0,tie,0.005754963999606844,0.1529199870001321,"{""FIFO"": 80, ""LFU"": 2479, ""LRU"": 0, ""MRU"": 100}",4,17497751690583444669,1712061413337076445,12089785830432276782,66d9120424e45861b2a57107efc4920345740944c225a8773420fc0a02dd15cc,0,False
random,10,7,FIFO,FIFO,3000,327,2673,0.109,0.891,-0.6811989100817598,2668,-0.1874062968515742,loss,0.003011709000020346,0.0,,0,17268333184477102642,7540988029405500152,10575069237749322032,63cb827f332e949537a5ed82317ddfe2c9803751cb4548c4d5548877d9a5b2d3,0,False
random,10,7,LRU,LRU,3000,332,2668,0.11066666666666666,0.8893333333333333,0.0,2668,0.0,tie,0.0032072349995360128,0.0,,0,17268333184477102642,7540988029405500152,10575069237749322032,63cb827f332e949537a5ed82317ddfe2c9803751cb4548c4d5548877d9a5b2d3,0,False
random,10,7,LFU,LFU,3000,288,2712,0.096,0.904,-5.994550408719369,2668,-1.6491754122938531,loss,0.003810833999523311,0.0,,0,17268333184477102642,7540988029405500152,10575069237749322032,63cb827f332e949537a5ed82317ddfe2c9803751cb4548c4d5548877d9a5b2d3,0,False
random,10,7,MRU,MRU,3000,312,2688,0.104,0.896,-2.724795640326994,2668,-0.7496251874062968,loss,0.0032622979997540824,0.0,,0,17268333184477102642,7540988029405500152,10575069237749322032,63cb827f332e949537a5ed82317ddfe2c9803751cb4548c4d5548877d9a5b2d3,0,False
random,10,7,OPT,OPT,3000,1066,1934,0.35533333333333333,0.6446666666666667,100.0,2668,27.511244377811096,win,0.003042115000425838,0.0,,0,17268333184477102642,7540988029405500152,10575069237749322032,63cb827f332e949537a5ed82317ddfe2c9803751cb4548c4d5548877d9a5b2d3,0,False
random,10,7,LeCaR-inspired,LeCaR,3000,331,2669,0.11033333333333334,0.8896666666666667,-0.13623978201637918,2668,-0.037481259370314844,loss,0.005181751000236545,0.0,,0,17268333184477102642,7540988029405500152,10575069237749322032,63cb827f332e949537a5ed82317ddfe2c9803751cb4548c4d5548877d9a5b2d3,0,False
random,10,7,RL-Windowed,RL-Adaptive (windowed),3000,305,2695,0.10166666666666667,0.8983333333333333,-3.6784741144414212,2668,-1.0119940029985008,loss,0.005254620999949111,0.11180200699982379,"{""FIFO"": 0, ""LFU"": 45, ""LRU"": 0, ""MRU"": 15}",4,17268333184477102642,7540988029405500152,10575069237749322032,63cb827f332e949537a5ed82317ddfe2c9803751cb4548c4d5548877d9a5b2d3,0,False
random,10,7,RL-FixedCommit-20,RL-Adaptive (per-eviction),3000,330,2670,0.11,0.89,-0.272479564032713,2668,-0.07496251874062969,loss,0.004653934999623743,0.1593019860001732,"{""FIFO"": 2240, ""LFU"": 0, ""LRU"": 0, ""MRU"": 420}",4,17268333184477102642,7540988029405500152,10575069237749322032,63cb827f332e949537a5ed82317ddfe2c9803751cb4548c4d5548877d9a5b2d3,0,False
random,10,8,FIFO,FIFO,3000,284,2716,0.09466666666666666,0.9053333333333333,-0.6675567423231131,2693,-0.8540660972892685,loss,0.002891989999625366,0.0,,0,14509467739425123465,5713185295374171254,7845611142894280835,d6390f6afa9e325363995f38a5b8e961fe47abed81bd80197f5f6938e3501a83,0,False
random,10,8,LRU,LRU,3000,289,2711,0.09633333333333334,0.9036666666666666,0.0,2693,-0.6683995544002971,loss,0.003046963000087999,0.0,,0,14509467739425123465,5713185295374171254,7845611142894280835,d6390f6afa9e325363995f38a5b8e961fe47abed81bd80197f5f6938e3501a83,0,False
random,10,8,LFU,LFU,3000,307,2693,0.10233333333333333,0.8976666666666666,2.4032042723631535,2693,0.0,tie,0.0036780740001631784,0.0,,0,14509467739425123465,5713185295374171254,7845611142894280835,d6390f6afa9e325363995f38a5b8e961fe47abed81bd80197f5f6938e3501a83,0,False
random,10,8,MRU,MRU,3000,288,2712,0.096,0.904,-0.1335113484646493,2693,-0.7055328629780914,loss,0.00314609199995175,0.0,,0,14509467739425123465,5713185295374171254,7845611142894280835,d6390f6afa9e325363995f38a5b8e961fe47abed81bd80197f5f6938e3501a83,0,False
random,10,8,OPT,OPT,3000,1038,1962,0.346,0.654,100.0,2693,27.14444857036762,win,0.0033860140001706895,0.0,,0,14509467739425123465,5713185295374171254,7845611142894280835,d6390f6afa9e325363995f38a5b8e961fe47abed81bd80197f5f6938e3501a83,0,False
random,10,8,LeCaR-inspired,LeCaR,3000,287,2713,0.09566666666666666,0.9043333333333333,-0.2670226969292541,2693,-0.7426661715558857,loss,0.005747895000240533,0.0,,0,14509467739425123465,5713185295374171254,7845611142894280835,d6390f6afa9e325363995f38a5b8e961fe47abed81bd80197f5f6938e3501a83,0,False
random,10,8,RL-Windowed,RL-Adaptive (windowed),3000,279,2721,0.093,0.907,-1.3351134846462263,2693,-1.0397326401782399,loss,0.004554725000161852,0.10725923900008638,"{""FIFO"": 36, ""LFU"": 0, ""LRU"": 23, ""MRU"": 1}",4,14509467739425123465,5713185295374171254,7845611142894280835,d6390f6afa9e325363995f38a5b8e961fe47abed81bd80197f5f6938e3501a83,0,False
random,10,8,RL-FixedCommit-20,RL-Adaptive (per-eviction),3000,291,2709,0.097,0.903,0.26702269692920966,2693,-0.5941329372447085,loss,0.0045371090000116965,0.15724666000005527,"{""FIFO"": 2479, ""LFU"": 0, ""LRU"": 0, ""MRU"": 220}",3,14509467739425123465,5713185295374171254,7845611142894280835,d6390f6afa9e325363995f38a5b8e961fe47abed81bd80197f5f6938e3501a83,0,False
random,10,9,FIFO,FIFO,3000,275,2725,0.09166666666666666,0.9083333333333333,0.26281208935612516,2705,-0.7393715341959335,loss,0.003095877000305336,0.0,,0,17130787463716766900,7625077886221154819,12275859685010431029,c68ab486a640a54c888da089b2e281089fd24250d6687b89e48a31a47af23cda,0,False
random,10,9,LRU,LRU,3000,273,2727,0.091,0.909,0.0,2705,-0.8133086876155268,loss,0.0033438609998484026,0.0,,0,17130787463716766900,7625077886221154819,12275859685010431029,c68ab486a640a54c888da089b2e281089fd24250d6687b89e48a31a47af23cda,0,False
random,10,9,LFU,LFU,3000,295,2705,0.09833333333333333,0.9016666666666666,2.890932982917245,2705,0.0,tie,0.003713306999998167,0.0,,0,17130787463716766900,7625077886221154819,12275859685010431029,c68ab486a640a54c888da089b2e281089fd24250d6687b89e48a31a47af23cda,0,False
random,10,9,MRU,MRU,3000,288,2712,0.096,0.904,1.9710906701708293,2705,-0.2587800369685767,loss,0.003125191000435734,0.0,,0,17130787463716766900,7625077886221154819,12275859685010431029,c68ab486a640a54c888da089b2e281089fd24250d6687b89e48a31a47af23cda,0,False
random,10,9,OPT,OPT,3000,1034,1966,0.3446666666666667,0.6553333333333333,100.0,2705,27.31977818853974,win,0.003303810000033991,0.0,,0,17130787463716766900,7625077886221154819,12275859685010431029,c68ab486a640a54c888da089b2e281089fd24250d6687b89e48a31a47af23cda,0,False
random,10,9,LeCaR-inspired,LeCaR,3000,278,2722,0.09266666666666666,0.9073333333333333,0.657030223390291,2705,-0.6284658040665434,loss,0.0054875320001883665,0.0,,0,17130787463716766900,7625077886221154819,12275859685010431029,c68ab486a640a54c888da089b2e281089fd24250d6687b89e48a31a47af23cda,0,False
random,10,9,RL-Windowed,RL-Adaptive (windowed),3000,302,2698,0.10066666666666667,0.8993333333333333,3.810775295663618,2705,0.2587800369685767,win,0.0044218049997653,0.10999875100060308,"{""FIFO"": 25, ""LFU"": 34, ""LRU"": 0, ""MRU"": 1}",4,17130787463716766900,7625077886221154819,12275859685010431029,c68ab486a640a54c888da089b2e281089fd24250d6687b89e48a31a47af23cda,0,False
random,10,9,RL-FixedCommit-20,RL-Adaptive (per-eviction),3000,273,2727,0.091,0.909,0.0,2705,-0.8133086876155268,loss,0.005039255999690795,0.15923377800027083,"{""FIFO"": 60, ""LFU"": 0, ""LRU"": 2657, ""MRU"": 0}",4,17130787463716766900,7625077886221154819,12275859685010431029,c68ab486a640a54c888da089b2e281089fd24250d6687b89e48a31a47af23cda,0,False
random,20,0,FIFO,FIFO,3000,584,2416,0.19466666666666665,0.8053333333333333,0.10330578512395557,2352,-2.7210884353741496,loss,0.003605163999964134,0.0,,0,999999,42,0,b335eb4c6fee4102381182c0a71088bd7baed361ecb35f64cf733ee22d14e897,0,False
random,20,0,LRU,LRU,3000,583,2417,0.19433333333333333,0.8056666666666666,0.0,2352,-2.7636054421768708,loss,0.0035726159994737827,0.0,,0,999999,42,0,b335eb4c6fee4102381182c0a71088bd7baed361ecb35f64cf733ee22d14e897,0,False
random,20,0,LFU,LFU,3000,607,2393,0.20233333333333334,0.7976666666666666,2.4793388429752086,2352,-1.7431972789115646,loss,0.005494952999470115,0.0,,0,999999,42,0,b335eb4c6fee4102381182c0a71088bd7baed361ecb35f64cf733ee22d14e897,0,False
random,20,0,MRU,MRU,3000,648,2352,0.216,0.784,6.714876033057834,2352,0.0,tie,0.003567898000255809,0.0,,0,999999,42,0,b335eb4c6fee4102381182c0a71088bd7baed361ecb35f64cf733ee22d14e897,0,False
random,20,0,OPT,OPT,3000,1551,1449,0.517,0.483,100.0,2352,38.392857142857146,win,0.004543418000139354,0.0,,0,999999,42,0,b335eb4c6fee4102381182c0a71088bd7baed361ecb35f64cf733ee22d14e897,0,False
random,20,0,LeCaR-inspired,LeCaR,3000,581,2419,0.19366666666666665,0.8063333333333333,-0.20661157024794555,2352,-2.848639455782313,loss,0.0066712160005408805,0.0,,0,999999,42,0,b335eb4c6fee4102381182c0a71088bd7baed361ecb35f64cf733ee22d14e897,0,False
random,20,0,RL-Windowed,RL-Adaptive (windowed),3000,604,2396,0.20133333333333334,0.7986666666666666,2.1694214876033078,2352,-1.870748299319728,loss,0.006741170999703172,0.12889055800042115,"{""FIFO"": 1, ""LFU"": 0, ""LRU"": 20, ""MRU"": 39}",4,999999,42,0,b335eb4c6fee4102381182c0a71088bd7baed361ecb35f64cf733ee22d14e897,0,False
random,20,0,RL-FixedCommit-20,RL-Adaptive (per-eviction),3000,573,2427,0.191,0.809,-1.0330578512396933,2352,-3.188775510204082,loss,0.0052889419994244236,0.1747671020002599,"{""FIFO"": 2187, ""LFU"": 0, ""LRU"": 100, ""MRU"": 120}",3,999999,42,0,b335eb4c6fee4102381182c0a71088bd7baed361ecb35f64cf733ee22d14e897,0,False
random,20,1,FIFO,FIFO,3000,586,2414,0.19533333333333333,0.8046666666666666,-0.8537886872998701,2406,-0.3325020781379884,loss,0.0036168919996271143,0.0,,0,17095485856909076931,380161687476797235,536858141142340480,8fd1fd9c81ae4eaeef240df1e946ed9972d52db7c649e6c47e68c51930a3e92e,0,False
random,20,1,LRU,LRU,3000,594,2406,0.198,0.802,0.0,2406,0.0,tie,0.00384141999984422,0.0,,0,17095485856909076931,380161687476797235,536858141142340480,8fd1fd9c81ae4eaeef240df1e946ed9972d52db7c649e6c47e68c51930a3e92e,0,False
random,20,1,LFU,LFU,3000,565,2435,0.18833333333333332,0.8116666666666666,-3.094983991462091,2406,-1.2053200332502079,loss,0.005315211999914027,0.0,,0,17095485856909076931,380161687476797235,536858141142340480,8fd1fd9c81ae4eaeef240df1e946ed9972d52db7c649e6c47e68c51930a3e92e,0,False
random,20,1,MRU,MRU,3000,585,2415,0.195,0.805,-0.9605122732123805,2406,-0.3740648379052369,loss,0.0037224610005068826,0.0,,0,17095485856909076931,380161687476797235,536858141142340480,8fd1fd9c81ae4eaeef240df1e946ed9972d52db7c649e6c47e68c51930a3e92e,0,False
random,20,1,OPT,OPT,3000,1531,1469,0.5103333333333333,0.48966666666666664,100.0,2406,38.94430590191189,win,0.004521695999756048,0.0,,0,17095485856909076931,380161687476797235,536858141142340480,8fd1fd9c81ae4eaeef240df1e946ed9972d52db7c649e6c47e68c51930a3e92e,0,False
random,20,1,LeCaR-inspired,LeCaR,3000,599,2401,0.19966666666666666,0.8003333333333333,0.5336179295624455,2406,0.20781379883624274,win,0.008055323000007775,0.0,,0,17095485856909076931,380161687476797235,536858141142340480,8fd1fd9c81ae4eaeef240df1e946ed9972d52db7c649e6c47e68c51930a3e92e,0,False
random,20,1,RL-Windowed,RL-Adaptive (windowed),3000,598,2402,0.19933333333333333,0.8006666666666666,0.4268943436499706,2406,0.1662510390689942,win,0.005217474999881233,0.13158596599987504,"{""FIFO"": 0, ""LFU"": 0, ""LRU"": 59, ""MRU"": 1}",4,17095485856909076931,380161687476797235,536858141142340480,8fd1fd9c81ae4eaeef240df1e946ed9972d52db7c649e6c47e68c51930a3e92e,0,False
random,20,1,RL-FixedCommit-20,RL-Adaptive (per-eviction),3000,587,2413,0.19566666666666666,0.8043333333333333,-0.7470651013873952,2406,-0.29093931837073983,loss,0.006287647999670298,0.18668845200045325,"{""FIFO"": 2193, ""LFU"": 0, ""LRU"": 200, ""MRU"": 0}",3,17095485856909076931,380161687476797235,536858141142340480,8fd1fd9c81ae4eaeef240df1e946ed9972d52db7c649e6c47e68c51930a3e92e,0,False
random,20,2,FIFO,FIFO,3000,647,2353,0.21566666666666667,0.7843333333333333,1.7763845350052376,2353,0.0,tie,0.004605571999491076,0.0,,0,17276347449250502957,6705285473295334159,9666295739926934942,e8ebd639b3fcd9b2e98fdab07fb7684c1387a3e9df1188956f34c9eb272c83b9,0,False
random,20,2,LRU,LRU,3000,630,2370,0.21,0.79,0.0,2353,-0.7224819379515512,loss,0.0037201079994702013,0.0,,0,17276347449250502957,6705285473295334159,9666295739926934942,e8ebd639b3fcd9b2e98fdab07fb7684c1387a3e9df1188956f34c9eb272c83b9,0,False
random,20,2,LFU,LFU,3000,587,2413,0.19566666666666666,0.8043333333333333,-4.493207941483795,2353,-2.54993625159371,loss,0.0061903710002297885,0.0,,0,17276347449250502957,6705285473295334159,9666295739926934942,e8ebd639b3fcd9b2e98fdab07fb7684c1387a3e9df1188956f34c9eb272c83b9,0,False
random,20,2,MRU,MRU,3000,612,2388,0.204,0.796,-1.8808777429467096,2353,-1.4874628134296644,loss,0.00369599100031337,0.0,,0,17276347449250502957,6705285473295334159,9666295739926934942,e8ebd639b3fcd9b2e98fdab07fb7684c1387a3e9df1188956f34c9eb272c83b9,0,False
random,20,2,OPT,OPT,3000,1587,1413,0.529,0.471,100.0,2353,39.949001274968126,win,0.004321454000091762,0.0,,0,17276347449250502957,6705285473295334159,9666295739926934942,e8ebd639b3fcd9b2e98fdab07fb7684c1387a3e9df1188956f34c9eb272c83b9,0,False
random,20,2,LeCaR-inspired,LeCaR,3000,628,2372,0.20933333333333334,0.7906666666666666,-0.20898641588294456,2353,-0.8074798130046749,loss,0.009189642999444914,0.0,,0,17276347449250502957,6705285473295334159,9666295739926934942,e8ebd639b3fcd9b2e98fdab07fb7684c1387a3e9df1188956f34c9eb272c83b9,0,False
random,20,2,RL-Windowed,RL-Adaptive (windowed),3000,660,2340,0.22,0.78,3.1347962382445167,2353,0.5524861878453039,win,0.004819183999643428,0.12812449400007608,"{""FIFO"": 45, ""LFU"": 1, ""LRU"": 1, ""MRU"": 13}",5,17276347449250502957,6705285473295334159,9666295739926934942,e8ebd639b3fcd9b2e98fdab07fb7684c1387a3e9df1188956f34c9eb272c83b9,0,False
random,20,2,RL-FixedCommit-20,RL-Adaptive (per-eviction),3000,584,2416,0.19466666666666665,0.8053333333333333,-4.806687565308247,2353,-2.6774330641733957,loss,0.0056497559999115765,0.19400138499986497,"{""FIFO"": 0, ""LFU"": 0, ""LRU"": 340, ""MRU"": 2056}",3,17276347449250502957,6705285473295334159,9666295739926934942,e8ebd639b3fcd9b2e98fdab07fb7684c1387a3e9df1188956f34c9eb272c83b9,0,False
random,20,3,FIFO,FIFO,3000,587,2413,0.19566666666666666,0.8043333333333333,-0.6458557588805172,2405,-0.33264033264033266,loss,0.00426268500086735,0.0,,0,11135197561411485317,2895896041510568057,13907250221823512245,655085c55a69b3c2447cf6f7ded4a2d8a1c8cb22ecab6e89238bc551cdf131c3,0,False
random,20,3,LRU,LRU,3000,593,2407,0.19766666666666666,0.8023333333333333,0.0,2405,-0.08316008316008316,loss,0.004101532000277075,0.0,,0,11135197561411485317,2895896041510568057,13907250221823512245,655085c55a69b3c2447cf6f7ded4a2d8a1c8cb22ecab6e89238bc551cdf131c3,0,False
random,20,3,LFU,LFU,3000,595,2405,0.19833333333333333,0.8016666666666666,0.21528525296018436,2405,0.0,tie,0.00553074699928402,0.0,,0,11135197561411485317,2895896041510568057,13907250221823512245,655085c55a69b3c2447cf6f7ded4a2d8a1c8cb22ecab6e89238bc551cdf131c3,0,False
random,20,3,MRU,MRU,3000,588,2412,0.196,0.804,-0.5382131324004429,2405,-0.2910602910602911,loss,0.004289837000214902,0.0,,0,11135197561411485317,2895896041510568057,13907250221823512245,655085c55a69b3c2447cf6f7ded4a2d8a1c8cb22ecab6e89238bc551cdf131c3,0,False
random,20,3,OPT,OPT,3000,1522,1478,0.5073333333333333,0.49266666666666664,100.0,2405,38.54469854469855,win,0.004569839000396314,0.0,,0,11135197561411485317,2895896041510568057,13907250221823512245,655085c55a69b3c2447cf6f7ded4a2d8a1c8cb22ecab6e89238bc551cdf131c3,0,False
random,20,3,LeCaR-inspired,LeCaR,3000,590,2410,0.19666666666666666,0.8033333333333333,-0.3229278794402586,2405,-0.2079002079002079,loss,0.0076420599998527905,0.0,,0,11135197561411485317,2895896041510568057,13907250221823512245,655085c55a69b3c2447cf6f7ded4a2d8a1c8cb22ecab6e89238bc551cdf131c3,0,False
random,20,3,RL-Windowed,RL-Adaptive (windowed),3000,587,2413,0.19566666666666666,0.8043333333333333,-0.6458557588805172,2405,-0.33264033264033266,loss,0.005332638000254519,0.16019190099996194,"{""FIFO"": 59, ""LFU"": 0, ""LRU"": 1, ""MRU"": 0}",5,11135197561411485317,2895896041510568057,13907250221823512245,655085c55a69b3c2447cf6f7ded4a2d8a1c8cb22ecab6e89238bc551cdf131c3,0,False
random,20,3,RL-FixedCommit-20,RL-Adaptive (per-eviction),3000,594,2406,0.198,0.802,0.10764262648007425,2405,-0.04158004158004158,loss,0.005642936000185728,0.1925432970001566,"{""FIFO"": 80, ""LFU"": 0, ""LRU"": 100, ""MRU"": 2206}",3,11135197561411485317,2895896041510568057,13907250221823512245,655085c55a69b3c2447cf6f7ded4a2d8a1c8cb22ecab6e89238bc551cdf131c3,0,False
random,20,4,FIFO,FIFO,3000,575,2425,0.19166666666666668,0.8083333333333333,-1.3815090329436663,2380,-1.8907563025210083,loss,0.005569851000473136,0.0,,0,12456491545091027600,5722155710693620527,5593157496631826280,e2043ebaef0082adeb85379641e33c0692efd498fe575e265ee1fb871c65c20c,0,False
random,20,4,LRU,LRU,3000,588,2412,0.196,0.804,0.0,2380,-1.3445378151260505,loss,0.004037886999867624,0.0,,0,12456491545091027600,5722155710693620527,5593157496631826280,e2043ebaef0082adeb85379641e33c0692efd498fe575e265ee1fb871c65c20c,0,False
random,20,4,LFU,LFU,3000,604,2396,0.20133333333333334,0.7986666666666666,1.700318809776858,2380,-0.6722689075630253,loss,0.005207270000028075,0.0,,0,12456491545091027600,5722155710693620527,5593157496631826280,e2043ebaef0082adeb85379641e33c0692efd498fe575e265ee1fb871c65c20c,0,False
random,20,4,MRU,MRU,3000,620,2380,0.20666666666666667,0.7933333333333333,3.4006376195536805,2380,0.0,tie,0.0037176039995756582,0.0,,0,12456491545091027600,5722155710693620527,5593157496631826280,e2043ebaef0082adeb85379641e33c0692efd498fe575e265ee1fb871c65c20c,0,False
random,20,4,OPT,OPT,3000,1529,1471,0.5096666666666667,0.49033333333333334,100.0,2380,38.19327731092437,win,0.004094861999874411,0.0,,0,12456491545091027600,5722155710693620527,5593157496631826280,e2043ebaef0082adeb85379641e33c0692efd498fe575e265ee1fb871c65c20c,0,False
random,20,4,LeCaR-inspired,LeCaR,3000,591,2409,0.197,0.803,0.3188097768331565,2380,-1.218487394957983,loss,0.006766358999811928,0.0,,0,12456491545091027600,5722155710693620527,5593157496631826280,e2043ebaef0082adeb85379641e33c0692efd498fe575e265ee1fb871c65c20c,0,False
random,20,4,RL-Windowed,RL-Adaptive (windowed),3000,592,2408,0.19733333333333333,0.8026666666666666,0.4250797024442322,2380,-1.1764705882352942,loss,0.004795539000042481,0.17952815900025598,"{""FIFO"": 0, ""LFU"": 1, ""LRU"": 41, ""MRU"": 18}",4,12456491545091027600,5722155710693620527,5593157496631826280,e2043ebaef0082adeb85379641e33c0692efd498fe575e265ee1fb871c65c20c,0,False
random,20,4,RL-FixedCommit-20,RL-Adaptive (per-eviction),3000,602,2398,0.20066666666666666,0.7993333333333333,1.487778958554742,2380,-0.7563025210084033,loss,0.006040584999936982,0.17165967800065118,"{""FIFO"": 0, ""LFU"": 0, ""LRU"": 140, ""MRU"": 2238}",3,12456491545091027600,5722155710693620527,5593157496631826280,e2043ebaef0082adeb85379641e33c0692efd498fe575e265ee1fb871c65c20c,0,False
random,20,5,FIFO,FIFO,3000,625,2375,0.20833333333333334,0.7916666666666666,0.7423117709438205,2375,0.0,tie,0.0036856059996352997,0.0,,0,17762136797593927991,13907774163946486002,9269067645424866872,bff541afe2c33d8db1fda6dbf5e5df7138a577d1fc854b620cdd25d6349931b1,0,False
random,20,5,LRU,LRU,3000,618,2382,0.206,0.794,0.0,2375,-0.29473684210526313,loss,0.0036733079996338347,0.0,,0,17762136797593927991,13907774163946486002,9269067645424866872,bff541afe2c33d8db1fda6dbf5e5df7138a577d1fc854b620cdd25d6349931b1,0,False
random,20,5,LFU,LFU,3000,619,2381,0.20633333333333334,0.7936666666666666,0.10604453870628025,2375,-0.25263157894736843,loss,0.005152958000508079,0.0,,0,17762136797593927991,13907774163946486002,9269067645424866872,bff541afe2c33d8db1fda6dbf5e5df7138a577d1fc854b620cdd25d6349931b1,0,False
random,20,5,MRU,MRU,3000,585,2415,0.195,0.805,-3.4994697773064716,2375,-1.6842105263157894,loss,0.003723171999808983,0.0,,0,17762136797593927991,13907774163946486002,9269067645424866872,bff541afe2c33d8db1fda6dbf5e5df7138a577d1fc854b620cdd25d6349931b1,0,False
random,20,5,OPT,OPT,3000,1561,1439,0.5203333333333333,0.4796666666666667,100.0,2375,39.410526315789475,win,0.004040451000037137,0.0,,0,17762136797593927991,13907774163946486002,9269067645424866872,bff541afe2c33d8db1fda6dbf5e5df7138a577d1fc854b620cdd25d6349931b1,0,False
random,20,5,LeCaR-inspired,LeCaR,3000,613,2387,0.20433333333333334,0.7956666666666666,-0.5302226935312601,2375,-0.5052631578947369,loss,0.007302697999875818,0.0,,0,17762136797593927991,13907774163946486002,9269067645424866872,bff541afe2c33d8db1fda6dbf5e5df7138a577d1fc854b620cdd25d6349931b1,0,False
random,20,5,RL-Windowed,RL-Adaptive (windowed),3000,614,2386,0.20466666666666666,0.7953333333333333,-0.4241781548250151,2375,-0.4631578947368421,loss,0.004939235000165354,0.12730209300025308,"{""FIFO"": 0, ""LFU"": 0, ""LRU"": 15, ""MRU"": 45}",4,17762136797593927991,13907774163946486002,9269067645424866872,bff541afe2c33d8db1fda6dbf5e5df7138a577d1fc854b620cdd25d6349931b1,0,False
random,20,5,RL-FixedCommit-20,RL-Adaptive (per-eviction),3000,623,2377,0.20766666666666667,0.7923333333333333,0.5302226935312954,2375,-0.08421052631578947,loss,0.005303703999743448,0.17366320800010726,"{""FIFO"": 0, ""LFU"": 220, ""LRU"": 2137, ""MRU"": 0}",3,17762136797593927991,13907774163946486002,9269067645424866872,bff541afe2c33d8db1fda6dbf5e5df7138a577d1fc854b620cdd25d6349931b1,0,False
random,20,6,FIFO,FIFO,3000,580,2420,0.19333333333333333,0.8066666666666666,-1.590668080593851,2383,-1.5526647083508183,loss,0.003788421000535891,0.0,,0,17497751690583444669,1712061413337076445,12089785830432276782,66d9120424e45861b2a57107efc4920345740944c225a8773420fc0a02dd15cc,0,False
random,20,6,LRU,LRU,3000,595,2405,0.19833333333333333,0.8016666666666666,0.0,2383,-0.9232060428031893,loss,0.003951666999455483,0.0,,0,17497751690583444669,1712061413337076445,12089785830432276782,66d9120424e45861b2a57107efc4920345740944c225a8773420fc0a02dd15cc,0,False
random,20,6,LFU,LFU,3000,615,2385,0.205,0.795,2.1208907741251113,2383,-0.0839278220730172,loss,0.005024613999921712,0.0,,0,17497751690583444669,1712061413337076445,12089785830432276782,66d9120424e45861b2a57107efc4920345740944c225a8773420fc0a02dd15cc,0,False
random,20,6,MRU,MRU,3000,617,2383,0.20566666666666666,0.7943333333333333,2.3329798515376368,2383,0.0,tie,0.003768291000596946,0.0,,0,17497751690583444669,1712061413337076445,12089785830432276782,66d9120424e45861b2a57107efc4920345740944c225a8773420fc0a02dd15cc,0,False
random,20,6,OPT,OPT,3000,1538,1462,0.5126666666666667,0.48733333333333334,100.0,2383,38.64876206462442,win,0.004097457000170834,0.0,,0,17497751690583444669,1712061413337076445,12089785830432276782,66d9120424e45861b2a57107efc4920345740944c225a8773420fc0a02dd15cc,0,False
random,20,6,LeCaR-inspired,LeCaR,3000,589,2411,0.19633333333333333,0.8036666666666666,-0.6362672322375404,2383,-1.1749895090222409,loss,0.006490533000032883,0.0,,0,17497751690583444669,1712061413337076445,12089785830432276782,66d9120424e45861b2a57107efc4920345740944c225a8773420fc0a02dd15cc,0,False
random,20,6,RL-Windowed,RL-Adaptive (windowed),3000,613,2387,0.20433333333333334,0.7956666666666666,1.9088016967126211,2383,-0.1678556441460344,loss,0.00574341799983813,0.14125488599984237,"{""FIFO"": 18, ""LFU"": 42, ""LRU"": 0, ""MRU"": 0}",4,17497751690583444669,1712061413337076445,12089785830432276782,66d9120424e45861b2a57107efc4920345740944c225a8773420fc0a02dd15cc,0,False
random,20,6,RL-FixedCommit-20,RL-Adaptive (per-eviction),3000,648,2352,0.216,0.784,5.620360551431584,2383,1.3008812421317666,win,0.006679970000732283,0.18249613300031342,"{""FIFO"": 80, ""LFU"": 2252, ""LRU"": 0, ""MRU"": 0}",5,17497751690583444669,1712061413337076445,12089785830432276782,66d9120424e45861b2a57107efc4920345740944c225a8773420fc0a02dd15cc,0,False
random,20,7,FIFO,FIFO,3000,615,2385,0.205,0.795,-0.2129925452609279,2383,-0.0839278220730172,loss,0.003838065000309143,0.0,,0,17268333184477102642,7540988029405500152,10575069237749322032,63cb827f332e949537a5ed82317ddfe2c9803751cb4548c4d5548877d9a5b2d3,0,False
random,20,7,LRU,LRU,3000,617,2383,0.20566666666666666,0.7943333333333333,0.0,2383,0.0,tie,0.0035838919993693708,0.0,,0,17268333184477102642,7540988029405500152,10575069237749322032,63cb827f332e949537a5ed82317ddfe2c9803751cb4548c4d5548877d9a5b2d3,0,False
random,20,7,LFU,LFU,3000,593,2407,0.19766666666666666,0.8023333333333333,-2.5559105431309925,2383,-1.0071338648762065,loss,0.006601019999834534,0.0,,0,17268333184477102642,7540988029405500152,10575069237749322032,63cb827f332e949537a5ed82317ddfe2c9803751cb4548c4d5548877d9a5b2d3,0,False
random,20,7,MRU,MRU,3000,582,2418,0.194,0.806,-3.7273695420660427,2383,-1.4687368862778012,loss,0.0039000590004434343,0.0,,0,17268333184477102642,7540988029405500152,10575069237749322032,63cb827f332e949537a5ed82317ddfe2c9803751cb4548c4d5548877d9a5b2d3,0,False
random,20,7,OPT,OPT,3000,1556,1444,0.5186666666666667,0.48133333333333334,100.0,2383,39.40411246328158,win,0.0043115790003867005,0.0,,0,17268333184477102642,7540988029405500152,10575069237749322032,63cb827f332e949537a5ed82317ddfe2c9803751cb4548c4d5548877d9a5b2d3,0,False
random,20,7,LeCaR-inspired,LeCaR,3000,623,2377,0.20766666666666667,0.7923333333333333,0.6389776357827481,2383,0.2517834662190516,win,0.006725317999553226,0.0,,0,17268333184477102642,7540988029405500152,10575069237749322032,63cb827f332e949537a5ed82317ddfe2c9803751cb4548c4d5548877d9a5b2d3,0,False
random,20,7,RL-Windowed,RL-Adaptive (windowed),3000,596,2404,0.19866666666666666,0.8013333333333333,-2.2364217252396186,2383,-0.8812421317666806,loss,0.005808535999676678,0.1376327059997493,"{""FIFO"": 0, ""LFU"": 1, ""LRU"": 44, ""MRU"": 15}",4,17268333184477102642,7540988029405500152,10575069237749322032,63cb827f332e949537a5ed82317ddfe2c9803751cb4548c4d5548877d9a5b2d3,0,False
random,20,7,RL-FixedCommit-20,RL-Adaptive (per-eviction),3000,615,2385,0.205,0.795,-0.2129925452609279,2383,-0.0839278220730172,loss,0.005397506000008434,0.18518750899966108,"{""FIFO"": 2125, ""LFU"": 80, ""LRU"": 0, ""MRU"": 160}",4,17268333184477102642,7540988029405500152,10575069237749322032,63cb827f332e949537a5ed82317ddfe2c9803751cb4548c4d5548877d9a5b2d3,0,False
random,20,8,FIFO,FIFO,3000,587,2413,0.19566666666666666,0.8043333333333333,0.5279831045406669,2383,-1.2589173310952582,loss,0.003615269999500015,0.0,,0,14509467739425123465,5713185295374171254,7845611142894280835,d6390f6afa9e325363995f38a5b8e961fe47abed81bd80197f5f6938e3501a83,0,False
random,20,8,LRU,LRU,3000,582,2418,0.194,0.806,0.0,2383,-1.4687368862778012,loss,0.0036728269997183816,0.0,,0,14509467739425123465,5713185295374171254,7845611142894280835,d6390f6afa9e325363995f38a5b8e961fe47abed81bd80197f5f6938e3501a83,0,False
random,20,8,LFU,LFU,3000,617,2383,0.20566666666666666,0.7943333333333333,3.695881731784598,2383,0.0,tie,0.005331196999577514,0.0,,0,14509467739425123465,5713185295374171254,7845611142894280835,d6390f6afa9e325363995f38a5b8e961fe47abed81bd80197f5f6938e3501a83,0,False
random,20,8,MRU,MRU,3000,581,2419,0.19366666666666665,0.8063333333333333,-0.10559662090811929,2383,-1.5107007973143096,loss,0.004214392999529082,0.0,,0,14509467739425123465,5713185295374171254,7845611142894280835,d6390f6afa9e325363995f38a5b8e961fe47abed81bd80197f5f6938e3501a83,0,False
random,20,8,OPT,OPT,3000,1529,1471,0.5096666666666667,0.49033333333333334,100.0,2383,38.27108686529584,win,0.005054548999396502,0.0,,0,14509467739425123465,5713185295374171254,7845611142894280835,d6390f6afa9e325363995f38a5b8e961fe47abed81bd80197f5f6938e3501a83,0,False
random,20,8,LeCaR-inspired,LeCaR,3000,587,2413,0.19566666666666666,0.8043333333333333,0.5279831045406669,2383,-1.2589173310952582,loss,0.006584974999896076,0.0,,0,14509467739425123465,5713185295374171254,7845611142894280835,d6390f6afa9e325363995f38a5b8e961fe47abed81bd80197f5f6938e3501a83,0,False
random,20,8,RL-Windowed,RL-Adaptive (windowed),3000,580,2420,0.19333333333333333,0.8066666666666666,-0.21119324181623858,2383,-1.5526647083508183,loss,0.005002620999221108,0.1362058500008061,"{""FIFO"": 0, ""LFU"": 0, ""LRU"": 59, ""MRU"": 1}",4,14509467739425123465,5713185295374171254,7845611142894280835,d6390f6afa9e325363995f38a5b8e961fe47abed81bd80197f5f6938e3501a83,0,False
random,20,8,RL-FixedCommit-20,RL-Adaptive (per-eviction),3000,626,2374,0.20866666666666667,0.7913333333333333,4.646251319957777,2383,0.3776751993285774,win,0.00680728099996486,0.18308000300021376,"{""FIFO"": 0, ""LFU"": 2174, ""LRU"": 20, ""MRU"": 160}",4,14509467739425123465,5713185295374171254,7845611142894280835,d6390f6afa9e325363995f38a5b8e961fe47abed81bd80197f5f6938e3501a83,0,False
random,20,9,FIFO,FIFO,3000,556,2444,0.18533333333333332,0.8146666666666667,-0.528541226215657,2376,-2.861952861952862,loss,0.00395781600036571,0.0,,0,17130787463716766900,7625077886221154819,12275859685010431029,c68ab486a640a54c888da089b2e281089fd24250d6687b89e48a31a47af23cda,0,False
random,20,9,LRU,LRU,3000,561,2439,0.187,0.813,0.0,2376,-2.6515151515151514,loss,0.003555909999704454,0.0,,0,17130787463716766900,7625077886221154819,12275859685010431029,c68ab486a640a54c888da089b2e281089fd24250d6687b89e48a31a47af23cda,0,False
random,20,9,LFU,LFU,3000,624,2376,0.208,0.792,6.659619450317096,2376,0.0,tie,0.005090452999866102,0.0,,0,17130787463716766900,7625077886221154819,12275859685010431029,c68ab486a640a54c888da089b2e281089fd24250d6687b89e48a31a47af23cda,0,False
random,20,9,MRU,MRU,3000,591,2409,0.197,0.803,3.171247357293837,2376,-1.3888888888888888,loss,0.0037873689998377813,0.0,,0,17130787463716766900,7625077886221154819,12275859685010431029,c68ab486a640a54c888da089b2e281089fd24250d6687b89e48a31a47af23cda,0,False
random,20,9,OPT,OPT,3000,1507,1493,0.5023333333333333,0.49766666666666665,100.0,2376,37.16329966329966,win,0.004645412000172655,0.0,,0,17130787463716766900,7625077886221154819,12275859685010431029,c68ab486a640a54c888da089b2e281089fd24250d6687b89e48a31a47af23cda,0,False
random,20,9,LeCaR-inspired,LeCaR,3000,563,2437,0.18766666666666668,0.8123333333333334,0.21141649048623465,2376,-2.5673400673400675,loss,0.007102004999978817,0.0,,0,17130787463716766900,7625077886221154819,12275859685010431029,c68ab486a640a54c888da089b2e281089fd24250d6687b89e48a31a47af23cda,0,False
random,20,9,RL-Windowed,RL-Adaptive (windowed),3000,586,2414,0.19533333333333333,0.8046666666666666,2.6427061310782154,2376,-1.5993265993265993,loss,0.0057642290003059315,0.145143366999946,"{""FIFO"": 25, ""LFU"": 34, ""LRU"": 0, ""MRU"": 1}",4,17130787463716766900,7625077886221154819,12275859685010431029,c68ab486a640a54c888da089b2e281089fd24250d6687b89e48a31a47af23cda,0,False
random,20,9,RL-FixedCommit-20,RL-Adaptive (per-eviction),3000,618,2382,0.206,0.794,6.025369978858322,2376,-0.25252525252525254,loss,0.00652288800029055,0.17757589599932544,"{""FIFO"": 0, ""LFU"": 0, ""LRU"": 220, ""MRU"": 2142}",3,17130787463716766900,7625077886221154819,12275859685010431029,c68ab486a640a54c888da089b2e281089fd24250d6687b89e48a31a47af23cda,0,False
random,40,0,FIFO,FIFO,3000,1216,1784,0.4053333333333333,0.5946666666666667,2.111932418162632,1770,-0.7909604519774012,loss,0.0041503960001136875,0.0,,0,999999,42,0,b335eb4c6fee4102381182c0a71088bd7baed361ecb35f64cf733ee22d14e897,0,False
random,40,0,LRU,LRU,3000,1196,1804,0.39866666666666667,0.6013333333333334,0.0,1770,-1.92090395480226,loss,0.004349306000221986,0.0,,0,999999,42,0,b335eb4c6fee4102381182c0a71088bd7baed361ecb35f64cf733ee22d14e897,0,False
random,40,0,LFU,LFU,3000,1230,1770,0.41,0.59,3.590285110876478,1770,0.0,tie,0.006494268999631458,0.0,,0,999999,42,0,b335eb4c6fee4102381182c0a71088bd7baed361ecb35f64cf733ee22d14e897,0,False
random,40,0,MRU,MRU,3000,1224,1776,0.408,0.592,2.956705385427692,1770,-0.3389830508474576,loss,0.004371007999907306,0.0,,0,999999,42,0,b335eb4c6fee4102381182c0a71088bd7baed361ecb35f64cf733ee22d14e897,0,False
random,40,0,OPT,OPT,3000,2143,857,0.7143333333333334,0.2856666666666667,100.0,1770,51.5819209039548,win,0.004700145000242628,0.0,,0,999999,42,0,b335eb4c6fee4102381182c0a71088bd7baed361ecb35f64cf733ee22d14e897,0,False
random,40,0,LeCaR-inspired,LeCaR,3000,1195,1805,0.3983333333333333,0.6016666666666667,-0.10559662090811929,1770,-1.9774011299435028,loss,0.008166329999767186,0.0,,0,999999,42,0,b335eb4c6fee4102381182c0a71088bd7baed361ecb35f64cf733ee22d14e897,0,False
random,40,0,RL-Windowed,RL-Adaptive (windowed),3000,1199,1801,0.39966666666666667,0.6003333333333334,0.3167898627243931,1770,-1.7514124293785311,loss,0.005529986000510689,0.1403592149999895,"{""FIFO"": 1, ""LFU"": 0, ""LRU"": 59, ""MRU"": 0}",4,999999,42,0,b335eb4c6fee4102381182c0a71088bd7baed361ecb35f64cf733ee22d14e897,0,False
random,40,0,RL-FixedCommit-20,RL-Adaptive (per-eviction),3000,1199,1801,0.39966666666666667,0.6003333333333334,0.3167898627243931,1770,-1.7514124293785311,loss,0.0058350959998278995,0.1692349920003835,"{""FIFO"": 180, ""LFU"": 0, ""LRU"": 1581, ""MRU"": 0}",3,999999,42,0,b335eb4c6fee4102381182c0a71088bd7baed361ecb35f64cf733ee22d14e897,0,False
random,40,1,FIFO,FIFO,3000,1163,1837,0.38766666666666666,0.6123333333333333,0.8307372793354225,1833,-0.2182214948172395,loss,0.004305550000026415,0.0,,0,17095485856909076931,380161687476797235,536858141142340480,8fd1fd9c81ae4eaeef240df1e946ed9972d52db7c649e6c47e68c51930a3e92e,0,False
random,40,1,LRU,LRU,3000,1155,1845,0.385,0.615,0.0,1833,-0.6546644844517185,loss,0.004396336999889172,0.0,,0,17095485856909076931,380161687476797235,536858141142340480,8fd1fd9c81ae4eaeef240df1e946ed9972d52db7c649e6c47e68c51930a3e92e,0,False
random,40,1,LFU,LFU,3000,1158,1842,0.386,0.614,0.3115264797507791,1833,-0.4909983633387889,loss,0.006853271000181849,0.0,,0,17095485856909076931,380161687476797235,536858141142340480,8fd1fd9c81ae4eaeef240df1e946ed9972d52db7c649e6c47e68c51930a3e92e,0,False
random,40,1,MRU,MRU,3000,1167,1833,0.389,0.611,1.2461059190031163,1833,0.0,tie,0.0043803930002468405,0.0,,0,17095485856909076931,380161687476797235,536858141142340480,8fd1fd9c81ae4eaeef240df1e946ed9972d52db7c649e6c47e68c51930a3e92e,0,False
random,40,1,OPT,OPT,3000,2118,882,0.706,0.294,100.0,1833,51.88216039279869,win,0.004935198999191925,0.0,,0,17095485856909076931,380161687476797235,536858141142340480,8fd1fd9c81ae4eaeef240df1e946ed9972d52db7c649e6c47e68c51930a3e92e,0,False
random,40,1,LeCaR-inspired,LeCaR,3000,1156,1844,0.38533333333333336,0.6146666666666667,0.10384215991691484,1833,-0.6001091107474086,loss,0.00835245100006432,0.0,,0,17095485856909076931,380161687476797235,536858141142340480,8fd1fd9c81ae4eaeef240df1e946ed9972d52db7c649e6c47e68c51930a3e92e,0,False
random,40,1,RL-Windowed,RL-Adaptive (windowed),3000,1182,1818,0.394,0.606,2.803738317757012,1833,0.8183306055646481,win,0.005652810999890789,0.14471385000069859,"{""FIFO"": 24, ""LFU"": 0, ""LRU"": 35, ""MRU"": 1}",4,17095485856909076931,380161687476797235,536858141142340480,8fd1fd9c81ae4eaeef240df1e946ed9972d52db7c649e6c47e68c51930a3e92e,0,False
random,40,1,RL-FixedCommit-20,RL-Adaptive (per-eviction),3000,1155,1845,0.385,0.615,0.0,1833,-0.6546644844517185,loss,0.005800399000690959,0.20817565200013632,"{""FIFO"": 0, ""LFU"": 0, ""LRU"": 1805, ""MRU"": 0}",3,17095485856909076931,380161687476797235,536858141142340480,8fd1fd9c81ae4eaeef240df1e946ed9972d52db7c649e6c47e68c51930a3e92e,0,False
random,40,2,FIFO,FIFO,3000,1230,1770,0.41,0.59,-3.9955604883462863,1734,-2.0761245674740483,loss,0.004169484999692941,0.0,,0,17276347449250502957,6705285473295334159,9666295739926934942,e8ebd639b3fcd9b2e98fdab07fb7684c1387a3e9df1188956f34c9eb272c83b9,0,False
random,40,2,LRU,LRU,3000,1266,1734,0.422,0.578,0.0,1734,0.0,tie,0.0042631260002963245,0.0,,0,17276347449250502957,6705285473295334159,9666295739926934942,e8ebd639b3fcd9b2e98fdab07fb7684c1387a3e9df1188956f34c9eb272c83b9,0,False
random,40,2,LFU,LFU,3000,1167,1833,0.389,0.611,-10.987791342952287,1734,-5.709342560553633,loss,0.0066812510003728676,0.0,,0,17276347449250502957,6705285473295334159,9666295739926934942,e8ebd639b3fcd9b2e98fdab07fb7684c1387a3e9df1188956f34c9eb272c83b9,0,False
random,40,2,MRU,MRU,3000,1176,1824,0.392,0.608,-9.988901220865715,1734,-5.190311418685121,loss,0.005173839000235603,0.0,,0,17276347449250502957,6705285473295334159,9666295739926934942,e8ebd639b3fcd9b2e98fdab07fb7684c1387a3e9df1188956f34c9eb272c83b9,0,False
random,40,2,OPT,OPT,3000,2167,833,0.7223333333333334,0.2776666666666667,100.0,1734,51.96078431372549,win,0.004618732000380987,0.0,,0,17276347449250502957,6705285473295334159,9666295739926934942,e8ebd639b3fcd9b2e98fdab07fb7684c1387a3e9df1188956f34c9eb272c83b9,0,False
random,40,2,LeCaR-inspired,LeCaR,3000,1255,1745,0.41833333333333333,0.5816666666666667,-1.2208657047724887,1734,-0.6343713956170703,loss,0.007659576000150992,0.0,,0,17276347449250502957,6705285473295334159,9666295739926934942,e8ebd639b3fcd9b2e98fdab07fb7684c1387a3e9df1188956f34c9eb272c83b9,0,False
random,40,2,RL-Windowed,RL-Adaptive (windowed),3000,1232,1768,0.4106666666666667,0.5893333333333334,-3.773584905660406,1734,-1.9607843137254901,loss,0.005861786000423308,0.16534657100055483,"{""FIFO"": 45, ""LFU"": 1, ""LRU"": 1, ""MRU"": 13}",5,17276347449250502957,6705285473295334159,9666295739926934942,e8ebd639b3fcd9b2e98fdab07fb7684c1387a3e9df1188956f34c9eb272c83b9,0,False
random,40,2,RL-FixedCommit-20,RL-Adaptive (per-eviction),3000,1187,1813,0.39566666666666667,0.6043333333333333,-8.768035516093226,1734,-4.555940023068051,loss,0.007706737000262365,0.23249646200019924,"{""FIFO"": 0, ""LFU"": 1573, ""LRU"": 0, ""MRU"": 200}",4,17276347449250502957,6705285473295334159,9666295739926934942,e8ebd639b3fcd9b2e98fdab07fb7684c1387a3e9df1188956f34c9eb272c83b9,0,False
random,40,3,FIFO,FIFO,3000,1166,1834,0.38866666666666666,0.6113333333333333,2.5906735751295584,1781,-2.9758562605277934,loss,0.005851510999491438,0.0,,0,11135197561411485317,2895896041510568057,13907250221823512245,655085c55a69b3c2447cf6f7ded4a2d8a1c8cb22ecab6e89238bc551cdf131c3,0,False
random,40,3,LRU,LRU,3000,1141,1859,0.38033333333333336,0.6196666666666667,0.0,1781,-4.37956204379562,loss,0.005308392000188178,0.0,,0,11135197561411485317,2895896041510568057,13907250221823512245,655085c55a69b3c2447cf6f7ded4a2d8a1c8cb22ecab6e89238bc551cdf131c3,0,False
random,40,3,LFU,LFU,3000,1171,1829,0.3903333333333333,0.6096666666666667,3.1088082901554426,1781,-2.695115103874228,loss,0.006871397000395518,0.0,,0,11135197561411485317,2895896041510568057,13907250221823512245,655085c55a69b3c2447cf6f7ded4a2d8a1c8cb22ecab6e89238bc551cdf131c3,0,False
random,40,3,MRU,MRU,3000,1219,1781,0.4063333333333333,0.5936666666666667,8.08290155440415,1781,0.0,tie,0.005149472000084643,0.0,,0,11135197561411485317,2895896041510568057,13907250221823512245,655085c55a69b3c2447cf6f7ded4a2d8a1c8cb22ecab6e89238bc551cdf131c3,0,False
random,40,3,OPT,OPT,3000,2106,894,0.702,0.298,100.0,1781,49.8034811903425,win,0.004539291999208217,0.0,,0,11135197561411485317,2895896041510568057,13907250221823512245,655085c55a69b3c2447cf6f7ded4a2d8a1c8cb22ecab6e89238bc551cdf131c3,0,False
random,40,3,LeCaR-inspired,LeCaR,3000,1141,1859,0.38033333333333336,0.6196666666666667,0.0,1781,-4.37956204379562,loss,0.008721576999960234,0.0,,0,11135197561411485317,2895896041510568057,13907250221823512245,655085c55a69b3c2447cf6f7ded4a2d8a1c8cb22ecab6e89238bc551cdf131c3,0,False
random,40,3,RL-Windowed,RL-Adaptive (windowed),3000,1142,1858,0.38066666666666665,0.6193333333333333,0.10362694300520443,1781,-4.323413812464907,loss,0.007243116999234189,0.18674991500029137,"{""FIFO"": 0, ""LFU"": 34, ""LRU"": 26, ""MRU"": 0}",5,11135197561411485317,2895896041510568057,13907250221823512245,655085c55a69b3c2447cf6f7ded4a2d8a1c8cb22ecab6e89238bc551cdf131c3,0,False
random,40,3,RL-FixedCommit-20,RL-Adaptive (per-eviction),3000,1141,1859,0.38033333333333336,0.6196666666666667,0.0,1781,-4.37956204379562,loss,0.005640903000312392,0.16598053699999582,"{""FIFO"": 0, ""LFU"": 0, ""LRU"": 1819, ""MRU"": 0}",3,11135197561411485317,2895896041510568057,13907250221823512245,655085c55a69b3c2447cf6f7ded4a2d8a1c8cb22ecab6e89238bc551cdf131c3,0,False
random,40,4,FIFO,FIFO,3000,1146,1854,0.382,0.618,-5.320304017372414,1772,-4.6275395033860045,loss,0.004159919999437989,0.0,,0,12456491545091027600,5722155710693620527,5593157496631826280,e2043ebaef0082adeb85379641e33c0692efd498fe575e265ee1fb871c65c20c,0,False
random,40,4,LRU,LRU,3000,1195,1805,0.3983333333333333,0.6016666666666667,0.0,1772,-1.8623024830699775,loss,0.004357157999947958,0.0,,0,12456491545091027600,5722155710693620527,5593157496631826280,e2043ebaef0082adeb85379641e33c0692efd498fe575e265ee1fb871c65c20c,0,False
random,40,4,LFU,LFU,3000,1212,1788,0.404,0.596,1.845819761129221,1772,-0.9029345372460497,loss,0.007561466999504773,0.0,,0,12456491545091027600,5722155710693620527,5593157496631826280,e2043ebaef0082adeb85379641e33c0692efd498fe575e265ee1fb871c65c20c,0,False
random,40,4,MRU,MRU,3000,1228,1772,0.4093333333333333,0.5906666666666667,3.5830618892508173,1772,0.0,tie,0.004240061000018613,0.0,,0,12456491545091027600,5722155710693620527,5593157496631826280,e2043ebaef0082adeb85379641e33c0692efd498fe575e265ee1fb871c65c20c,0,False
random,40,4,OPT,OPT,3000,2116,884,0.7053333333333334,0.2946666666666667,100.0,1772,50.112866817155755,win,0.004390589000649925,0.0,,0,12456491545091027600,5722155710693620527,5593157496631826280,e2043ebaef0082adeb85379641e33c0692efd498fe575e265ee1fb871c65c20c,0,False
random,40,4,LeCaR-inspired,LeCaR,3000,1186,1814,0.3953333333333333,0.6046666666666667,-0.9771986970684049,1772,-2.37020316027088,loss,0.007477371000277344,0.0,,0,12456491545091027600,5722155710693620527,5593157496631826280,e2043ebaef0082adeb85379641e33c0692efd498fe575e265ee1fb871c65c20c,0,False
random,40,4,RL-Windowed,RL-Adaptive (windowed),3000,1178,1822,0.39266666666666666,0.6073333333333333,-1.8458197611291849,1772,-2.8216704288939054,loss,0.005628615000205173,0.19079214300018066,"{""FIFO"": 0, ""LFU"": 1, ""LRU"": 41, ""MRU"": 18}",4,12456491545091027600,5722155710693620527,5593157496631826280,e2043ebaef0082adeb85379641e33c0692efd498fe575e265ee1fb871c65c20c,0,False
random,40,4,RL-FixedCommit-20,RL-Adaptive (per-eviction),3000,1202,1798,0.40066666666666667,0.5993333333333334,0.7600434310531917,1772,-1.4672686230248306,loss,0.0059359870001571835,0.1752108099999532,"{""FIFO"": 0, ""LFU"": 200, ""LRU"": 1558, ""MRU"": 0}",4,12456491545091027600,5722155710693620527,5593157496631826280,e2043ebaef0082adeb85379641e33c0692efd498fe575e265ee1fb871c65c20c,0,False
random,40,5,FIFO,FIFO,3000,1226,1774,0.4086666666666667,0.5913333333333334,1.0660980810234433,1774,0.0,tie,0.004523868999967817,0.0,,0,17762136797593927991,13907774163946486002,9269067645424866872,bff541afe2c33d8db1fda6dbf5e5df7138a577d1fc854b620cdd25d6349931b1,0,False
random,40,5,LRU,LRU,3000,1216,1784,0.4053333333333333,0.5946666666666667,0.0,1774,-0.5636978579481398,loss,0.004167161999248492,0.0,,0,17762136797593927991,13907774163946486002,9269067645424866872,bff541afe2c33d8db1fda6dbf5e5df7138a577d1fc854b620cdd25d6349931b1,0,False
random,40,5,LFU,LFU,3000,1208,1792,0.4026666666666667,0.5973333333333334,-0.8528784648187758,1774,-1.0146561443066517,loss,0.006265003999942564,0.0,,0,17762136797593927991,13907774163946486002,9269067645424866872,bff541afe2c33d8db1fda6dbf5e5df7138a577d1fc854b620cdd25d6349931b1,0,False
random,40,5,MRU,MRU,3000,1171,1829,0.3903333333333333,0.6096666666666667,-4.797441364605548,1774,-3.100338218714769,loss,0.004343727000559738,0.0,,0,17762136797593927991,13907774163946486002,9269067645424866872,bff541afe2c33d8db1fda6dbf5e5df7138a577d1fc854b620cdd25d6349931b1,0,False
random,40,5,OPT,OPT,3000,2154,846,0.718,0.282,100.0,1774,52.311161217587376,win,0.004732923999654304,0.0,,0,17762136797593927991,13907774163946486002,9269067645424866872,bff541afe2c33d8db1fda6dbf5e5df7138a577d1fc854b620cdd25d6349931b1,0,False
random,40,5,LeCaR-inspired,LeCaR,3000,1218,1782,0.406,0.594,0.21321961620470284,1774,-0.4509582863585118,loss,0.007539645999713684,0.0,,0,17762136797593927991,13907774163946486002,9269067645424866872,bff541afe2c33d8db1fda6dbf5e5df7138a577d1fc854b620cdd25d6349931b1,0,False
random,40,5,RL-Windowed,RL-Adaptive (windowed),3000,1203,1797,0.401,0.599,-1.3859275053304798,1774,-1.2965050732807215,loss,0.0056741429998510284,0.1456134350000866,"{""FIFO"": 0, ""LFU"": 0, ""LRU"": 15, ""MRU"": 45}",4,17762136797593927991,13907774163946486002,9269067645424866872,bff541afe2c33d8db1fda6dbf5e5df7138a577d1fc854b620cdd25d6349931b1,0,False
random,40,5,RL-FixedCommit-20,RL-Adaptive (per-eviction),3000,1234,1766,0.41133333333333333,0.5886666666666667,1.918976545842219,1774,0.4509582863585118,win,0.0050458260002415045,0.1728079690001323,"{""FIFO"": 1546, ""LFU"": 0, ""LRU"": 40, ""MRU"": 140}",4,17762136797593927991,13907774163946486002,9269067645424866872,bff541afe2c33d8db1fda6dbf5e5df7138a577d1fc854b620cdd25d6349931b1,0,False
random,40,6,FIFO,FIFO,3000,1205,1795,0.40166666666666667,0.5983333333333334,1.831896551724116,1795,0.0,tie,0.004094963000170537,0.0,,0,17497751690583444669,1712061413337076445,12089785830432276782,66d9120424e45861b2a57107efc4920345740944c225a8773420fc0a02dd15cc,0,False
random,40,6,LRU,LRU,3000,1188,1812,0.396,0.604,0.0,1795,-0.947075208913649,loss,0.0045900290006102296,0.0,,0,17497751690583444669,1712061413337076445,12089785830432276782,66d9120424e45861b2a57107efc4920345740944c225a8773420fc0a02dd15cc,0,False
random,40,6,LFU,LFU,3000,1184,1816,0.39466666666666667,0.6053333333333333,-0.43103448275860917,1795,-1.16991643454039,loss,0.0065100530000563595,0.0,,0,17497751690583444669,1712061413337076445,12089785830432276782,66d9120424e45861b2a57107efc4920345740944c225a8773420fc0a02dd15cc,0,False
random,40,6,MRU,MRU,3000,1205,1795,0.40166666666666667,0.5983333333333334,1.831896551724116,1795,0.0,tie,0.004328664999775356,0.0,,0,17497751690583444669,1712061413337076445,12089785830432276782,66d9120424e45861b2a57107efc4920345740944c225a8773420fc0a02dd15cc,0,False
random,40,6,OPT,OPT,3000,2116,884,0.7053333333333334,0.2946666666666667,100.0,1795,50.75208913649025,win,0.0048409370001536445,0.0,,0,17497751690583444669,1712061413337076445,12089785830432276782,66d9120424e45861b2a57107efc4920345740944c225a8773420fc0a02dd15cc,0,False
random,40,6,LeCaR-inspired,LeCaR,3000,1184,1816,0.39466666666666667,0.6053333333333333,-0.43103448275860917,1795,-1.16991643454039,loss,0.007615258999976504,0.0,,0,17497751690583444669,1712061413337076445,12089785830432276782,66d9120424e45861b2a57107efc4920345740944c225a8773420fc0a02dd15cc,0,False
random,40,6,RL-Windowed,RL-Adaptive (windowed),3000,1191,1809,0.397,0.603,0.32327586206896586,1795,-0.7799442896935933,loss,0.00523959800011653,0.1490578490002008,"{""FIFO"": 18, ""LFU"": 1, ""LRU"": 0, ""MRU"": 41}",4,17497751690583444669,1712061413337076445,12089785830432276782,66d9120424e45861b2a57107efc4920345740944c225a8773420fc0a02dd15cc,0,False
random,40,6,RL-FixedCommit-20,RL-Adaptive (per-eviction),3000,1193,1807,0.39766666666666667,0.6023333333333334,0.5387931034482525,1795,-0.6685236768802229,loss,0.007163057999605371,0.201527059,"{""FIFO"": 0, ""LFU"": 80, ""LRU"": 1627, ""MRU"": 60}",4,17497751690583444669,1712061413337076445,12089785830432276782,66d9120424e45861b2a57107efc4920345740944c225a8773420fc0a02dd15cc,0,False
random,40,7,FIFO,FIFO,3000,1174,1826,0.3913333333333333,0.6086666666666667,-2.6795284030010618,1801,-1.38811771238201,loss,0.005049430999861215,0.0,,0,17268333184477102642,7540988029405500152,10575069237749322032,63cb827f332e949537a5ed82317ddfe2c9803751cb4548c4d5548877d9a5b2d3,0,False
random,40,7,LRU,LRU,3000,1199,1801,0.39966666666666667,0.6003333333333334,0.0,1801,0.0,tie,0.004831914000533288,0.0,,0,17268333184477102642,7540988029405500152,10575069237749322032,63cb827f332e949537a5ed82317ddfe2c9803751cb4548c4d5548877d9a5b2d3,0,False
random,40,7,LFU,LFU,3000,1177,1823,0.3923333333333333,0.6076666666666667,-2.357984994640933,1801,-1.2215435868961688,loss,0.0065323660001013195,0.0,,0,17268333184477102642,7540988029405500152,10575069237749322032,63cb827f332e949537a5ed82317ddfe2c9803751cb4548c4d5548877d9a5b2d3,0,False
random,40,7,MRU,MRU,3000,1178,1822,0.39266666666666666,0.6073333333333333,-2.2508038585208663,1801,-1.1660188784008885,loss,0.00453067899979942,0.0,,0,17268333184477102642,7540988029405500152,10575069237749322032,63cb827f332e949537a5ed82317ddfe2c9803751cb4548c4d5548877d9a5b2d3,0,False
random,40,7,OPT,OPT,3000,2132,868,0.7106666666666667,0.28933333333333333,100.0,1801,51.80455302609661,win,0.004942599999594677,0.0,,0,17268333184477102642,7540988029405500152,10575069237749322032,63cb827f332e949537a5ed82317ddfe2c9803751cb4548c4d5548877d9a5b2d3,0,False
random,40,7,LeCaR-inspired,LeCaR,3000,1208,1792,0.4026666666666667,0.5973333333333334,0.9646302250803866,1801,0.4997223764575236,win,0.00953163800022594,0.0,,0,17268333184477102642,7540988029405500152,10575069237749322032,63cb827f332e949537a5ed82317ddfe2c9803751cb4548c4d5548877d9a5b2d3,0,False
random,40,7,RL-Windowed,RL-Adaptive (windowed),3000,1168,1832,0.3893333333333333,0.6106666666666667,-3.3226152197213192,1801,-1.7212659633536924,loss,0.005508623999958218,0.1533110400005171,"{""FIFO"": 0, ""LFU"": 1, ""LRU"": 44, ""MRU"": 15}",4,17268333184477102642,7540988029405500152,10575069237749322032,63cb827f332e949537a5ed82317ddfe2c9803751cb4548c4d5548877d9a5b2d3,0,False
random,40,7,RL-FixedCommit-20,RL-Adaptive (per-eviction),3000,1195,1805,0.3983333333333333,0.6016666666666667,-0.42872454448015984,1801,-0.2220988339811216,loss,0.006394028000613616,0.1706300559999363,"{""FIFO"": 140, ""LFU"": 0, ""LRU"": 1425, ""MRU"": 200}",3,17268333184477102642,7540988029405500152,10575069237749322032,63cb827f332e949537a5ed82317ddfe2c9803751cb4548c4d5548877d9a5b2d3,0,False
random,40,8,FIFO,FIFO,3000,1181,1819,0.39366666666666666,0.6063333333333333,-1.6111707841030802,1797,-1.2242626599888704,loss,0.004157015999226132,0.0,,0,14509467739425123465,5713185295374171254,7845611142894280835,d6390f6afa9e325363995f38a5b8e961fe47abed81bd80197f5f6938e3501a83,0,False
random,40,8,LRU,LRU,3000,1196,1804,0.39866666666666667,0.6013333333333334,0.0,1797,-0.38953811908736785,loss,0.004280653000023449,0.0,,0,14509467739425123465,5713185295374171254,7845611142894280835,d6390f6afa9e325363995f38a5b8e961fe47abed81bd80197f5f6938e3501a83,0,False
random,40,8,LFU,LFU,3000,1203,1797,0.401,0.599,0.7518796992481447,1797,0.0,tie,0.007158921000154805,0.0,,0,14509467739425123465,5713185295374171254,7845611142894280835,d6390f6afa9e325363995f38a5b8e961fe47abed81bd80197f5f6938e3501a83,0,False
random,40,8,MRU,MRU,3000,1178,1822,0.39266666666666666,0.6073333333333333,-1.9334049409237035,1797,-1.391207568169171,loss,0.005225045999395661,0.0,,0,14509467739425123465,5713185295374171254,7845611142894280835,d6390f6afa9e325363995f38a5b8e961fe47abed81bd80197f5f6938e3501a83,0,False
random,40,8,OPT,OPT,3000,2127,873,0.709,0.291,100.0,1797,51.419031719532555,win,0.0043534920005185995,0.0,,0,14509467739425123465,5713185295374171254,7845611142894280835,d6390f6afa9e325363995f38a5b8e961fe47abed81bd80197f5f6938e3501a83,0,False
random,40,8,LeCaR-inspired,LeCaR,3000,1194,1806,0.398,0.602,-0.21482277121372492,1797,-0.5008347245409015,loss,0.007934390999253083,0.0,,0,14509467739425123465,5713185295374171254,7845611142894280835,d6390f6afa9e325363995f38a5b8e961fe47abed81bd80197f5f6938e3501a83,0,False
random,40,8,RL-Windowed,RL-Adaptive (windowed),3000,1178,1822,0.39266666666666666,0.6073333333333333,-1.9334049409237035,1797,-1.391207568169171,loss,0.0051706639997064485,0.1329985399997895,"{""FIFO"": 36, ""LFU"": 0, ""LRU"": 23, ""MRU"": 1}",4,14509467739425123465,5713185295374171254,7845611142894280835,d6390f6afa9e325363995f38a5b8e961fe47abed81bd80197f5f6938e3501a83,0,False
random,40,8,RL-FixedCommit-20,RL-Adaptive (per-eviction),3000,1189,1811,0.3963333333333333,0.6036666666666667,-0.7518796992481089,1797,-0.7790762381747357,loss,0.00540070100032608,0.17289616100060812,"{""FIFO"": 1651, ""LFU"": 100, ""LRU"": 0, ""MRU"": 20}",4,14509467739425123465,5713185295374171254,7845611142894280835,d6390f6afa9e325363995f38a5b8e961fe47abed81bd80197f5f6938e3501a83,0,False
random,40,9,FIFO,FIFO,3000,1146,1854,0.382,0.618,0.5165289256198466,1799,-3.0572540300166757,loss,0.004365931000393175,0.0,,0,17130787463716766900,7625077886221154819,12275859685010431029,c68ab486a640a54c888da089b2e281089fd24250d6687b89e48a31a47af23cda,0,False
random,40,9,LRU,LRU,3000,1141,1859,0.38033333333333336,0.6196666666666667,0.0,1799,-3.3351862145636466,loss,0.004357898999842291,0.0,,0,17130787463716766900,7625077886221154819,12275859685010431029,c68ab486a640a54c888da089b2e281089fd24250d6687b89e48a31a47af23cda,0,False
random,40,9,LFU,LFU,3000,1201,1799,0.4003333333333333,0.5996666666666667,6.198347107438021,1799,0.0,tie,0.006589062999410089,0.0,,0,17130787463716766900,7625077886221154819,12275859685010431029,c68ab486a640a54c888da089b2e281089fd24250d6687b89e48a31a47af23cda,0,False
random,40,9,MRU,MRU,3000,1171,1829,0.3903333333333333,0.6096666666666667,3.0991735537190106,1799,-1.6675931072818233,loss,0.004436097000507289,0.0,,0,17130787463716766900,7625077886221154819,12275859685010431029,c68ab486a640a54c888da089b2e281089fd24250d6687b89e48a31a47af23cda,0,False
random,40,9,OPT,OPT,3000,2109,891,0.703,0.297,100.0,1799,50.47248471372985,win,0.004910993000521557,0.0,,0,17130787463716766900,7625077886221154819,12275859685010431029,c68ab486a640a54c888da089b2e281089fd24250d6687b89e48a31a47af23cda,0,False
random,40,9,LeCaR-inspired,LeCaR,3000,1150,1850,0.38333333333333336,0.6166666666666667,0.9297520661157032,1799,-2.8349082823790996,loss,0.008371369000087725,0.0,,0,17130787463716766900,7625077886221154819,12275859685010431029,c68ab486a640a54c888da089b2e281089fd24250d6687b89e48a31a47af23cda,0,False
random,40,9,RL-Windowed,RL-Adaptive (windowed),3000,1179,1821,0.393,0.607,3.9256198347107585,1799,-1.2229016120066705,loss,0.0068274519999249605,0.151325462999921,"{""FIFO"": 25, ""LFU"": 34, ""LRU"": 0, ""MRU"": 1}",4,17130787463716766900,7625077886221154819,12275859685010431029,c68ab486a640a54c888da089b2e281089fd24250d6687b89e48a31a47af23cda,0,False
random,40,9,RL-FixedCommit-20,RL-Adaptive (per-eviction),3000,1175,1825,0.39166666666666666,0.6083333333333333,3.512396694214902,1799,-1.4452473596442468,loss,0.007792034999511088,0.16921811000065645,"{""FIFO"": 0, ""LFU"": 1705, ""LRU"": 80, ""MRU"": 0}",4,17130787463716766900,7625077886221154819,12275859685010431029,c68ab486a640a54c888da089b2e281089fd24250d6687b89e48a31a47af23cda,0,False
looping,10,0,FIFO,FIFO,3000,0,3000,0.0,1.0,0.0,2163,-38.69625520110957,loss,0.0031783909998921445,0.0,,0,999999,42,0,af9df31b418f6d884bb83316866ac570006c8b25eb8f398e6798865695cb6aee,25,True
looping,10,0,LRU,LRU,3000,0,3000,0.0,1.0,0.0,2163,-38.69625520110957,loss,0.003056196999750682,0.0,,0,999999,42,0,af9df31b418f6d884bb83316866ac570006c8b25eb8f398e6798865695cb6aee,25,True
looping,10,0,LFU,LFU,3000,0,3000,0.0,1.0,0.0,2163,-38.69625520110957,loss,0.00405266899997514,0.0,,0,999999,42,0,af9df31b418f6d884bb83316866ac570006c8b25eb8f398e6798865695cb6aee,25,True
looping,10,0,MRU,MRU,3000,837,2163,0.279,0.721,100.0,2163,0.0,tie,0.002447318999657,0.0,,0,999999,42,0,af9df31b418f6d884bb83316866ac570006c8b25eb8f398e6798865695cb6aee,25,True
looping,10,0,OPT,OPT,3000,837,2163,0.279,0.721,100.0,2163,0.0,tie,0.0032689480003682547,0.0,,0,999999,42,0,af9df31b418f6d884bb83316866ac570006c8b25eb8f398e6798865695cb6aee,25,True
looping,10,0,LeCaR-inspired,LeCaR,3000,0,3000,0.0,1.0,0.0,2163,-38.69625520110957,loss,0.0055518689996461035,0.0,,0,999999,42,0,af9df31b418f6d884bb83316866ac570006c8b25eb8f398e6798865695cb6aee,25,True
looping,10,0,RL-Windowed,RL-Adaptive (windowed),3000,828,2172,0.276,0.724,98.9247311827957,2163,-0.4160887656033287,loss,0.003959198000302422,0.09118361999935587,"{""FIFO"": 1, ""LFU"": 0, ""LRU"": 0, ""MRU"": 59}",2,999999,42,0,af9df31b418f6d884bb83316866ac570006c8b25eb8f398e6798865695cb6aee,25,True
looping,10,0,RL-FixedCommit-20,RL-Adaptive (per-eviction),3000,837,2163,0.279,0.721,100.0,2163,0.0,tie,0.0036708130000988604,0.12275113499981671,"{""FIFO"": 0, ""LFU"": 0, ""LRU"": 0, ""MRU"": 2153}",1,999999,42,0,af9df31b418f6d884bb83316866ac570006c8b25eb8f398e6798865695cb6aee,25,True
looping,10,1,FIFO,FIFO,3000,0,3000,0.0,1.0,0.0,2163,-38.69625520110957,loss,0.0032871749999685562,0.0,,0,8799092970049070970,17771327585692197403,99572980905330575,af9df31b418f6d884bb83316866ac570006c8b25eb8f398e6798865695cb6aee,25,True
looping,10,1,LRU,LRU,3000,0,3000,0.0,1.0,0.0,2163,-38.69625520110957,loss,0.0030922509995434666,0.0,,0,8799092970049070970,17771327585692197403,99572980905330575,af9df31b418f6d884bb83316866ac570006c8b25eb8f398e6798865695cb6aee,25,True
looping,10,1,LFU,LFU,3000,0,3000,0.0,1.0,0.0,2163,-38.69625520110957,loss,0.00398173199937446,0.0,,0,8799092970049070970,17771327585692197403,99572980905330575,af9df31b418f6d884bb83316866ac570006c8b25eb8f398e6798865695cb6aee,25,True
looping,10,1,MRU,MRU,3000,837,2163,0.279,0.721,100.0,2163,0.0,tie,0.002374139000494324,0.0,,0,8799092970049070970,17771327585692197403,99572980905330575,af9df31b418f6d884bb83316866ac570006c8b25eb8f398e6798865695cb6aee,25,True
looping,10,1,OPT,OPT,3000,837,2163,0.279,0.721,100.0,2163,0.0,tie,0.003140083000289451,0.0,,0,8799092970049070970,17771327585692197403,99572980905330575,af9df31b418f6d884bb83316866ac570006c8b25eb8f398e6798865695cb6aee,25,True
looping,10,1,LeCaR-inspired,LeCaR,3000,0,3000,0.0,1.0,0.0,2163,-38.69625520110957,loss,0.005555343999731122,0.0,,0,8799092970049070970,17771327585692197403,99572980905330575,af9df31b418f6d884bb83316866ac570006c8b25eb8f398e6798865695cb6aee,25,True
looping,10,1,RL-Windowed,RL-Adaptive (windowed),3000,828,2172,0.276,0.724,98.9247311827957,2163,-0.4160887656033287,loss,0.004235315000187256,0.08964306800044142,"{""FIFO"": 0, ""LFU"": 0, ""LRU"": 1, ""MRU"": 59}",2,8799092970049070970,17771327585692197403,99572980905330575,af9df31b418f6d884bb83316866ac570006c8b25eb8f398e6798865695cb6aee,25,True
looping,10,1,RL-FixedCommit-20,RL-Adaptive (per-eviction),3000,837,2163,0.279,0.721,100.0,2163,0.0,tie,0.003949672999624454,0.1363447260000612,"{""FIFO"": 0, ""LFU"": 0, ""LRU"": 0, ""MRU"": 2153}",1,8799092970049070970,17771327585692197403,99572980905330575,af9df31b418f6d884bb83316866ac570006c8b25eb8f398e6798865695cb6aee,25,True
looping,10,2,FIFO,FIFO,3000,0,3000,0.0,1.0,0.0,2163,-38.69625520110957,loss,0.0031565489998683915,0.0,,0,17398478001489262390,1974084707142826050,3909086558387047501,af9df31b418f6d884bb83316866ac570006c8b25eb8f398e6798865695cb6aee,25,True
looping,10,2,LRU,LRU,3000,0,3000,0.0,1.0,0.0,2163,-38.69625520110957,loss,0.0029840380002497113,0.0,,0,17398478001489262390,1974084707142826050,3909086558387047501,af9df31b418f6d884bb83316866ac570006c8b25eb8f398e6798865695cb6aee,25,True
looping,10,2,LFU,LFU,3000,0,3000,0.0,1.0,0.0,2163,-38.69625520110957,loss,0.004501936999986356,0.0,,0,17398478001489262390,1974084707142826050,3909086558387047501,af9df31b418f6d884bb83316866ac570006c8b25eb8f398e6798865695cb6aee,25,True
looping,10,2,MRU,MRU,3000,837,2163,0.279,0.721,100.0,2163,0.0,tie,0.002361699999710254,0.0,,0,17398478001489262390,1974084707142826050,3909086558387047501,af9df31b418f6d884bb83316866ac570006c8b25eb8f398e6798865695cb6aee,25,True
looping,10,2,OPT,OPT,3000,837,2163,0.279,0.721,100.0,2163,0.0,tie,0.0031839699995543924,0.0,,0,17398478001489262390,1974084707142826050,3909086558387047501,af9df31b418f6d884bb83316866ac570006c8b25eb8f398e6798865695cb6aee,25,True
looping,10,2,LeCaR-inspired,LeCaR,3000,0,3000,0.0,1.0,0.0,2163,-38.69625520110957,loss,0.005981606999739597,0.0,,0,17398478001489262390,1974084707142826050,3909086558387047501,af9df31b418f6d884bb83316866ac570006c8b25eb8f398e6798865695cb6aee,25,True
looping,10,2,RL-Windowed,RL-Adaptive (windowed),3000,837,2163,0.279,0.721,100.0,2163,0.0,tie,0.0038278909996734,0.09153596099986316,"{""FIFO"": 0, ""LFU"": 0, ""LRU"": 0, ""MRU"": 60}",2,17398478001489262390,1974084707142826050,3909086558387047501,af9df31b418f6d884bb83316866ac570006c8b25eb8f398e6798865695cb6aee,25,True
looping,10,2,RL-FixedCommit-20,RL-Adaptive (per-eviction),3000,837,2163,0.279,0.721,100.0,2163,0.0,tie,0.00413696599935065,0.14665046199934295,"{""FIFO"": 0, ""LFU"": 0, ""LRU"": 0, ""MRU"": 2153}",1,17398478001489262390,1974084707142826050,3909086558387047501,af9df31b418f6d884bb83316866ac570006c8b25eb8f398e6798865695cb6aee,25,True
looping,10,3,FIFO,FIFO,3000,0,3000,0.0,1.0,0.0,2163,-38.69625520110957,loss,0.0030831470003249706,0.0,,0,7283243027692018998,10079048894251735585,9082294608158945152,af9df31b418f6d884bb83316866ac570006c8b25eb8f398e6798865695cb6aee,25,True
looping,10,3,LRU,LRU,3000,0,3000,0.0,1.0,0.0,2163,-38.69625520110957,loss,0.003647067999736464,0.0,,0,7283243027692018998,10079048894251735585,9082294608158945152,af9df31b418f6d884bb83316866ac570006c8b25eb8f398e6798865695cb6aee,25,True
looping,10,3,LFU,LFU,3000,0,3000,0.0,1.0,0.0,2163,-38.69625520110957,loss,0.004481265999856987,0.0,,0,7283243027692018998,10079048894251735585,9082294608158945152,af9df31b418f6d884bb83316866ac570006c8b25eb8f398e6798865695cb6aee,25,True
looping,10,3,MRU,MRU,3000,837,2163,0.279,0.721,100.0,2163,0.0,tie,0.0024981560000014724,0.0,,0,7283243027692018998,10079048894251735585,9082294608158945152,af9df31b418f6d884bb83316866ac570006c8b25eb8f398e6798865695cb6aee,25,True
looping,10,3,OPT,OPT,3000,837,2163,0.279,0.721,100.0,2163,0.0,tie,0.0030807240000285674,0.0,,0,7283243027692018998,10079048894251735585,9082294608158945152,af9df31b418f6d884bb83316866ac570006c8b25eb8f398e6798865695cb6aee,25,True
looping,10,3,LeCaR-inspired,LeCaR,3000,0,3000,0.0,1.0,0.0,2163,-38.69625520110957,loss,0.005675565999808896,0.0,,0,7283243027692018998,10079048894251735585,9082294608158945152,af9df31b418f6d884bb83316866ac570006c8b25eb8f398e6798865695cb6aee,25,True
looping,10,3,RL-Windowed,RL-Adaptive (windowed),3000,837,2163,0.279,0.721,100.0,2163,0.0,tie,0.0033531250001033186,0.090400621000299,"{""FIFO"": 0, ""LFU"": 0, ""LRU"": 0, ""MRU"": 60}",2,7283243027692018998,10079048894251735585,9082294608158945152,af9df31b418f6d884bb83316866ac570006c8b25eb8f398e6798865695cb6aee,25,True
looping,10,3,RL-FixedCommit-20,RL-Adaptive (per-eviction),3000,837,2163,0.279,0.721,100.0,2163,0.0,tie,0.003925416999663867,0.13589641100043082,"{""FIFO"": 0, ""LFU"": 0, ""LRU"": 0, ""MRU"": 2153}",1,7283243027692018998,10079048894251735585,9082294608158945152,af9df31b418f6d884bb83316866ac570006c8b25eb8f398e6798865695cb6aee,25,True
looping,10,4,FIFO,FIFO,3000,0,3000,0.0,1.0,0.0,2163,-38.69625520110957,loss,0.0033096990000558435,0.0,,0,3716254645054518530,6684863562634725967,16796672573929133427,af9df31b418f6d884bb83316866ac570006c8b25eb8f398e6798865695cb6aee,25,True
looping,10,4,LRU,LRU,3000,0,3000,0.0,1.0,0.0,2163,-38.69625520110957,loss,0.004046539000228222,0.0,,0,3716254645054518530,6684863562634725967,16796672573929133427,af9df31b418f6d884bb83316866ac570006c8b25eb8f398e6798865695cb6aee,25,True
looping,10,4,LFU,LFU,3000,0,3000,0.0,1.0,0.0,2163,-38.69625520110957,loss,0.004196525999759615,0.0,,0,3716254645054518530,6684863562634725967,16796672573929133427,af9df31b418f6d884bb83316866ac570006c8b25eb8f398e6798865695cb6aee,25,True
looping,10,4,MRU,MRU,3000,837,2163,0.279,0.721,100.0,2163,0.0,tie,0.0029932719999123947,0.0,,0,3716254645054518530,6684863562634725967,16796672573929133427,af9df31b418f6d884bb83316866ac570006c8b25eb8f398e6798865695cb6aee,25,True
looping,10,4,OPT,OPT,3000,837,2163,0.279,0.721,100.0,2163,0.0,tie,0.0032694580004317686,0.0,,0,3716254645054518530,6684863562634725967,16796672573929133427,af9df31b418f6d884bb83316866ac570006c8b25eb8f398e6798865695cb6aee,25,True
looping,10,4,LeCaR-inspired,LeCaR,3000,0,3000,0.0,1.0,0.0,2163,-38.69625520110957,loss,0.005831911000313994,0.0,,0,3716254645054518530,6684863562634725967,16796672573929133427,af9df31b418f6d884bb83316866ac570006c8b25eb8f398e6798865695cb6aee,25,True
looping,10,4,RL-Windowed,RL-Adaptive (windowed),3000,837,2163,0.279,0.721,100.0,2163,0.0,tie,0.00356046700017032,0.09759366299931571,"{""FIFO"": 0, ""LFU"": 0, ""LRU"": 0, ""MRU"": 60}",2,3716254645054518530,6684863562634725967,16796672573929133427,af9df31b418f6d884bb83316866ac570006c8b25eb8f398e6798865695cb6aee,25,True
looping,10,4,RL-FixedCommit-20,RL-Adaptive (per-eviction),3000,837,2163,0.279,0.721,100.0,2163,0.0,tie,0.003977084999860381,0.14035321899973496,"{""FIFO"": 0, ""LFU"": 0, ""LRU"": 0, ""MRU"": 2153}",1,3716254645054518530,6684863562634725967,16796672573929133427,af9df31b418f6d884bb83316866ac570006c8b25eb8f398e6798865695cb6aee,25,True
looping,10,5,FIFO,FIFO,3000,0,3000,0.0,1.0,0.0,2163,-38.69625520110957,loss,0.003082326999901852,0.0,,0,10447825919995985294,7223116969223866713,18251062894391539934,af9df31b418f6d884bb83316866ac570006c8b25eb8f398e6798865695cb6aee,25,True
looping,10,5,LRU,LRU,3000,0,3000,0.0,1.0,0.0,2163,-38.69625520110957,loss,0.0031665839997003786,0.0,,0,10447825919995985294,7223116969223866713,18251062894391539934,af9df31b418f6d884bb83316866ac570006c8b25eb8f398e6798865695cb6aee,25,True
looping,10,5,LFU,LFU,3000,0,3000,0.0,1.0,0.0,2163,-38.69625520110957,loss,0.004354232999503438,0.0,,0,10447825919995985294,7223116969223866713,18251062894391539934,af9df31b418f6d884bb83316866ac570006c8b25eb8f398e6798865695cb6aee,25,True
looping,10,5,MRU,MRU,3000,837,2163,0.279,0.721,100.0,2163,0.0,tie,0.0025001490002978244,0.0,,0,10447825919995985294,7223116969223866713,18251062894391539934,af9df31b418f6d884bb83316866ac570006c8b25eb8f398e6798865695cb6aee,25,True
looping,10,5,OPT,OPT,3000,837,2163,0.279,0.721,100.0,2163,0.0,tie,0.0035955200000898913,0.0,,0,10447825919995985294,7223116969223866713,18251062894391539934,af9df31b418f6d884bb83316866ac570006c8b25eb8f398e6798865695cb6aee,25,True
looping,10,5,LeCaR-inspired,LeCaR,3000,0,3000,0.0,1.0,0.0,2163,-38.69625520110957,loss,0.006071972999961872,0.0,,0,10447825919995985294,7223116969223866713,18251062894391539934,af9df31b418f6d884bb83316866ac570006c8b25eb8f398e6798865695cb6aee,25,True
looping,10,5,RL-Windowed,RL-Adaptive (windowed),3000,828,2172,0.276,0.724,98.9247311827957,2163,-0.4160887656033287,loss,0.003721109000252909,0.09544831899984274,"{""FIFO"": 0, ""LFU"": 1, ""LRU"": 0, ""MRU"": 59}",2,10447825919995985294,7223116969223866713,18251062894391539934,af9df31b418f6d884bb83316866ac570006c8b25eb8f398e6798865695cb6aee,25,True
looping,10,5,RL-FixedCommit-20,RL-Adaptive (per-eviction),3000,837,2163,0.279,0.721,100.0,2163,0.0,tie,0.004456308000044373,0.14136185400002432,"{""FIFO"": 0, ""LFU"": 0, ""LRU"": 0, ""MRU"": 2153}",1,10447825919995985294,7223116969223866713,18251062894391539934,af9df31b418f6d884bb83316866ac570006c8b25eb8f398e6798865695cb6aee,25,True
looping,10,6,FIFO,FIFO,3000,0,3000,0.0,1.0,0.0,2163,-38.69625520110957,loss,0.0041818139998213155,0.0,,0,15554329986747002259,5861939682205000659,15937001724186738204,af9df31b418f6d884bb83316866ac570006c8b25eb8f398e6798865695cb6aee,25,True
looping,10,6,LRU,LRU,3000,0,3000,0.0,1.0,0.0,2163,-38.69625520110957,loss,0.003534898999532743,0.0,,0,15554329986747002259,5861939682205000659,15937001724186738204,af9df31b418f6d884bb83316866ac570006c8b25eb8f398e6798865695cb6aee,25,True
looping,10,6,LFU,LFU,3000,0,3000,0.0,1.0,0.0,2163,-38.69625520110957,loss,0.00434345800022129,0.0,,0,15554329986747002259,5861939682205000659,15937001724186738204,af9df31b418f6d884bb83316866ac570006c8b25eb8f398e6798865695cb6aee,25,True
looping,10,6,MRU,MRU,3000,837,2163,0.279,0.721,100.0,2163,0.0,tie,0.0026339599999118946,0.0,,0,15554329986747002259,5861939682205000659,15937001724186738204,af9df31b418f6d884bb83316866ac570006c8b25eb8f398e6798865695cb6aee,25,True
looping,10,6,OPT,OPT,3000,837,2163,0.279,0.721,100.0,2163,0.0,tie,0.0036695709995910875,0.0,,0,15554329986747002259,5861939682205000659,15937001724186738204,af9df31b418f6d884bb83316866ac570006c8b25eb8f398e6798865695cb6aee,25,True
looping,10,6,LeCaR-inspired,LeCaR,3000,0,3000,0.0,1.0,0.0,2163,-38.69625520110957,loss,0.0063830019998931675,0.0,,0,15554329986747002259,5861939682205000659,15937001724186738204,af9df31b418f6d884bb83316866ac570006c8b25eb8f398e6798865695cb6aee,25,True
looping,10,6,RL-Windowed,RL-Adaptive (windowed),3000,828,2172,0.276,0.724,98.9247311827957,2163,-0.4160887656033287,loss,0.004087592000360019,0.09712302400021144,"{""FIFO"": 0, ""LFU"": 0, ""LRU"": 1, ""MRU"": 59}",2,15554329986747002259,5861939682205000659,15937001724186738204,af9df31b418f6d884bb83316866ac570006c8b25eb8f398e6798865695cb6aee,25,True
looping,10,6,RL-FixedCommit-20,RL-Adaptive (per-eviction),3000,837,2163,0.279,0.721,100.0,2163,0.0,tie,0.003977254999881552,0.12589844000012818,"{""FIFO"": 0, ""LFU"": 0, ""LRU"": 0, ""MRU"": 2153}",1,15554329986747002259,5861939682205000659,15937001724186738204,af9df31b418f6d884bb83316866ac570006c8b25eb8f398e6798865695cb6aee,25,True
looping,10,7,FIFO,FIFO,3000,0,3000,0.0,1.0,0.0,2163,-38.69625520110957,loss,0.0030354260006788536,0.0,,0,15177096086817970710,17575094424305188176,6811831629985665921,af9df31b418f6d884bb83316866ac570006c8b25eb8f398e6798865695cb6aee,25,True
looping,10,7,LRU,LRU,3000,0,3000,0.0,1.0,0.0,2163,-38.69625520110957,loss,0.0032467450000694953,0.0,,0,15177096086817970710,17575094424305188176,6811831629985665921,af9df31b418f6d884bb83316866ac570006c8b25eb8f398e6798865695cb6aee,25,True
looping,10,7,LFU,LFU,3000,0,3000,0.0,1.0,0.0,2163,-38.69625520110957,loss,0.003962662999583699,0.0,,0,15177096086817970710,17575094424305188176,6811831629985665921,af9df31b418f6d884bb83316866ac570006c8b25eb8f398e6798865695cb6aee,25,True
looping,10,7,MRU,MRU,3000,837,2163,0.279,0.721,100.0,2163,0.0,tie,0.0024190869999074494,0.0,,0,15177096086817970710,17575094424305188176,6811831629985665921,af9df31b418f6d884bb83316866ac570006c8b25eb8f398e6798865695cb6aee,25,True
looping,10,7,OPT,OPT,3000,837,2163,0.279,0.721,100.0,2163,0.0,tie,0.00347283500013873,0.0,,0,15177096086817970710,17575094424305188176,6811831629985665921,af9df31b418f6d884bb83316866ac570006c8b25eb8f398e6798865695cb6aee,25,True
looping,10,7,LeCaR-inspired,LeCaR,3000,0,3000,0.0,1.0,0.0,2163,-38.69625520110957,loss,0.005588615000306163,0.0,,0,15177096086817970710,17575094424305188176,6811831629985665921,af9df31b418f6d884bb83316866ac570006c8b25eb8f398e6798865695cb6aee,25,True
looping,10,7,RL-Windowed,RL-Adaptive (windowed),3000,828,2172,0.276,0.724,98.9247311827957,2163,-0.4160887656033287,loss,0.004557489000035275,0.09054146200014657,"{""FIFO"": 1, ""LFU"": 0, ""LRU"": 0, ""MRU"": 59}",2,15177096086817970710,17575094424305188176,6811831629985665921,af9df31b418f6d884bb83316866ac570006c8b25eb8f398e6798865695cb6aee,25,True
looping,10,7,RL-FixedCommit-20,RL-Adaptive (per-eviction),3000,837,2163,0.279,0.721,100.0,2163,0.0,tie,0.0037752110001747496,0.14001828400068916,"{""FIFO"": 0, ""LFU"": 0, ""LRU"": 0, ""MRU"": 2153}",1,15177096086817970710,17575094424305188176,6811831629985665921,af9df31b418f6d884bb83316866ac570006c8b25eb8f398e6798865695cb6aee,25,True
looping,10,8,FIFO,FIFO,3000,0,3000,0.0,1.0,0.0,2163,-38.69625520110957,loss,0.0031854220005698153,0.0,,0,16519217717686200985,16946075607272909734,15744468324275009642,af9df31b418f6d884bb83316866ac570006c8b25eb8f398e6798865695cb6aee,25,True
looping,10,8,LRU,LRU,3000,0,3000,0.0,1.0,0.0,2163,-38.69625520110957,loss,0.005396845000177564,0.0,,0,16519217717686200985,16946075607272909734,15744468324275009642,af9df31b418f6d884bb83316866ac570006c8b25eb8f398e6798865695cb6aee,25,True
looping,10,8,LFU,LFU,3000,0,3000,0.0,1.0,0.0,2163,-38.69625520110957,loss,0.0047364390002258006,0.0,,0,16519217717686200985,16946075607272909734,15744468324275009642,af9df31b418f6d884bb83316866ac570006c8b25eb8f398e6798865695cb6aee,25,True
looping,10,8,MRU,MRU,3000,837,2163,0.279,0.721,100.0,2163,0.0,tie,0.0024381650000577793,0.0,,0,16519217717686200985,16946075607272909734,15744468324275009642,af9df31b418f6d884bb83316866ac570006c8b25eb8f398e6798865695cb6aee,25,True
looping,10,8,OPT,OPT,3000,837,2163,0.279,0.721,100.0,2163,0.0,tie,0.0032236189999821363,0.0,,0,16519217717686200985,16946075607272909734,15744468324275009642,af9df31b418f6d884bb83316866ac570006c8b25eb8f398e6798865695cb6aee,25,True
looping,10,8,LeCaR-inspired,LeCaR,3000,0,3000,0.0,1.0,0.0,2163,-38.69625520110957,loss,0.006483504000243556,0.0,,0,16519217717686200985,16946075607272909734,15744468324275009642,af9df31b418f6d884bb83316866ac570006c8b25eb8f398e6798865695cb6aee,25,True
looping,10,8,RL-Windowed,RL-Adaptive (windowed),3000,837,2163,0.279,0.721,100.0,2163,0.0,tie,0.0044216149999556364,0.09511481600020488,"{""FIFO"": 0, ""LFU"": 0, ""LRU"": 0, ""MRU"": 60}",2,16519217717686200985,16946075607272909734,15744468324275009642,af9df31b418f6d884bb83316866ac570006c8b25eb8f398e6798865695cb6aee,25,True
looping,10,8,RL-FixedCommit-20,RL-Adaptive (per-eviction),3000,837,2163,0.279,0.721,100.0,2163,0.0,tie,0.0042126799999095965,0.14828167100040446,"{""FIFO"": 0, ""LFU"": 0, ""LRU"": 0, ""MRU"": 2153}",1,16519217717686200985,16946075607272909734,15744468324275009642,af9df31b418f6d884bb83316866ac570006c8b25eb8f398e6798865695cb6aee,25,True
looping,10,9,FIFO,FIFO,3000,0,3000,0.0,1.0,0.0,2163,-38.69625520110957,loss,0.003507958000227518,0.0,,0,15170107347423629164,11479268476865684775,17875655225067161016,af9df31b418f6d884bb83316866ac570006c8b25eb8f398e6798865695cb6aee,25,True
looping,10,9,LRU,LRU,3000,0,3000,0.0,1.0,0.0,2163,-38.69625520110957,loss,0.0033575720008229837,0.0,,0,15170107347423629164,11479268476865684775,17875655225067161016,af9df31b418f6d884bb83316866ac570006c8b25eb8f398e6798865695cb6aee,25,True
looping,10,9,LFU,LFU,3000,0,3000,0.0,1.0,0.0,2163,-38.69625520110957,loss,0.00435284099967248,0.0,,0,15170107347423629164,11479268476865684775,17875655225067161016,af9df31b418f6d884bb83316866ac570006c8b25eb8f398e6798865695cb6aee,25,True
looping,10,9,MRU,MRU,3000,837,2163,0.279,0.721,100.0,2163,0.0,tie,0.002412406000075862,0.0,,0,15170107347423629164,11479268476865684775,17875655225067161016,af9df31b418f6d884bb83316866ac570006c8b25eb8f398e6798865695cb6aee,25,True
looping,10,9,OPT,OPT,3000,837,2163,0.279,0.721,100.0,2163,0.0,tie,0.003205832000276132,0.0,,0,15170107347423629164,11479268476865684775,17875655225067161016,af9df31b418f6d884bb83316866ac570006c8b25eb8f398e6798865695cb6aee,25,True
looping,10,9,LeCaR-inspired,LeCaR,3000,0,3000,0.0,1.0,0.0,2163,-38.69625520110957,loss,0.00647247699998843,0.0,,0,15170107347423629164,11479268476865684775,17875655225067161016,af9df31b418f6d884bb83316866ac570006c8b25eb8f398e6798865695cb6aee,25,True
looping,10,9,RL-Windowed,RL-Adaptive (windowed),3000,828,2172,0.276,0.724,98.9247311827957,2163,-0.4160887656033287,loss,0.00401732600039395,0.1013215630000559,"{""FIFO"": 0, ""LFU"": 0, ""LRU"": 1, ""MRU"": 59}",2,15170107347423629164,11479268476865684775,17875655225067161016,af9df31b418f6d884bb83316866ac570006c8b25eb8f398e6798865695cb6aee,25,True
looping,10,9,RL-FixedCommit-20,RL-Adaptive (per-eviction),3000,837,2163,0.279,0.721,100.0,2163,0.0,tie,0.003677864000565023,0.13792780299991136,"{""FIFO"": 0, ""LFU"": 0, ""LRU"": 0, ""MRU"": 2153}",1,15170107347423629164,11479268476865684775,17875655225067161016,af9df31b418f6d884bb83316866ac570006c8b25eb8f398e6798865695cb6aee,25,True
looping,20,0,FIFO,FIFO,3000,0,3000,0.0,1.0,0.0,1233,-143.30900243309003,loss,0.00465374499981408,0.0,,0,999999,42,0,af9df31b418f6d884bb83316866ac570006c8b25eb8f398e6798865695cb6aee,25,True
looping,20,0,LRU,LRU,3000,0,3000,0.0,1.0,0.0,1233,-143.30900243309003,loss,0.004542065999885381,0.0,,0,999999,42,0,af9df31b418f6d884bb83316866ac570006c8b25eb8f398e6798865695cb6aee,25,True
looping,20,0,LFU,LFU,3000,0,3000,0.0,1.0,0.0,1233,-143.30900243309003,loss,0.0073673260003488394,0.0,,0,999999,42,0,af9df31b418f6d884bb83316866ac570006c8b25eb8f398e6798865695cb6aee,25,True
looping,20,0,MRU,MRU,3000,1767,1233,0.589,0.411,100.0,1233,0.0,tie,0.002386016999480489,0.0,,0,999999,42,0,af9df31b418f6d884bb83316866ac570006c8b25eb8f398e6798865695cb6aee,25,True
looping,20,0,OPT,OPT,3000,1767,1233,0.589,0.411,100.0,1233,0.0,tie,0.0034651530004339293,0.0,,0,999999,42,0,af9df31b418f6d884bb83316866ac570006c8b25eb8f398e6798865695cb6aee,25,True
looping,20,0,LeCaR-inspired,LeCaR,3000,0,3000,0.0,1.0,0.0,1233,-143.30900243309003,loss,0.008411488999627181,0.0,,0,999999,42,0,af9df31b418f6d884bb83316866ac570006c8b25eb8f398e6798865695cb6aee,25,True
looping,20,0,RL-Windowed,RL-Adaptive (windowed),3000,1748,1252,0.5826666666666667,0.41733333333333333,98.9247311827957,1233,-1.5409570154095702,loss,0.0030847699999867473,0.08410216599986597,"{""FIFO"": 1, ""LFU"": 0, ""LRU"": 0, ""MRU"": 59}",2,999999,42,0,af9df31b418f6d884bb83316866ac570006c8b25eb8f398e6798865695cb6aee,25,True
looping,20,0,RL-FixedCommit-20,RL-Adaptive (per-eviction),3000,1767,1233,0.589,0.411,100.0,1233,0.0,tie,0.0028923499994562007,0.08826350799972715,"{""FIFO"": 0, ""LFU"": 0, ""LRU"": 0, ""MRU"": 1213}",1,999999,42,0,af9df31b418f6d884bb83316866ac570006c8b25eb8f398e6798865695cb6aee,25,True
looping,20,1,FIFO,FIFO,3000,0,3000,0.0,1.0,0.0,1233,-143.30900243309003,loss,0.004396216999339231,0.0,,0,8799092970049070970,17771327585692197403,99572980905330575,af9df31b418f6d884bb83316866ac570006c8b25eb8f398e6798865695cb6aee,25,True
looping,20,1,LRU,LRU,3000,0,3000,0.0,1.0,0.0,1233,-143.30900243309003,loss,0.004188773999885598,0.0,,0,8799092970049070970,17771327585692197403,99572980905330575,af9df31b418f6d884bb83316866ac570006c8b25eb8f398e6798865695cb6aee,25,True
looping,20,1,LFU,LFU,3000,0,3000,0.0,1.0,0.0,1233,-143.30900243309003,loss,0.006057471000531223,0.0,,0,8799092970049070970,17771327585692197403,99572980905330575,af9df31b418f6d884bb83316866ac570006c8b25eb8f398e6798865695cb6aee,25,True
looping,20,1,MRU,MRU,3000,1767,1233,0.589,0.411,100.0,1233,0.0,tie,0.00216991099932784,0.0,,0,8799092970049070970,17771327585692197403,99572980905330575,af9df31b418f6d884bb83316866ac570006c8b25eb8f398e6798865695cb6aee,25,True
looping,20,1,OPT,OPT,3000,1767,1233,0.589,0.411,100.0,1233,0.0,tie,0.0034827099998437916,0.0,,0,8799092970049070970,17771327585692197403,99572980905330575,af9df31b418f6d884bb83316866ac570006c8b25eb8f398e6798865695cb6aee,25,True
looping,20,1,LeCaR-inspired,LeCaR,3000,0,3000,0.0,1.0,0.0,1233,-143.30900243309003,loss,0.008489236000059464,0.0,,0,8799092970049070970,17771327585692197403,99572980905330575,af9df31b418f6d884bb83316866ac570006c8b25eb8f398e6798865695cb6aee,25,True
looping,20,1,RL-Windowed,RL-Adaptive (windowed),3000,1748,1252,0.5826666666666667,0.41733333333333333,98.9247311827957,1233,-1.5409570154095702,loss,0.0030950059999668156,0.08372310400045535,"{""FIFO"": 0, ""LFU"": 0, ""LRU"": 1, ""MRU"": 59}",2,8799092970049070970,17771327585692197403,99572980905330575,af9df31b418f6d884bb83316866ac570006c8b25eb8f398e6798865695cb6aee,25,True
looping,20,1,RL-FixedCommit-20,RL-Adaptive (per-eviction),3000,1767,1233,0.589,0.411,100.0,1233,0.0,tie,0.0028714780000882456,0.0897869050004374,"{""FIFO"": 0, ""LFU"": 0, ""LRU"": 0, ""MRU"": 1213}",1,8799092970049070970,17771327585692197403,99572980905330575,af9df31b418f6d884bb83316866ac570006c8b25eb8f398e6798865695cb6aee,25,True
looping,20,2,FIFO,FIFO,3000,0,3000,0.0,1.0,0.0,1233,-143.30900243309003,loss,0.004643379999833996,0.0,,0,17398478001489262390,1974084707142826050,3909086558387047501,af9df31b418f6d884bb83316866ac570006c8b25eb8f398e6798865695cb6aee,25,True
looping,20,2,LRU,LRU,3000,0,3000,0.0,1.0,0.0,1233,-143.30900243309003,loss,0.00495935599974473,0.0,,0,17398478001489262390,1974084707142826050,3909086558387047501,af9df31b418f6d884bb83316866ac570006c8b25eb8f398e6798865695cb6aee,25,True
looping,20,2,LFU,LFU,3000,0,3000,0.0,1.0,0.0,1233,-143.30900243309003,loss,0.006311493999419326,0.0,,0,17398478001489262390,1974084707142826050,3909086558387047501,af9df31b418f6d884bb83316866ac570006c8b25eb8f398e6798865695cb6aee,25,True
looping,20,2,MRU,MRU,3000,1767,1233,0.589,0.411,100.0,1233,0.0,tie,0.002098273000228801,0.0,,0,17398478001489262390,1974084707142826050,3909086558387047501,af9df31b418f6d884bb83316866ac570006c8b25eb8f398e6798865695cb6aee,25,True
looping,20,2,OPT,OPT,3000,1767,1233,0.589,0.411,100.0,1233,0.0,tie,0.0033674859996608575,0.0,,0,17398478001489262390,1974084707142826050,3909086558387047501,af9df31b418f6d884bb83316866ac570006c8b25eb8f398e6798865695cb6aee,25,True
looping,20,2,LeCaR-inspired,LeCaR,3000,0,3000,0.0,1.0,0.0,1233,-143.30900243309003,loss,0.008213451000301575,0.0,,0,17398478001489262390,1974084707142826050,3909086558387047501,af9df31b418f6d884bb83316866ac570006c8b25eb8f398e6798865695cb6aee,25,True
looping,20,2,RL-Windowed,RL-Adaptive (windowed),3000,1767,1233,0.589,0.411,100.0,1233,0.0,tie,0.003048646000024746,0.08031645899973228,"{""FIFO"": 0, ""LFU"": 0, ""LRU"": 0, ""MRU"": 60}",2,17398478001489262390,1974084707142826050,3909086558387047501,af9df31b418f6d884bb83316866ac570006c8b25eb8f398e6798865695cb6aee,25,True
looping,20,2,RL-FixedCommit-20,RL-Adaptive (per-eviction),3000,1767,1233,0.589,0.411,100.0,1233,0.0,tie,0.003177749999849766,0.08747162500003469,"{""FIFO"": 0, ""LFU"": 0, ""LRU"": 0, ""MRU"": 1213}",1,17398478001489262390,1974084707142826050,3909086558387047501,af9df31b418f6d884bb83316866ac570006c8b25eb8f398e6798865695cb6aee,25,True
looping,20,3,FIFO,FIFO,3000,0,3000,0.0,1.0,0.0,1233,-143.30900243309003,loss,0.004140662000281736,0.0,,0,7283243027692018998,10079048894251735585,9082294608158945152,af9df31b418f6d884bb83316866ac570006c8b25eb8f398e6798865695cb6aee,25,True
looping,20,3,LRU,LRU,3000,0,3000,0.0,1.0,0.0,1233,-143.30900243309003,loss,0.004138168000281439,0.0,,0,7283243027692018998,10079048894251735585,9082294608158945152,af9df31b418f6d884bb83316866ac570006c8b25eb8f398e6798865695cb6aee,25,True
looping,20,3,LFU,LFU,3000,0,3000,0.0,1.0,0.0,1233,-143.30900243309003,loss,0.006275218999689969,0.0,,0,7283243027692018998,10079048894251735585,9082294608158945152,af9df31b418f6d884bb83316866ac570006c8b25eb8f398e6798865695cb6aee,25,True
looping,20,3,MRU,MRU,3000,1767,1233,0.589,0.411,100.0,1233,0.0,tie,0.0020465750003495486,0.0,,0,7283243027692018998,10079048894251735585,9082294608158945152,af9df31b418f6d884bb83316866ac570006c8b25eb8f398e6798865695cb6aee,25,True
looping,20,3,OPT,OPT,3000,1767,1233,0.589,0.411,100.0,1233,0.0,tie,0.0032582309995632386,0.0,,0,7283243027692018998,10079048894251735585,9082294608158945152,af9df31b418f6d884bb83316866ac570006c8b25eb8f398e6798865695cb6aee,25,True
looping,20,3,LeCaR-inspired,LeCaR,3000,0,3000,0.0,1.0,0.0,1233,-143.30900243309003,loss,0.008104476999506005,0.0,,0,7283243027692018998,10079048894251735585,9082294608158945152,af9df31b418f6d884bb83316866ac570006c8b25eb8f398e6798865695cb6aee,25,True
looping,20,3,RL-Windowed,RL-Adaptive (windowed),3000,1767,1233,0.589,0.411,100.0,1233,0.0,tie,0.003292754000540299,0.08169549800004461,"{""FIFO"": 0, ""LFU"": 0, ""LRU"": 0, ""MRU"": 60}",2,7283243027692018998,10079048894251735585,9082294608158945152,af9df31b418f6d884bb83316866ac570006c8b25eb8f398e6798865695cb6aee,25,True
looping,20,3,RL-FixedCommit-20,RL-Adaptive (per-eviction),3000,1767,1233,0.589,0.411,100.0,1233,0.0,tie,0.00320741499945143,0.09680272100013099,"{""FIFO"": 0, ""LFU"": 0, ""LRU"": 0, ""MRU"": 1213}",1,7283243027692018998,10079048894251735585,9082294608158945152,af9df31b418f6d884bb83316866ac570006c8b25eb8f398e6798865695cb6aee,25,True
looping,20,4,FIFO,FIFO,3000,0,3000,0.0,1.0,0.0,1233,-143.30900243309003,loss,0.004171437999502814,0.0,,0,3716254645054518530,6684863562634725967,16796672573929133427,af9df31b418f6d884bb83316866ac570006c8b25eb8f398e6798865695cb6aee,25,True
looping,20,4,LRU,LRU,3000,0,3000,0.0,1.0,0.0,1233,-143.30900243309003,loss,0.004254241999660735,0.0,,0,3716254645054518530,6684863562634725967,16796672573929133427,af9df31b418f6d884bb83316866ac570006c8b25eb8f398e6798865695cb6aee,25,True
looping,20,4,LFU,LFU,3000,0,3000,0.0,1.0,0.0,1233,-143.30900243309003,loss,0.006115037999734341,0.0,,0,3716254645054518530,6684863562634725967,16796672573929133427,af9df31b418f6d884bb83316866ac570006c8b25eb8f398e6798865695cb6aee,25,True
looping,20,4,MRU,MRU,3000,1767,1233,0.589,0.411,100.0,1233,0.0,tie,0.002065453999421152,0.0,,0,3716254645054518530,6684863562634725967,16796672573929133427,af9df31b418f6d884bb83316866ac570006c8b25eb8f398e6798865695cb6aee,25,True
looping,20,4,OPT,OPT,3000,1767,1233,0.589,0.411,100.0,1233,0.0,tie,0.0032878960000743973,0.0,,0,3716254645054518530,6684863562634725967,16796672573929133427,af9df31b418f6d884bb83316866ac570006c8b25eb8f398e6798865695cb6aee,25,True
looping,20,4,LeCaR-inspired,LeCaR,3000,0,3000,0.0,1.0,0.0,1233,-143.30900243309003,loss,0.00861292300032801,0.0,,0,3716254645054518530,6684863562634725967,16796672573929133427,af9df31b418f6d884bb83316866ac570006c8b25eb8f398e6798865695cb6aee,25,True
looping,20,4,RL-Windowed,RL-Adaptive (windowed),3000,1767,1233,0.589,0.411,100.0,1233,0.0,tie,0.003167945000313921,0.08441362600024149,"{""FIFO"": 0, ""LFU"": 0, ""LRU"": 0, ""MRU"": 60}",2,3716254645054518530,6684863562634725967,16796672573929133427,af9df31b418f6d884bb83316866ac570006c8b25eb8f398e6798865695cb6aee,25,True
looping,20,4,RL-FixedCommit-20,RL-Adaptive (per-eviction),3000,1767,1233,0.589,0.411,100.0,1233,0.0,tie,0.00289418200009095,0.09708553699965705,"{""FIFO"": 0, ""LFU"": 0, ""LRU"": 0, ""MRU"": 1213}",1,3716254645054518530,6684863562634725967,16796672573929133427,af9df31b418f6d884bb83316866ac570006c8b25eb8f398e6798865695cb6aee,25,True
looping,20,5,FIFO,FIFO,3000,0,3000,0.0,1.0,0.0,1233,-143.30900243309003,loss,0.004154012000071816,0.0,,0,10447825919995985294,7223116969223866713,18251062894391539934,af9df31b418f6d884bb83316866ac570006c8b25eb8f398e6798865695cb6aee,25,True
looping,20,5,LRU,LRU,3000,0,3000,0.0,1.0,0.0,1233,-143.30900243309003,loss,0.004128352999941853,0.0,,0,10447825919995985294,7223116969223866713,18251062894391539934,af9df31b418f6d884bb83316866ac570006c8b25eb8f398e6798865695cb6aee,25,True
looping,20,5,LFU,LFU,3000,0,3000,0.0,1.0,0.0,1233,-143.30900243309003,loss,0.006009167999764031,0.0,,0,10447825919995985294,7223116969223866713,18251062894391539934,af9df31b418f6d884bb83316866ac570006c8b25eb8f398e6798865695cb6aee,25,True
looping,20,5,MRU,MRU,3000,1767,1233,0.589,0.411,100.0,1233,0.0,tie,0.0020611270001609228,0.0,,0,10447825919995985294,7223116969223866713,18251062894391539934,af9df31b418f6d884bb83316866ac570006c8b25eb8f398e6798865695cb6aee,25,True
looping,20,5,OPT,OPT,3000,1767,1233,0.589,0.411,100.0,1233,0.0,tie,0.0033416269998269854,0.0,,0,10447825919995985294,7223116969223866713,18251062894391539934,af9df31b418f6d884bb83316866ac570006c8b25eb8f398e6798865695cb6aee,25,True
looping,20,5,LeCaR-inspired,LeCaR,3000,0,3000,0.0,1.0,0.0,1233,-143.30900243309003,loss,0.008483698999953049,0.0,,0,10447825919995985294,7223116969223866713,18251062894391539934,af9df31b418f6d884bb83316866ac570006c8b25eb8f398e6798865695cb6aee,25,True
looping,20,5,RL-Windowed,RL-Adaptive (windowed),3000,1748,1252,0.5826666666666667,0.41733333333333333,98.9247311827957,1233,-1.5409570154095702,loss,0.0031014960004540626,0.08040689499921427,"{""FIFO"": 0, ""LFU"": 1, ""LRU"": 0, ""MRU"": 59}",2,10447825919995985294,7223116969223866713,18251062894391539934,af9df31b418f6d884bb83316866ac570006c8b25eb8f398e6798865695cb6aee,25,True
looping,20,5,RL-FixedCommit-20,RL-Adaptive (per-eviction),3000,1767,1233,0.589,0.411,100.0,1233,0.0,tie,0.0044125009999334,0.09248683500027255,"{""FIFO"": 0, ""LFU"": 0, ""LRU"": 0, ""MRU"": 1213}",1,10447825919995985294,7223116969223866713,18251062894391539934,af9df31b418f6d884bb83316866ac570006c8b25eb8f398e6798865695cb6aee,25,True
looping,20,6,FIFO,FIFO,3000,0,3000,0.0,1.0,0.0,1233,-143.30900243309003,loss,0.004345521000686858,0.0,,0,15554329986747002259,5861939682205000659,15937001724186738204,af9df31b418f6d884bb83316866ac570006c8b25eb8f398e6798865695cb6aee,25,True
looping,20,6,LRU,LRU,3000,0,3000,0.0,1.0,0.0,1233,-143.30900243309003,loss,0.004389757000353711,0.0,,0,15554329986747002259,5861939682205000659,15937001724186738204,af9df31b418f6d884bb83316866ac570006c8b25eb8f398e6798865695cb6aee,25,True
looping,20,6,LFU,LFU,3000,0,3000,0.0,1.0,0.0,1233,-143.30900243309003,loss,0.006317823000244971,0.0,,0,15554329986747002259,5861939682205000659,15937001724186738204,af9df31b418f6d884bb83316866ac570006c8b25eb8f398e6798865695cb6aee,25,True
looping,20,6,MRU,MRU,3000,1767,1233,0.589,0.411,100.0,1233,0.0,tie,0.0022334870000122464,0.0,,0,15554329986747002259,5861939682205000659,15937001724186738204,af9df31b418f6d884bb83316866ac570006c8b25eb8f398e6798865695cb6aee,25,True
looping,20,6,OPT,OPT,3000,1767,1233,0.589,0.411,100.0,1233,0.0,tie,0.003276359000665252,0.0,,0,15554329986747002259,5861939682205000659,15937001724186738204,af9df31b418f6d884bb83316866ac570006c8b25eb8f398e6798865695cb6aee,25,True
looping,20,6,LeCaR-inspired,LeCaR,3000,0,3000,0.0,1.0,0.0,1233,-143.30900243309003,loss,0.00936539700069261,0.0,,0,15554329986747002259,5861939682205000659,15937001724186738204,af9df31b418f6d884bb83316866ac570006c8b25eb8f398e6798865695cb6aee,25,True
looping,20,6,RL-Windowed,RL-Adaptive (windowed),3000,1748,1252,0.5826666666666667,0.41733333333333333,98.9247311827957,1233,-1.5409570154095702,loss,0.0032645410001350683,0.08372784099992714,"{""FIFO"": 0, ""LFU"": 0, ""LRU"": 1, ""MRU"": 59}",2,15554329986747002259,5861939682205000659,15937001724186738204,af9df31b418f6d884bb83316866ac570006c8b25eb8f398e6798865695cb6aee,25,True
looping,20,6,RL-FixedCommit-20,RL-Adaptive (per-eviction),3000,1767,1233,0.589,0.411,100.0,1233,0.0,tie,0.0028821339992646244,0.09474635100013984,"{""FIFO"": 0, ""LFU"": 0, ""LRU"": 0, ""MRU"": 1213}",1,15554329986747002259,5861939682205000659,15937001724186738204,af9df31b418f6d884bb83316866ac570006c8b25eb8f398e6798865695cb6aee,25,True
looping,20,7,FIFO,FIFO,3000,0,3000,0.0,1.0,0.0,1233,-143.30900243309003,loss,0.004821688000447466,0.0,,0,15177096086817970710,17575094424305188176,6811831629985665921,af9df31b418f6d884bb83316866ac570006c8b25eb8f398e6798865695cb6aee,25,True
looping,20,7,LRU,LRU,3000,0,3000,0.0,1.0,0.0,1233,-143.30900243309003,loss,0.004413182000462257,0.0,,0,15177096086817970710,17575094424305188176,6811831629985665921,af9df31b418f6d884bb83316866ac570006c8b25eb8f398e6798865695cb6aee,25,True
looping,20,7,LFU,LFU,3000,0,3000,0.0,1.0,0.0,1233,-143.30900243309003,loss,0.006204994000654551,0.0,,0,15177096086817970710,17575094424305188176,6811831629985665921,af9df31b418f6d884bb83316866ac570006c8b25eb8f398e6798865695cb6aee,25,True
looping,20,7,MRU,MRU,3000,1767,1233,0.589,0.411,100.0,1233,0.0,tie,0.0023316649994740146,0.0,,0,15177096086817970710,17575094424305188176,6811831629985665921,af9df31b418f6d884bb83316866ac570006c8b25eb8f398e6798865695cb6aee,25,True
looping,20,7,OPT,OPT,3000,1767,1233,0.589,0.411,100.0,1233,0.0,tie,0.003555649999725574,0.0,,0,15177096086817970710,17575094424305188176,6811831629985665921,af9df31b418f6d884bb83316866ac570006c8b25eb8f398e6798865695cb6aee,25,True
looping,20,7,LeCaR-inspired,LeCaR,3000,0,3000,0.0,1.0,0.0,1233,-143.30900243309003,loss,0.008498410999891348,0.0,,0,15177096086817970710,17575094424305188176,6811831629985665921,af9df31b418f6d884bb83316866ac570006c8b25eb8f398e6798865695cb6aee,25,True
looping,20,7,RL-Windowed,RL-Adaptive (windowed),3000,1748,1252,0.5826666666666667,0.41733333333333333,98.9247311827957,1233,-1.5409570154095702,loss,0.004997003000426048,0.08582733599996573,"{""FIFO"": 1, ""LFU"": 0, ""LRU"": 0, ""MRU"": 59}",2,15177096086817970710,17575094424305188176,6811831629985665921,af9df31b418f6d884bb83316866ac570006c8b25eb8f398e6798865695cb6aee,25,True
looping,20,7,RL-FixedCommit-20,RL-Adaptive (per-eviction),3000,1767,1233,0.589,0.411,100.0,1233,0.0,tie,0.004702709000412142,0.1000719690000551,"{""FIFO"": 0, ""LFU"": 0, ""LRU"": 0, ""MRU"": 1213}",1,15177096086817970710,17575094424305188176,6811831629985665921,af9df31b418f6d884bb83316866ac570006c8b25eb8f398e6798865695cb6aee,25,True
looping,20,8,FIFO,FIFO,3000,0,3000,0.0,1.0,0.0,1233,-143.30900243309003,loss,0.004741757000374491,0.0,,0,16519217717686200985,16946075607272909734,15744468324275009642,af9df31b418f6d884bb83316866ac570006c8b25eb8f398e6798865695cb6aee,25,True
looping,20,8,LRU,LRU,3000,0,3000,0.0,1.0,0.0,1233,-143.30900243309003,loss,0.004387183999824629,0.0,,0,16519217717686200985,16946075607272909734,15744468324275009642,af9df31b418f6d884bb83316866ac570006c8b25eb8f398e6798865695cb6aee,25,True
looping,20,8,LFU,LFU,3000,0,3000,0.0,1.0,0.0,1233,-143.30900243309003,loss,0.006325534999632509,0.0,,0,16519217717686200985,16946075607272909734,15744468324275009642,af9df31b418f6d884bb83316866ac570006c8b25eb8f398e6798865695cb6aee,25,True
looping,20,8,MRU,MRU,3000,1767,1233,0.589,0.411,100.0,1233,0.0,tie,0.002169540000068082,0.0,,0,16519217717686200985,16946075607272909734,15744468324275009642,af9df31b418f6d884bb83316866ac570006c8b25eb8f398e6798865695cb6aee,25,True
looping,20,8,OPT,OPT,3000,1767,1233,0.589,0.411,100.0,1233,0.0,tie,0.003545673999724386,0.0,,0,16519217717686200985,16946075607272909734,15744468324275009642,af9df31b418f6d884bb83316866ac570006c8b25eb8f398e6798865695cb6aee,25,True
looping,20,8,LeCaR-inspired,LeCaR,3000,0,3000,0.0,1.0,0.0,1233,-143.30900243309003,loss,0.00841505500011408,0.0,,0,16519217717686200985,16946075607272909734,15744468324275009642,af9df31b418f6d884bb83316866ac570006c8b25eb8f398e6798865695cb6aee,25,True
looping,20,8,RL-Windowed,RL-Adaptive (windowed),3000,1767,1233,0.589,0.411,100.0,1233,0.0,tie,0.0031356970002889284,0.08729836299971794,"{""FIFO"": 0, ""LFU"": 0, ""LRU"": 0, ""MRU"": 60}",2,16519217717686200985,16946075607272909734,15744468324275009642,af9df31b418f6d884bb83316866ac570006c8b25eb8f398e6798865695cb6aee,25,True
looping,20,8,RL-FixedCommit-20,RL-Adaptive (per-eviction),3000,1767,1233,0.589,0.411,100.0,1233,0.0,tie,0.0029876539992983453,0.09183655499964516,"{""FIFO"": 0, ""LFU"": 0, ""LRU"": 0, ""MRU"": 1213}",1,16519217717686200985,16946075607272909734,15744468324275009642,af9df31b418f6d884bb83316866ac570006c8b25eb8f398e6798865695cb6aee,25,True
looping,20,9,FIFO,FIFO,3000,0,3000,0.0,1.0,0.0,1233,-143.30900243309003,loss,0.004360002999419521,0.0,,0,15170107347423629164,11479268476865684775,17875655225067161016,af9df31b418f6d884bb83316866ac570006c8b25eb8f398e6798865695cb6aee,25,True
looping,20,9,LRU,LRU,3000,0,3000,0.0,1.0,0.0,1233,-143.30900243309003,loss,0.004167361000327219,0.0,,0,15170107347423629164,11479268476865684775,17875655225067161016,af9df31b418f6d884bb83316866ac570006c8b25eb8f398e6798865695cb6aee,25,True
looping,20,9,LFU,LFU,3000,0,3000,0.0,1.0,0.0,1233,-143.30900243309003,loss,0.006210382000062964,0.0,,0,15170107347423629164,11479268476865684775,17875655225067161016,af9df31b418f6d884bb83316866ac570006c8b25eb8f398e6798865695cb6aee,25,True
looping,20,9,MRU,MRU,3000,1767,1233,0.589,0.411,100.0,1233,0.0,tie,0.0027906470004381845,0.0,,0,15170107347423629164,11479268476865684775,17875655225067161016,af9df31b418f6d884bb83316866ac570006c8b25eb8f398e6798865695cb6aee,25,True
looping,20,9,OPT,OPT,3000,1767,1233,0.589,0.411,100.0,1233,0.0,tie,0.004052317999594379,0.0,,0,15170107347423629164,11479268476865684775,17875655225067161016,af9df31b418f6d884bb83316866ac570006c8b25eb8f398e6798865695cb6aee,25,True
looping,20,9,LeCaR-inspired,LeCaR,3000,0,3000,0.0,1.0,0.0,1233,-143.30900243309003,loss,0.00923922699985269,0.0,,0,15170107347423629164,11479268476865684775,17875655225067161016,af9df31b418f6d884bb83316866ac570006c8b25eb8f398e6798865695cb6aee,25,True
looping,20,9,RL-Windowed,RL-Adaptive (windowed),3000,1748,1252,0.5826666666666667,0.41733333333333333,98.9247311827957,1233,-1.5409570154095702,loss,0.0032511500003238325,0.08913969999957772,"{""FIFO"": 0, ""LFU"": 0, ""LRU"": 1, ""MRU"": 59}",2,15170107347423629164,11479268476865684775,17875655225067161016,af9df31b418f6d884bb83316866ac570006c8b25eb8f398e6798865695cb6aee,25,True
looping,20,9,RL-FixedCommit-20,RL-Adaptive (per-eviction),3000,1767,1233,0.589,0.411,100.0,1233,0.0,tie,0.0034026889998131082,0.09117501699984132,"{""FIFO"": 0, ""LFU"": 0, ""LRU"": 0, ""MRU"": 1213}",1,15170107347423629164,11479268476865684775,17875655225067161016,af9df31b418f6d884bb83316866ac570006c8b25eb8f398e6798865695cb6aee,25,True
looping,40,0,FIFO,FIFO,3000,2967,33,0.989,0.011,,33,0.0,tie,0.0005913509994570632,0.0,,0,999999,42,0,af9df31b418f6d884bb83316866ac570006c8b25eb8f398e6798865695cb6aee,25,True
looping,40,0,LRU,LRU,3000,2967,33,0.989,0.011,,33,0.0,tie,0.0005606249997072155,0.0,,0,999999,42,0,af9df31b418f6d884bb83316866ac570006c8b25eb8f398e6798865695cb6aee,25,True
looping,40,0,LFU,LFU,3000,2967,33,0.989,0.011,,33,0.0,tie,0.0005687769998985459,0.0,,0,999999,42,0,af9df31b418f6d884bb83316866ac570006c8b25eb8f398e6798865695cb6aee,25,True
looping,40,0,MRU,MRU,3000,2967,33,0.989,0.011,,33,0.0,tie,0.0005872450001334073,0.0,,0,999999,42,0,af9df31b418f6d884bb83316866ac570006c8b25eb8f398e6798865695cb6aee,25,True
looping,40,0,OPT,OPT,3000,2967,33,0.989,0.011,,33,0.0,tie,0.0003633980004451587,0.0,,0,999999,42,0,af9df31b418f6d884bb83316866ac570006c8b25eb8f398e6798865695cb6aee,25,True
looping,40,0,LeCaR-inspired,LeCaR,3000,2967,33,0.989,0.011,,33,0.0,tie,0.000675729000249703,0.0,,0,999999,42,0,af9df31b418f6d884bb83316866ac570006c8b25eb8f398e6798865695cb6aee,25,True
looping,40,0,RL-Windowed,RL-Adaptive (windowed),3000,2967,33,0.989,0.011,,33,0.0,tie,0.001590458000464423,0.040481181000359356,"{""FIFO"": 1, ""LFU"": 0, ""LRU"": 59, ""MRU"": 0}",2,999999,42,0,af9df31b418f6d884bb83316866ac570006c8b25eb8f398e6798865695cb6aee,25,True
looping,40,0,RL-FixedCommit-20,RL-Adaptive (per-eviction),3000,2967,33,0.989,0.011,,33,0.0,tie,0.0006653529999312013,0.016601434999756748,"{""FIFO"": 0, ""LFU"": 0, ""LRU"": 0, ""MRU"": 0}",0,999999,42,0,af9df31b418f6d884bb83316866ac570006c8b25eb8f398e6798865695cb6aee,25,True
looping,40,1,FIFO,FIFO,3000,2967,33,0.989,0.011,,33,0.0,tie,0.0006333149995043641,0.0,,0,8799092970049070970,17771327585692197403,99572980905330575,af9df31b418f6d884bb83316866ac570006c8b25eb8f398e6798865695cb6aee,25,True
looping,40,1,LRU,LRU,3000,2967,33,0.989,0.011,,33,0.0,tie,0.0005888870000489987,0.0,,0,8799092970049070970,17771327585692197403,99572980905330575,af9df31b418f6d884bb83316866ac570006c8b25eb8f398e6798865695cb6aee,25,True
looping,40,1,LFU,LFU,3000,2967,33,0.989,0.011,,33,0.0,tie,0.0006168700001580874,0.0,,0,8799092970049070970,17771327585692197403,99572980905330575,af9df31b418f6d884bb83316866ac570006c8b25eb8f398e6798865695cb6aee,25,True
looping,40,1,MRU,MRU,3000,2967,33,0.989,0.011,,33,0.0,tie,0.000590870999985782,0.0,,0,8799092970049070970,17771327585692197403,99572980905330575,af9df31b418f6d884bb83316866ac570006c8b25eb8f398e6798865695cb6aee,25,True
looping,40,1,OPT,OPT,3000,2967,33,0.989,0.011,,33,0.0,tie,0.00037839000015083,0.0,,0,8799092970049070970,17771327585692197403,99572980905330575,af9df31b418f6d884bb83316866ac570006c8b25eb8f398e6798865695cb6aee,25,True
looping,40,1,LeCaR-inspired,LeCaR,3000,2967,33,0.989,0.011,,33,0.0,tie,0.0006993739998506499,0.0,,0,8799092970049070970,17771327585692197403,99572980905330575,af9df31b418f6d884bb83316866ac570006c8b25eb8f398e6798865695cb6aee,25,True
looping,40,1,RL-Windowed,RL-Adaptive (windowed),3000,2967,33,0.989,0.011,,33,0.0,tie,0.0015613140003551962,0.04234062500017899,"{""FIFO"": 59, ""LFU"": 0, ""LRU"": 1, ""MRU"": 0}",2,8799092970049070970,17771327585692197403,99572980905330575,af9df31b418f6d884bb83316866ac570006c8b25eb8f398e6798865695cb6aee,25,True
looping,40,1,RL-FixedCommit-20,RL-Adaptive (per-eviction),3000,2967,33,0.989,0.011,,33,0.0,tie,0.0007073870001477189,0.01715037200028746,"{""FIFO"": 0, ""LFU"": 0, ""LRU"": 0, ""MRU"": 0}",0,8799092970049070970,17771327585692197403,99572980905330575,af9df31b418f6d884bb83316866ac570006c8b25eb8f398e6798865695cb6aee,25,True
looping,40,2,FIFO,FIFO,3000,2967,33,0.989,0.011,,33,0.0,tie,0.0005695189993275562,0.0,,0,17398478001489262390,1974084707142826050,3909086558387047501,af9df31b418f6d884bb83316866ac570006c8b25eb8f398e6798865695cb6aee,25,True
looping,40,2,LRU,LRU,3000,2967,33,0.989,0.011,,33,0.0,tie,0.0006017570003677974,0.0,,0,17398478001489262390,1974084707142826050,3909086558387047501,af9df31b418f6d884bb83316866ac570006c8b25eb8f398e6798865695cb6aee,25,True
looping,40,2,LFU,LFU,3000,2967,33,0.989,0.011,,33,0.0,tie,0.00055544800034113,0.0,,0,17398478001489262390,1974084707142826050,3909086558387047501,af9df31b418f6d884bb83316866ac570006c8b25eb8f398e6798865695cb6aee,25,True
looping,40,2,MRU,MRU,3000,2967,33,0.989,0.011,,33,0.0,tie,0.000579754000682442,0.0,,0,17398478001489262390,1974084707142826050,3909086558387047501,af9df31b418f6d884bb83316866ac570006c8b25eb8f398e6798865695cb6aee,25,True
looping,40,2,OPT,OPT,3000,2967,33,0.989,0.011,,33,0.0,tie,0.00037663800048903795,0.0,,0,17398478001489262390,1974084707142826050,3909086558387047501,af9df31b418f6d884bb83316866ac570006c8b25eb8f398e6798865695cb6aee,25,True
looping,40,2,LeCaR-inspired,LeCaR,3000,2967,33,0.989,0.011,,33,0.0,tie,0.0006675759996142006,0.0,,0,17398478001489262390,1974084707142826050,3909086558387047501,af9df31b418f6d884bb83316866ac570006c8b25eb8f398e6798865695cb6aee,25,True
looping,40,2,RL-Windowed,RL-Adaptive (windowed),3000,2967,33,0.989,0.011,,33,0.0,tie,0.0018793130002450198,0.04105158200036385,"{""FIFO"": 0, ""LFU"": 0, ""LRU"": 0, ""MRU"": 60}",2,17398478001489262390,1974084707142826050,3909086558387047501,af9df31b418f6d884bb83316866ac570006c8b25eb8f398e6798865695cb6aee,25,True
looping,40,2,RL-FixedCommit-20,RL-Adaptive (per-eviction),3000,2967,33,0.989,0.011,,33,0.0,tie,0.0007546669994553667,0.01693854299992381,"{""FIFO"": 0, ""LFU"": 0, ""LRU"": 0, ""MRU"": 0}",0,17398478001489262390,1974084707142826050,3909086558387047501,af9df31b418f6d884bb83316866ac570006c8b25eb8f398e6798865695cb6aee,25,True
looping,40,3,FIFO,FIFO,3000,2967,33,0.989,0.011,,33,0.0,tie,0.0005670850005117245,0.0,,0,7283243027692018998,10079048894251735585,9082294608158945152,af9df31b418f6d884bb83316866ac570006c8b25eb8f398e6798865695cb6aee,25,True
looping,40,3,LRU,LRU,3000,2967,33,0.989,0.011,,33,0.0,tie,0.0005992430005790084,0.0,,0,7283243027692018998,10079048894251735585,9082294608158945152,af9df31b418f6d884bb83316866ac570006c8b25eb8f398e6798865695cb6aee,25,True
looping,40,3,LFU,LFU,3000,2967,33,0.989,0.011,,33,0.0,tie,0.0005691380001735524,0.0,,0,7283243027692018998,10079048894251735585,9082294608158945152,af9df31b418f6d884bb83316866ac570006c8b25eb8f398e6798865695cb6aee,25,True
looping,40,3,MRU,MRU,3000,2967,33,0.989,0.011,,33,0.0,tie,0.0005593639998551225,0.0,,0,7283243027692018998,10079048894251735585,9082294608158945152,af9df31b418f6d884bb83316866ac570006c8b25eb8f398e6798865695cb6aee,25,True
looping,40,3,OPT,OPT,3000,2967,33,0.989,0.011,,33,0.0,tie,0.0003911599997081794,0.0,,0,7283243027692018998,10079048894251735585,9082294608158945152,af9df31b418f6d884bb83316866ac570006c8b25eb8f398e6798865695cb6aee,25,True
looping,40,3,LeCaR-inspired,LeCaR,3000,2967,33,0.989,0.011,,33,0.0,tie,0.000659123000332329,0.0,,0,7283243027692018998,10079048894251735585,9082294608158945152,af9df31b418f6d884bb83316866ac570006c8b25eb8f398e6798865695cb6aee,25,True
looping,40,3,RL-Windowed,RL-Adaptive (windowed),3000,2967,33,0.989,0.011,,33,0.0,tie,0.0015704069992352743,0.04333443300038198,"{""FIFO"": 0, ""LFU"": 0, ""LRU"": 0, ""MRU"": 60}",2,7283243027692018998,10079048894251735585,9082294608158945152,af9df31b418f6d884bb83316866ac570006c8b25eb8f398e6798865695cb6aee,25,True
looping,40,3,RL-FixedCommit-20,RL-Adaptive (per-eviction),3000,2967,33,0.989,0.011,,33,0.0,tie,0.0006441409996114089,0.016748175999964587,"{""FIFO"": 0, ""LFU"": 0, ""LRU"": 0, ""MRU"": 0}",0,7283243027692018998,10079048894251735585,9082294608158945152,af9df31b418f6d884bb83316866ac570006c8b25eb8f398e6798865695cb6aee,25,True
looping,40,4,FIFO,FIFO,3000,2967,33,0.989,0.011,,33,0.0,tie,0.0005834390003656154,0.0,,0,3716254645054518530,6684863562634725967,16796672573929133427,af9df31b418f6d884bb83316866ac570006c8b25eb8f398e6798865695cb6aee,25,True
looping,40,4,LRU,LRU,3000,2967,33,0.989,0.011,,33,0.0,tie,0.000557219999791414,0.0,,0,3716254645054518530,6684863562634725967,16796672573929133427,af9df31b418f6d884bb83316866ac570006c8b25eb8f398e6798865695cb6aee,25,True
looping,40,4,LFU,LFU,3000,2967,33,0.989,0.011,,33,0.0,tie,0.0006318819996522507,0.0,,0,3716254645054518530,6684863562634725967,16796672573929133427,af9df31b418f6d884bb83316866ac570006c8b25eb8f398e6798865695cb6aee,25,True
looping,40,4,MRU,MRU,3000,2967,33,0.989,0.011,,33,0.0,tie,0.0006985030004216242,0.0,,0,3716254645054518530,6684863562634725967,16796672573929133427,af9df31b418f6d884bb83316866ac570006c8b25eb8f398e6798865695cb6aee,25,True
looping,40,4,OPT,OPT,3000,2967,33,0.989,0.011,,33,0.0,tie,0.00037588600025628693,0.0,,0,3716254645054518530,6684863562634725967,16796672573929133427,af9df31b418f6d884bb83316866ac570006c8b25eb8f398e6798865695cb6aee,25,True
looping,40,4,LeCaR-inspired,LeCaR,3000,2967,33,0.989,0.011,,33,0.0,tie,0.0007832010005586199,0.0,,0,3716254645054518530,6684863562634725967,16796672573929133427,af9df31b418f6d884bb83316866ac570006c8b25eb8f398e6798865695cb6aee,25,True
looping,40,4,RL-Windowed,RL-Adaptive (windowed),3000,2967,33,0.989,0.011,,33,0.0,tie,0.0014959449999878416,0.04106407100061915,"{""FIFO"": 0, ""LFU"": 60, ""LRU"": 0, ""MRU"": 0}",2,3716254645054518530,6684863562634725967,16796672573929133427,af9df31b418f6d884bb83316866ac570006c8b25eb8f398e6798865695cb6aee,25,True
looping,40,4,RL-FixedCommit-20,RL-Adaptive (per-eviction),3000,2967,33,0.989,0.011,,33,0.0,tie,0.0008774129992161761,0.01832689599996229,"{""FIFO"": 0, ""LFU"": 0, ""LRU"": 0, ""MRU"": 0}",0,3716254645054518530,6684863562634725967,16796672573929133427,af9df31b418f6d884bb83316866ac570006c8b25eb8f398e6798865695cb6aee,25,True
looping,40,5,FIFO,FIFO,3000,2967,33,0.989,0.011,,33,0.0,tie,0.0005714409999200143,0.0,,0,10447825919995985294,7223116969223866713,18251062894391539934,af9df31b418f6d884bb83316866ac570006c8b25eb8f398e6798865695cb6aee,25,True
looping,40,5,LRU,LRU,3000,2967,33,0.989,0.011,,33,0.0,tie,0.0005872649999218993,0.0,,0,10447825919995985294,7223116969223866713,18251062894391539934,af9df31b418f6d884bb83316866ac570006c8b25eb8f398e6798865695cb6aee,25,True
looping,40,5,LFU,LFU,3000,2967,33,0.989,0.011,,33,0.0,tie,0.0005701990003217361,0.0,,0,10447825919995985294,7223116969223866713,18251062894391539934,af9df31b418f6d884bb83316866ac570006c8b25eb8f398e6798865695cb6aee,25,True
looping,40,5,MRU,MRU,3000,2967,33,0.989,0.011,,33,0.0,tie,0.0005578009995588218,0.0,,0,10447825919995985294,7223116969223866713,18251062894391539934,af9df31b418f6d884bb83316866ac570006c8b25eb8f398e6798865695cb6aee,25,True
looping,40,5,OPT,OPT,3000,2967,33,0.989,0.011,,33,0.0,tie,0.0003974290002588532,0.0,,0,10447825919995985294,7223116969223866713,18251062894391539934,af9df31b418f6d884bb83316866ac570006c8b25eb8f398e6798865695cb6aee,25,True
looping,40,5,LeCaR-inspired,LeCaR,3000,2967,33,0.989,0.011,,33,0.0,tie,0.0008413280002059764,0.0,,0,10447825919995985294,7223116969223866713,18251062894391539934,af9df31b418f6d884bb83316866ac570006c8b25eb8f398e6798865695cb6aee,25,True
looping,40,5,RL-Windowed,RL-Adaptive (windowed),3000,2967,33,0.989,0.011,,33,0.0,tie,0.0015246180000758613,0.04119510800046555,"{""FIFO"": 0, ""LFU"": 1, ""LRU"": 0, ""MRU"": 59}",2,10447825919995985294,7223116969223866713,18251062894391539934,af9df31b418f6d884bb83316866ac570006c8b25eb8f398e6798865695cb6aee,25,True
looping,40,5,RL-FixedCommit-20,RL-Adaptive (per-eviction),3000,2967,33,0.989,0.011,,33,0.0,tie,0.0006312919995252742,0.0165492969999832,"{""FIFO"": 0, ""LFU"": 0, ""LRU"": 0, ""MRU"": 0}",0,10447825919995985294,7223116969223866713,18251062894391539934,af9df31b418f6d884bb83316866ac570006c8b25eb8f398e6798865695cb6aee,25,True
looping,40,6,FIFO,FIFO,3000,2967,33,0.989,0.011,,33,0.0,tie,0.0006080670000301325,0.0,,0,15554329986747002259,5861939682205000659,15937001724186738204,af9df31b418f6d884bb83316866ac570006c8b25eb8f398e6798865695cb6aee,25,True
looping,40,6,LRU,LRU,3000,2967,33,0.989,0.011,,33,0.0,tie,0.0006218779999471735,0.0,,0,15554329986747002259,5861939682205000659,15937001724186738204,af9df31b418f6d884bb83316866ac570006c8b25eb8f398e6798865695cb6aee,25,True
looping,40,6,LFU,LFU,3000,2967,33,0.989,0.011,,33,0.0,tie,0.0006502099995486788,0.0,,0,15554329986747002259,5861939682205000659,15937001724186738204,af9df31b418f6d884bb83316866ac570006c8b25eb8f398e6798865695cb6aee,25,True
looping,40,6,MRU,MRU,3000,2967,33,0.989,0.011,,33,0.0,tie,0.0007300110000869608,0.0,,0,15554329986747002259,5861939682205000659,15937001724186738204,af9df31b418f6d884bb83316866ac570006c8b25eb8f398e6798865695cb6aee,25,True
looping,40,6,OPT,OPT,3000,2967,33,0.989,0.011,,33,0.0,tie,0.0003698470000017551,0.0,,0,15554329986747002259,5861939682205000659,15937001724186738204,af9df31b418f6d884bb83316866ac570006c8b25eb8f398e6798865695cb6aee,25,True
looping,40,6,LeCaR-inspired,LeCaR,3000,2967,33,0.989,0.011,,33,0.0,tie,0.0006844909994470072,0.0,,0,15554329986747002259,5861939682205000659,15937001724186738204,af9df31b418f6d884bb83316866ac570006c8b25eb8f398e6798865695cb6aee,25,True
looping,40,6,RL-Windowed,RL-Adaptive (windowed),3000,2967,33,0.989,0.011,,33,0.0,tie,0.0014835660003882367,0.04004506399996899,"{""FIFO"": 0, ""LFU"": 60, ""LRU"": 0, ""MRU"": 0}",2,15554329986747002259,5861939682205000659,15937001724186738204,af9df31b418f6d884bb83316866ac570006c8b25eb8f398e6798865695cb6aee,25,True
looping,40,6,RL-FixedCommit-20,RL-Adaptive (per-eviction),3000,2967,33,0.989,0.011,,33,0.0,tie,0.0006470950002039899,0.019417860999965342,"{""FIFO"": 0, ""LFU"": 0, ""LRU"": 0, ""MRU"": 0}",0,15554329986747002259,5861939682205000659,15937001724186738204,af9df31b418f6d884bb83316866ac570006c8b25eb8f398e6798865695cb6aee,25,True
looping,40,7,FIFO,FIFO,3000,2967,33,0.989,0.011,,33,0.0,tie,0.000662679000015487,0.0,,0,15177096086817970710,17575094424305188176,6811831629985665921,af9df31b418f6d884bb83316866ac570006c8b25eb8f398e6798865695cb6aee,25,True
looping,40,7,LRU,LRU,3000,2967,33,0.989,0.011,,33,0.0,tie,0.000561025999559206,0.0,,0,15177096086817970710,17575094424305188176,6811831629985665921,af9df31b418f6d884bb83316866ac570006c8b25eb8f398e6798865695cb6aee,25,True
looping,40,7,LFU,LFU,3000,2967,33,0.989,0.011,,33,0.0,tie,0.0005740059996242053,0.0,,0,15177096086817970710,17575094424305188176,6811831629985665921,af9df31b418f6d884bb83316866ac570006c8b25eb8f398e6798865695cb6aee,25,True
looping,40,7,MRU,MRU,3000,2967,33,0.989,0.011,,33,0.0,tie,0.0005909109995627659,0.0,,0,15177096086817970710,17575094424305188176,6811831629985665921,af9df31b418f6d884bb83316866ac570006c8b25eb8f398e6798865695cb6aee,25,True
looping,40,7,OPT,OPT,3000,2967,33,0.989,0.011,,33,0.0,tie,0.0003653009998743073,0.0,,0,15177096086817970710,17575094424305188176,6811831629985665921,af9df31b418f6d884bb83316866ac570006c8b25eb8f398e6798865695cb6aee,25,True
looping,40,7,LeCaR-inspired,LeCaR,3000,2967,33,0.989,0.011,,33,0.0,tie,0.0006794350001655403,0.0,,0,15177096086817970710,17575094424305188176,6811831629985665921,af9df31b418f6d884bb83316866ac570006c8b25eb8f398e6798865695cb6aee,25,True
looping,40,7,RL-Windowed,RL-Adaptive (windowed),3000,2967,33,0.989,0.011,,33,0.0,tie,0.0014597299996239599,0.04036220200032403,"{""FIFO"": 0, ""LFU"": 0, ""LRU"": 1, ""MRU"": 59}",2,15177096086817970710,17575094424305188176,6811831629985665921,af9df31b418f6d884bb83316866ac570006c8b25eb8f398e6798865695cb6aee,25,True
looping,40,7,RL-FixedCommit-20,RL-Adaptive (per-eviction),3000,2967,33,0.989,0.011,,33,0.0,tie,0.0006605059998037177,0.01691900399964652,"{""FIFO"": 0, ""LFU"": 0, ""LRU"": 0, ""MRU"": 0}",0,15177096086817970710,17575094424305188176,6811831629985665921,af9df31b418f6d884bb83316866ac570006c8b25eb8f398e6798865695cb6aee,25,True
looping,40,8,FIFO,FIFO,3000,2967,33,0.989,0.011,,33,0.0,tie,0.0006394339998223586,0.0,,0,16519217717686200985,16946075607272909734,15744468324275009642,af9df31b418f6d884bb83316866ac570006c8b25eb8f398e6798865695cb6aee,25,True
looping,40,8,LRU,LRU,3000,2967,33,0.989,0.011,,33,0.0,tie,0.000591891999647487,0.0,,0,16519217717686200985,16946075607272909734,15744468324275009642,af9df31b418f6d884bb83316866ac570006c8b25eb8f398e6798865695cb6aee,25,True
looping,40,8,LFU,LFU,3000,2967,33,0.989,0.011,,33,0.0,tie,0.0005580309998549637,0.0,,0,16519217717686200985,16946075607272909734,15744468324275009642,af9df31b418f6d884bb83316866ac570006c8b25eb8f398e6798865695cb6aee,25,True
looping,40,8,MRU,MRU,3000,2967,33,0.989,0.011,,33,0.0,tie,0.0005725729997720919,0.0,,0,16519217717686200985,16946075607272909734,15744468324275009642,af9df31b418f6d884bb83316866ac570006c8b25eb8f398e6798865695cb6aee,25,True
looping,40,8,OPT,OPT,3000,2967,33,0.989,0.011,,33,0.0,tie,0.00036169499981042463,0.0,,0,16519217717686200985,16946075607272909734,15744468324275009642,af9df31b418f6d884bb83316866ac570006c8b25eb8f398e6798865695cb6aee,25,True
looping,40,8,LeCaR-inspired,LeCaR,3000,2967,33,0.989,0.011,,33,0.0,tie,0.0007261850005306769,0.0,,0,16519217717686200985,16946075607272909734,15744468324275009642,af9df31b418f6d884bb83316866ac570006c8b25eb8f398e6798865695cb6aee,25,True
looping,40,8,RL-Windowed,RL-Adaptive (windowed),3000,2967,33,0.989,0.011,,33,0.0,tie,0.001963650000107009,0.04052021000006789,"{""FIFO"": 0, ""LFU"": 0, ""LRU"": 59, ""MRU"": 1}",2,16519217717686200985,16946075607272909734,15744468324275009642,af9df31b418f6d884bb83316866ac570006c8b25eb8f398e6798865695cb6aee,25,True
looping,40,8,RL-FixedCommit-20,RL-Adaptive (per-eviction),3000,2967,33,0.989,0.011,,33,0.0,tie,0.0006395540003722999,0.018463712000084342,"{""FIFO"": 0, ""LFU"": 0, ""LRU"": 0, ""MRU"": 0}",0,16519217717686200985,16946075607272909734,15744468324275009642,af9df31b418f6d884bb83316866ac570006c8b25eb8f398e6798865695cb6aee,25,True
looping,40,9,FIFO,FIFO,3000,2967,33,0.989,0.011,,33,0.0,tie,0.0005702399994333973,0.0,,0,15170107347423629164,11479268476865684775,17875655225067161016,af9df31b418f6d884bb83316866ac570006c8b25eb8f398e6798865695cb6aee,25,True
looping,40,9,LRU,LRU,3000,2967,33,0.989,0.011,,33,0.0,tie,0.000784663000558794,0.0,,0,15170107347423629164,11479268476865684775,17875655225067161016,af9df31b418f6d884bb83316866ac570006c8b25eb8f398e6798865695cb6aee,25,True
looping,40,9,LFU,LFU,3000,2967,33,0.989,0.011,,33,0.0,tie,0.0006424989996958175,0.0,,0,15170107347423629164,11479268476865684775,17875655225067161016,af9df31b418f6d884bb83316866ac570006c8b25eb8f398e6798865695cb6aee,25,True
looping,40,9,MRU,MRU,3000,2967,33,0.989,0.011,,33,0.0,tie,0.0005716119994758628,0.0,,0,15170107347423629164,11479268476865684775,17875655225067161016,af9df31b418f6d884bb83316866ac570006c8b25eb8f398e6798865695cb6aee,25,True
looping,40,9,OPT,OPT,3000,2967,33,0.989,0.011,,33,0.0,tie,0.00038374799987650476,0.0,,0,15170107347423629164,11479268476865684775,17875655225067161016,af9df31b418f6d884bb83316866ac570006c8b25eb8f398e6798865695cb6aee,25,True
looping,40,9,LeCaR-inspired,LeCaR,3000,2967,33,0.989,0.011,,33,0.0,tie,0.0006549170002472238,0.0,,0,15170107347423629164,11479268476865684775,17875655225067161016,af9df31b418f6d884bb83316866ac570006c8b25eb8f398e6798865695cb6aee,25,True
looping,40,9,RL-Windowed,RL-Adaptive (windowed),3000,2967,33,0.989,0.011,,33,0.0,tie,0.0026500550002310774,0.03953202100001363,"{""FIFO"": 0, ""LFU"": 0, ""LRU"": 1, ""MRU"": 59}",2,15170107347423629164,11479268476865684775,17875655225067161016,af9df31b418f6d884bb83316866ac570006c8b25eb8f398e6798865695cb6aee,25,True
looping,40,9,RL-FixedCommit-20,RL-Adaptive (per-eviction),3000,2967,33,0.989,0.011,,33,0.0,tie,0.000647035000838514,0.01760628000010911,"{""FIFO"": 0, ""LFU"": 0, ""LRU"": 0, ""MRU"": 0}",0,15170107347423629164,11479268476865684775,17875655225067161016,af9df31b418f6d884bb83316866ac570006c8b25eb8f398e6798865695cb6aee,25,True
locality,10,0,FIFO,FIFO,3000,893,2107,0.2976666666666667,0.7023333333333334,-5.430932703659967,1838,-14.635473340587595,loss,0.00255695400028344,0.0,,0,999999,42,0,66ad0b4a2a3e096794b8cf6d6970364abe999322b32ecd58183b77b36db07da3,0,False
locality,10,0,LRU,LRU,3000,939,2061,0.313,0.687,0.0,1838,-12.132752992383026,loss,0.0028015129992127186,0.0,,0,999999,42,0,66ad0b4a2a3e096794b8cf6d6970364abe999322b32ecd58183b77b36db07da3,0,False
locality,10,0,LFU,LFU,3000,1162,1838,0.3873333333333333,0.6126666666666667,26.328217237308156,1838,0.0,tie,0.002875453999877209,0.0,,0,999999,42,0,66ad0b4a2a3e096794b8cf6d6970364abe999322b32ecd58183b77b36db07da3,0,False
locality,10,0,MRU,MRU,3000,321,2679,0.107,0.893,-72.96340023612748,1838,-45.75625680087051,loss,0.002918369000326493,0.0,,0,999999,42,0,66ad0b4a2a3e096794b8cf6d6970364abe999322b32ecd58183b77b36db07da3,0,False
locality,10,0,OPT,OPT,3000,1786,1214,0.5953333333333334,0.4046666666666667,100.0,1838,33.949945593035906,win,0.002609973999824433,0.0,,0,999999,42,0,66ad0b4a2a3e096794b8cf6d6970364abe999322b32ecd58183b77b36db07da3,0,False
locality,10,0,LeCaR-inspired,LeCaR,3000,969,2031,0.323,0.677,3.541912632821726,1838,-10.500544069640915,loss,0.005128931999934139,0.0,,0,999999,42,0,66ad0b4a2a3e096794b8cf6d6970364abe999322b32ecd58183b77b36db07da3,0,False
locality,10,0,RL-Windowed,RL-Adaptive (windowed),3000,942,2058,0.314,0.686,0.35419126328217265,1838,-11.969532100108815,loss,0.0037182449996180367,0.09928891799972916,"{""FIFO"": 1, ""LFU"": 2, ""LRU"": 57, ""MRU"": 0}",6,999999,42,0,66ad0b4a2a3e096794b8cf6d6970364abe999322b32ecd58183b77b36db07da3,0,False
locality,10,0,RL-FixedCommit-20,RL-Adaptive (per-eviction),3000,907,2093,0.30233333333333334,0.6976666666666667,-3.7780401416764815,1838,-13.873775843307943,loss,0.004548816999886185,0.12833721700008027,"{""FIFO"": 1503, ""LFU"": 20, ""LRU"": 560, ""MRU"": 0}",13,999999,42,0,66ad0b4a2a3e096794b8cf6d6970364abe999322b32ecd58183b77b36db07da3,0,False
locality,10,1,FIFO,FIFO,3000,889,2111,0.29633333333333334,0.7036666666666667,-6.214039125431537,1829,-15.418261344997266,loss,0.003021855000042706,0.0,,0,8462322393053545826,11452657830546443733,13031138995152125955,cd1e4801e54e02f780434b6520df5c00a813e68db3874919216c26c1823ca8fc,0,False
locality,10,1,LRU,LRU,3000,943,2057,0.31433333333333335,0.6856666666666666,0.0,1829,-12.465828321487152,loss,0.0025697129995023715,0.0,,0,8462322393053545826,11452657830546443733,13031138995152125955,cd1e4801e54e02f780434b6520df5c00a813e68db3874919216c26c1823ca8fc,0,False
locality,10,1,LFU,LFU,3000,1171,1829,0.3903333333333333,0.6096666666666667,26.237054085155336,1829,0.0,tie,0.0027462600000944803,0.0,,0,8462322393053545826,11452657830546443733,13031138995152125955,cd1e4801e54e02f780434b6520df5c00a813e68db3874919216c26c1823ca8fc,0,False
locality,10,1,MRU,MRU,3000,430,2570,0.14333333333333334,0.8566666666666667,-59.033371691599555,1829,-40.51394204483324,loss,0.003099072000622982,0.0,,0,8462322393053545826,11452657830546443733,13031138995152125955,cd1e4801e54e02f780434b6520df5c00a813e68db3874919216c26c1823ca8fc,0,False
locality,10,1,OPT,OPT,3000,1812,1188,0.604,0.396,100.0,1829,35.04647348277747,win,0.00227571000050375,0.0,,0,8462322393053545826,11452657830546443733,13031138995152125955,cd1e4801e54e02f780434b6520df5c00a813e68db3874919216c26c1823ca8fc,0,False
locality,10,1,LeCaR-inspired,LeCaR,3000,975,2025,0.325,0.675,3.682393555811256,1829,-10.716238381629305,loss,0.00485458799994376,0.0,,0,8462322393053545826,11452657830546443733,13031138995152125955,cd1e4801e54e02f780434b6520df5c00a813e68db3874919216c26c1823ca8fc,0,False
locality,10,1,RL-Windowed,RL-Adaptive (windowed),3000,931,2069,0.31033333333333335,0.6896666666666667,-1.3808975834292305,1829,-13.121924548933844,loss,0.0038561729998036753,0.09132310000040889,"{""FIFO"": 24, ""LFU"": 3, ""LRU"": 32, ""MRU"": 1}",7,8462322393053545826,11452657830546443733,13031138995152125955,cd1e4801e54e02f780434b6520df5c00a813e68db3874919216c26c1823ca8fc,0,False
locality,10,1,RL-FixedCommit-20,RL-Adaptive (per-eviction),3000,954,2046,0.318,0.682,1.2658227848101022,1829,-11.864406779661017,loss,0.005296809999890684,0.13451466799961054,"{""FIFO"": 160, ""LFU"": 880, ""LRU"": 0, ""MRU"": 996}",13,8462322393053545826,11452657830546443733,13031138995152125955,cd1e4801e54e02f780434b6520df5c00a813e68db3874919216c26c1823ca8fc,0,False
locality,10,2,FIFO,FIFO,3000,925,2075,0.30833333333333335,0.6916666666666667,-3.8961038961038996,1902,-9.095688748685594,loss,0.0024609689999124384,0.0,,0,12939215624369039410,14321516590232026328,797748224678718512,d9a017c5df70d4f7e1c71bb4961d3a7d4d118b4a31aad39d34b801eca2fcf191,0,False
locality,10,2,LRU,LRU,3000,958,2042,0.31933333333333336,0.6806666666666666,0.0,1902,-7.360672975814932,loss,0.0023672180004723486,0.0,,0,12939215624369039410,14321516590232026328,797748224678718512,d9a017c5df70d4f7e1c71bb4961d3a7d4d118b4a31aad39d34b801eca2fcf191,0,False
locality,10,2,LFU,LFU,3000,1098,1902,0.366,0.634,16.528925619834702,1902,0.0,tie,0.004535596999630798,0.0,,0,12939215624369039410,14321516590232026328,797748224678718512,d9a017c5df70d4f7e1c71bb4961d3a7d4d118b4a31aad39d34b801eca2fcf191,0,False
locality,10,2,MRU,MRU,3000,381,2619,0.127,0.873,-68.1227863046045,1902,-37.69716088328076,loss,0.0030081750001045293,0.0,,0,12939215624369039410,14321516590232026328,797748224678718512,d9a017c5df70d4f7e1c71bb4961d3a7d4d118b4a31aad39d34b801eca2fcf191,0,False
locality,10,2,OPT,OPT,3000,1805,1195,0.6016666666666667,0.3983333333333333,100.0,1902,37.171398527865406,win,0.0021282280004015774,0.0,,0,12939215624369039410,14321516590232026328,797748224678718512,d9a017c5df70d4f7e1c71bb4961d3a7d4d118b4a31aad39d34b801eca2fcf191,0,False
locality,10,2,LeCaR-inspired,LeCaR,3000,985,2015,0.3283333333333333,0.6716666666666666,3.1877213695395543,1902,-5.941114616193481,loss,0.0046330739996847115,0.0,,0,12939215624369039410,14321516590232026328,797748224678718512,d9a017c5df70d4f7e1c71bb4961d3a7d4d118b4a31aad39d34b801eca2fcf191,0,False
locality,10,2,RL-Windowed,RL-Adaptive (windowed),3000,1067,1933,0.3556666666666667,0.6443333333333333,12.868949232585594,1902,-1.629863301787592,loss,0.00379069399969012,0.09586198200031504,"{""FIFO"": 13, ""LFU"": 42, ""LRU"": 1, ""MRU"": 4}",6,12939215624369039410,14321516590232026328,797748224678718512,d9a017c5df70d4f7e1c71bb4961d3a7d4d118b4a31aad39d34b801eca2fcf191,0,False
locality,10,2,RL-FixedCommit-20,RL-Adaptive (per-eviction),3000,1013,1987,0.33766666666666667,0.6623333333333333,6.493506493506486,1902,-4.468980021030494,loss,0.004081762999703642,0.13047066200033441,"{""FIFO"": 0, ""LFU"": 957, ""LRU"": 660, ""MRU"": 360}",12,12939215624369039410,14321516590232026328,797748224678718512,d9a017c5df70d4f7e1c71bb4961d3a7d4d118b4a31aad39d34b801eca2fcf191,0,False
locality,10,3,FIFO,FIFO,3000,920,2080,0.30666666666666664,0.6933333333333334,-3.596287703016231,1814,-14.66372657111356,loss,0.0024666080007591518,0.0,,0,4445919889091736099,556737582065438901,6617302905501221080,2c6c96f900a5398c9968686431fe78d1fa71f421aa44909a42a73c0b3e22a281,0,False
locality,10,3,LRU,LRU,3000,951,2049,0.317,0.683,0.0,1814,-12.954796030871004,loss,0.0027922389999730512,0.0,,0,4445919889091736099,556737582065438901,6617302905501221080,2c6c96f900a5398c9968686431fe78d1fa71f421aa44909a42a73c0b3e22a281,0,False
locality,10,3,LFU,LFU,3000,1186,1814,0.3953333333333333,0.6046666666666667,27.26218097447796,1814,0.0,tie,0.0028646580003623967,0.0,,0,4445919889091736099,556737582065438901,6617302905501221080,2c6c96f900a5398c9968686431fe78d1fa71f421aa44909a42a73c0b3e22a281,0,False
locality,10,3,MRU,MRU,3000,369,2631,0.123,0.877,-67.51740139211134,1814,-45.03858875413451,loss,0.003071118999287137,0.0,,0,4445919889091736099,556737582065438901,6617302905501221080,2c6c96f900a5398c9968686431fe78d1fa71f421aa44909a42a73c0b3e22a281,0,False
locality,10,3,OPT,OPT,3000,1813,1187,0.6043333333333333,0.39566666666666667,100.0,1814,34.56449834619625,win,0.0022633120006503304,0.0,,0,4445919889091736099,556737582065438901,6617302905501221080,2c6c96f900a5398c9968686431fe78d1fa71f421aa44909a42a73c0b3e22a281,0,False
locality,10,3,LeCaR-inspired,LeCaR,3000,977,2023,0.32566666666666666,0.6743333333333333,3.0162412993039593,1814,-11.521499448732083,loss,0.005085295999379014,0.0,,0,4445919889091736099,556737582065438901,6617302905501221080,2c6c96f900a5398c9968686431fe78d1fa71f421aa44909a42a73c0b3e22a281,0,False
locality,10,3,RL-Windowed,RL-Adaptive (windowed),3000,1045,1955,0.34833333333333333,0.6516666666666666,10.904872389791215,1814,-7.772877618522602,loss,0.003961421999520098,0.10271476199977769,"{""FIFO"": 1, ""LFU"": 43, ""LRU"": 0, ""MRU"": 16}",6,4445919889091736099,556737582065438901,6617302905501221080,2c6c96f900a5398c9968686431fe78d1fa71f421aa44909a42a73c0b3e22a281,0,False
locality,10,3,RL-FixedCommit-20,RL-Adaptive (per-eviction),3000,1004,1996,0.33466666666666667,0.6653333333333333,6.148491879350365,1814,-10.033076074972437,loss,0.006930837999789219,0.1403468790003899,"{""FIFO"": 0, ""LFU"": 1086, ""LRU"": 20, ""MRU"": 880}",10,4445919889091736099,556737582065438901,6617302905501221080,2c6c96f900a5398c9968686431fe78d1fa71f421aa44909a42a73c0b3e22a281,0,False
locality,10,4,FIFO,FIFO,3000,862,2138,0.28733333333333333,0.7126666666666667,-4.942528735632175,1830,-16.830601092896174,loss,0.0037730579997514724,0.0,,0,889702394014875050,12799852016567721013,16770565884552024016,2fc7e2837c5b5f653f3f5eb21518237a6b2911878fae2ed91841c6baf4b908a6,0,False
locality,10,4,LRU,LRU,3000,905,2095,0.3016666666666667,0.6983333333333334,0.0,1830,-14.480874316939891,loss,0.0026439450002726517,0.0,,0,889702394014875050,12799852016567721013,16770565884552024016,2fc7e2837c5b5f653f3f5eb21518237a6b2911878fae2ed91841c6baf4b908a6,0,False
locality,10,4,LFU,LFU,3000,1170,1830,0.39,0.61,30.459770114942543,1830,0.0,tie,0.0037594770001305733,0.0,,0,889702394014875050,12799852016567721013,16770565884552024016,2fc7e2837c5b5f653f3f5eb21518237a6b2911878fae2ed91841c6baf4b908a6,0,False
locality,10,4,MRU,MRU,3000,362,2638,0.12066666666666667,0.8793333333333333,-62.41379310344824,1830,-44.15300546448088,loss,0.003680988999803958,0.0,,0,889702394014875050,12799852016567721013,16770565884552024016,2fc7e2837c5b5f653f3f5eb21518237a6b2911878fae2ed91841c6baf4b908a6,0,False
locality,10,4,OPT,OPT,3000,1775,1225,0.5916666666666667,0.4083333333333333,100.0,1830,33.060109289617486,win,0.0026118469995708438,0.0,,0,889702394014875050,12799852016567721013,16770565884552024016,2fc7e2837c5b5f653f3f5eb21518237a6b2911878fae2ed91841c6baf4b908a6,0,False
locality,10,4,LeCaR-inspired,LeCaR,3000,947,2053,0.31566666666666665,0.6843333333333333,4.827586206896555,1830,-12.185792349726777,loss,0.005634402000396221,0.0,,0,889702394014875050,12799852016567721013,16770565884552024016,2fc7e2837c5b5f653f3f5eb21518237a6b2911878fae2ed91841c6baf4b908a6,0,False
locality,10,4,RL-Windowed,RL-Adaptive (windowed),3000,1044,1956,0.348,0.652,15.977011494252874,1830,-6.885245901639344,loss,0.007319698999708635,0.125461627999357,"{""FIFO"": 19, ""LFU"": 40, ""LRU"": 1, ""MRU"": 0}",6,889702394014875050,12799852016567721013,16770565884552024016,2fc7e2837c5b5f653f3f5eb21518237a6b2911878fae2ed91841c6baf4b908a6,0,False
locality,10,4,RL-FixedCommit-20,RL-Adaptive (per-eviction),3000,1038,1962,0.346,0.654,15.287356321839079,1830,-7.213114754098361,loss,0.006269359999350854,0.1445997470000293,"{""FIFO"": 360, ""LFU"": 1492, ""LRU"": 80, ""MRU"": 20}",15,889702394014875050,12799852016567721013,16770565884552024016,2fc7e2837c5b5f653f3f5eb21518237a6b2911878fae2ed91841c6baf4b908a6,0,False
locality,10,5,FIFO,FIFO,3000,871,2129,0.29033333333333333,0.7096666666666667,-2.0089285714285734,1875,-13.546666666666667,loss,0.0029609129996970296,0.0,,0,17109203366396955948,1495984600664482278,8056782613444305281,08e26c7fe21659593b3f39a32603a112b86cc5c459d8eb35005b4680442c5e50,0,False
locality,10,5,LRU,LRU,3000,889,2111,0.29633333333333334,0.7036666666666667,0.0,1875,-12.586666666666666,loss,0.0036495409995040973,0.0,,0,17109203366396955948,1495984600664482278,8056782613444305281,08e26c7fe21659593b3f39a32603a112b86cc5c459d8eb35005b4680442c5e50,0,False
locality,10,5,LFU,LFU,3000,1125,1875,0.375,0.625,26.339285714285715,1875,0.0,tie,0.0033242910003536963,0.0,,0,17109203366396955948,1495984600664482278,8056782613444305281,08e26c7fe21659593b3f39a32603a112b86cc5c459d8eb35005b4680442c5e50,0,False
locality,10,5,MRU,MRU,3000,433,2567,0.14433333333333334,0.8556666666666667,-50.89285714285715,1875,-36.906666666666666,loss,0.0032165579996217275,0.0,,0,17109203366396955948,1495984600664482278,8056782613444305281,08e26c7fe21659593b3f39a32603a112b86cc5c459d8eb35005b4680442c5e50,0,False
locality,10,5,OPT,OPT,3000,1785,1215,0.595,0.405,100.0,1875,35.2,win,0.002794242000163649,0.0,,0,17109203366396955948,1495984600664482278,8056782613444305281,08e26c7fe21659593b3f39a32603a112b86cc5c459d8eb35005b4680442c5e50,0,False
locality,10,5,LeCaR-inspired,LeCaR,3000,921,2079,0.307,0.693,3.571428571428587,1875,-10.88,loss,0.005652650999763864,0.0,,0,17109203366396955948,1495984600664482278,8056782613444305281,08e26c7fe21659593b3f39a32603a112b86cc5c459d8eb35005b4680442c5e50,0,False
locality,10,5,RL-Windowed,RL-Adaptive (windowed),3000,1116,1884,0.372,0.628,25.33482142857143,1875,-0.48,loss,0.0039208899997902336,0.10803506899992499,"{""FIFO"": 2, ""LFU"": 55, ""LRU"": 3, ""MRU"": 0}",7,17109203366396955948,1495984600664482278,8056782613444305281,08e26c7fe21659593b3f39a32603a112b86cc5c459d8eb35005b4680442c5e50,0,False
locality,10,5,RL-FixedCommit-20,RL-Adaptive (per-eviction),3000,923,2077,0.30766666666666664,0.6923333333333334,3.7946428571428483,1875,-10.773333333333333,loss,0.004302456000004895,0.13064987799953087,"{""FIFO"": 560, ""LFU"": 667, ""LRU"": 780, ""MRU"": 60}",12,17109203366396955948,1495984600664482278,8056782613444305281,08e26c7fe21659593b3f39a32603a112b86cc5c459d8eb35005b4680442c5e50,0,False
locality,10,6,FIFO,FIFO,3000,890,2110,0.2966666666666667,0.7033333333333334,-5.793742757821572,1859,-13.501882732651964,loss,0.0037213189998510643,0.0,,0,14126645737420724712,11516000946453513690,5973289253907925899,f683aaf48d26158970317f90519f315ea21d9fe5b44eb3af9bee4635a292a6bb,0,False
locality,10,6,LRU,LRU,3000,940,2060,0.31333333333333335,0.6866666666666666,0.0,1859,-10.812264658418504,loss,0.005130593000103545,0.0,,0,14126645737420724712,11516000946453513690,5973289253907925899,f683aaf48d26158970317f90519f315ea21d9fe5b44eb3af9bee4635a292a6bb,0,False
locality,10,6,LFU,LFU,3000,1141,1859,0.38033333333333336,0.6196666666666667,23.290845886442625,1859,0.0,tie,0.004305479999857198,0.0,,0,14126645737420724712,11516000946453513690,5973289253907925899,f683aaf48d26158970317f90519f315ea21d9fe5b44eb3af9bee4635a292a6bb,0,False
locality,10,6,MRU,MRU,3000,413,2587,0.13766666666666666,0.8623333333333333,-61.06604866743916,1859,-39.16083916083916,loss,0.0031201629999486613,0.0,,0,14126645737420724712,11516000946453513690,5973289253907925899,f683aaf48d26158970317f90519f315ea21d9fe5b44eb3af9bee4635a292a6bb,0,False
locality,10,6,OPT,OPT,3000,1803,1197,0.601,0.399,100.0,1859,35.61054330285099,win,0.002288859999680426,0.0,,0,14126645737420724712,11516000946453513690,5973289253907925899,f683aaf48d26158970317f90519f315ea21d9fe5b44eb3af9bee4635a292a6bb,0,False
locality,10,6,LeCaR-inspired,LeCaR,3000,975,2025,0.325,0.675,4.055619930475066,1859,-8.929532006455084,loss,0.004981019000297238,0.0,,0,14126645737420724712,11516000946453513690,5973289253907925899,f683aaf48d26158970317f90519f315ea21d9fe5b44eb3af9bee4635a292a6bb,0,False
locality,10,6,RL-Windowed,RL-Adaptive (windowed),3000,1033,1967,0.3443333333333333,0.6556666666666666,10.7763615295481,1859,-5.809575040344271,loss,0.004231739000715606,0.10847886800002016,"{""FIFO"": 24, ""LFU"": 36, ""LRU"": 0, ""MRU"": 0}",7,14126645737420724712,11516000946453513690,5973289253907925899,f683aaf48d26158970317f90519f315ea21d9fe5b44eb3af9bee4635a292a6bb,0,False
locality,10,6,RL-FixedCommit-20,RL-Adaptive (per-eviction),3000,1124,1876,0.37466666666666665,0.6253333333333333,21.320973348783323,1859,-0.914470145239376,loss,0.004154082000241033,0.13145511299990176,"{""FIFO"": 0, ""LFU"": 1726, ""LRU"": 0, ""MRU"": 140}",15,14126645737420724712,11516000946453513690,5973289253907925899,f683aaf48d26158970317f90519f315ea21d9fe5b44eb3af9bee4635a292a6bb,0,False
locality,10,7,FIFO,FIFO,3000,906,2094,0.302,0.698,-4.084014002333699,1848,-13.311688311688311,loss,0.0023916350000945386,0.0,,0,7744532812159076660,17948304992620177152,2194157329330479718,4b1031c8351fc5a335c14b9fb741455f1f758887c3a8a07dd607ddced447b7e4,0,False
locality,10,7,LRU,LRU,3000,941,2059,0.31366666666666665,0.6863333333333334,0.0,1848,-11.417748917748918,loss,0.002717406000556366,0.0,,0,7744532812159076660,17948304992620177152,2194157329330479718,4b1031c8351fc5a335c14b9fb741455f1f758887c3a8a07dd607ddced447b7e4,0,False
locality,10,7,LFU,LFU,3000,1152,1848,0.384,0.616,24.62077012835473,1848,0.0,tie,0.0030754359995626146,0.0,,0,7744532812159076660,17948304992620177152,2194157329330479718,4b1031c8351fc5a335c14b9fb741455f1f758887c3a8a07dd607ddced447b7e4,0,False
locality,10,7,MRU,MRU,3000,339,2661,0.113,0.887,-70.24504084014002,1848,-43.993506493506494,loss,0.003038510000806127,0.0,,0,7744532812159076660,17948304992620177152,2194157329330479718,4b1031c8351fc5a335c14b9fb741455f1f758887c3a8a07dd607ddced447b7e4,0,False
locality,10,7,OPT,OPT,3000,1798,1202,0.5993333333333334,0.40066666666666667,100.0,1848,34.95670995670996,win,0.002118544000040856,0.0,,0,7744532812159076660,17948304992620177152,2194157329330479718,4b1031c8351fc5a335c14b9fb741455f1f758887c3a8a07dd607ddced447b7e4,0,False
locality,10,7,LeCaR-inspired,LeCaR,3000,969,2031,0.323,0.677,3.2672112018669672,1848,-9.902597402597403,loss,0.004797581999810063,0.0,,0,7744532812159076660,17948304992620177152,2194157329330479718,4b1031c8351fc5a335c14b9fb741455f1f758887c3a8a07dd607ddced447b7e4,0,False
locality,10,7,RL-Windowed,RL-Adaptive (windowed),3000,1077,1923,0.359,0.641,15.869311551925321,1848,-4.058441558441558,loss,0.00433158000032563,0.10741655800029548,"{""FIFO"": 0, ""LFU"": 40, ""LRU"": 20, ""MRU"": 0}",6,7744532812159076660,17948304992620177152,2194157329330479718,4b1031c8351fc5a335c14b9fb741455f1f758887c3a8a07dd607ddced447b7e4,0,False
locality,10,7,RL-FixedCommit-20,RL-Adaptive (per-eviction),3000,1033,1967,0.3443333333333333,0.6556666666666666,10.735122520420092,1848,-6.4393939393939394,loss,0.004232741000123497,0.13803145499969105,"{""FIFO"": 60, ""LFU"": 1177, ""LRU"": 660, ""MRU"": 60}",13,7744532812159076660,17948304992620177152,2194157329330479718,4b1031c8351fc5a335c14b9fb741455f1f758887c3a8a07dd607ddced447b7e4,0,False
locality,10,8,FIFO,FIFO,3000,910,2090,0.30333333333333334,0.6966666666666667,-7.59193357058125,1813,-15.278543849972422,loss,0.0030492570003843866,0.0,,0,16289282575473136673,12169513847499234336,15848039415457804445,804e29ddf86d5b4a5b9f0a3ef94914ab4ae911132b42ab5d737aa08b9907133a,0,False
locality,10,8,LRU,LRU,3000,974,2026,0.32466666666666666,0.6753333333333333,0.0,1813,-11.748483177054606,loss,0.0026433049997649505,0.0,,0,16289282575473136673,12169513847499234336,15848039415457804445,804e29ddf86d5b4a5b9f0a3ef94914ab4ae911132b42ab5d737aa08b9907133a,0,False
locality,10,8,LFU,LFU,3000,1187,1813,0.39566666666666667,0.6043333333333333,25.266903914590767,1813,0.0,tie,0.003132752000055916,0.0,,0,16289282575473136673,12169513847499234336,15848039415457804445,804e29ddf86d5b4a5b9f0a3ef94914ab4ae911132b42ab5d737aa08b9907133a,0,False
locality,10,8,MRU,MRU,3000,340,2660,0.11333333333333333,0.8866666666666667,-75.20759193357058,1813,-46.71814671814672,loss,0.0031107889999475447,0.0,,0,16289282575473136673,12169513847499234336,15848039415457804445,804e29ddf86d5b4a5b9f0a3ef94914ab4ae911132b42ab5d737aa08b9907133a,0,False
locality,10,8,OPT,OPT,3000,1817,1183,0.6056666666666667,0.3943333333333333,100.0,1813,34.74903474903475,win,0.0028858299992862158,0.0,,0,16289282575473136673,12169513847499234336,15848039415457804445,804e29ddf86d5b4a5b9f0a3ef94914ab4ae911132b42ab5d737aa08b9907133a,0,False
locality,10,8,LeCaR-inspired,LeCaR,3000,998,2002,0.33266666666666667,0.6673333333333333,2.846975088967974,1813,-10.424710424710424,loss,0.004916911999316653,0.0,,0,16289282575473136673,12169513847499234336,15848039415457804445,804e29ddf86d5b4a5b9f0a3ef94914ab4ae911132b42ab5d737aa08b9907133a,0,False
locality,10,8,RL-Windowed,RL-Adaptive (windowed),3000,1104,1896,0.368,0.632,15.42111506524318,1813,-4.5780474351902924,loss,0.003876774000673322,0.11292205500012642,"{""FIFO"": 14, ""LFU"": 44, ""LRU"": 0, ""MRU"": 2}",7,16289282575473136673,12169513847499234336,15848039415457804445,804e29ddf86d5b4a5b9f0a3ef94914ab4ae911132b42ab5d737aa08b9907133a,0,False
locality,10,8,RL-FixedCommit-20,RL-Adaptive (per-eviction),3000,1028,1972,0.3426666666666667,0.6573333333333333,6.405693950177942,1813,-8.769994484280199,loss,0.004445982000106596,0.13596862600024906,"{""FIFO"": 420, ""LFU"": 920, ""LRU"": 462, ""MRU"": 160}",14,16289282575473136673,12169513847499234336,15848039415457804445,804e29ddf86d5b4a5b9f0a3ef94914ab4ae911132b42ab5d737aa08b9907133a,0,False
locality,10,9,FIFO,FIFO,3000,913,2087,0.30433333333333334,0.6956666666666667,-3.5509736540664276,1840,-13.423913043478262,loss,0.003707769000357075,0.0,,0,16695966566381256948,4904566506404428370,10123543919198671443,b9867b2aab34676166267d93a0ba54f85d8d3e16a48f275adee936a7b7f5b2d6,0,False
locality,10,9,LRU,LRU,3000,944,2056,0.31466666666666665,0.6853333333333333,0.0,1840,-11.73913043478261,loss,0.004071147000104247,0.0,,0,16695966566381256948,4904566506404428370,10123543919198671443,b9867b2aab34676166267d93a0ba54f85d8d3e16a48f275adee936a7b7f5b2d6,0,False
locality,10,9,LFU,LFU,3000,1160,1840,0.38666666666666666,0.6133333333333333,24.742268041237132,1840,0.0,tie,0.003349950000483659,0.0,,0,16695966566381256948,4904566506404428370,10123543919198671443,b9867b2aab34676166267d93a0ba54f85d8d3e16a48f275adee936a7b7f5b2d6,0,False
locality,10,9,MRU,MRU,3000,348,2652,0.116,0.884,-68.27033218785795,1840,-44.130434782608695,loss,0.003011539999533852,0.0,,0,16695966566381256948,4904566506404428370,10123543919198671443,b9867b2aab34676166267d93a0ba54f85d8d3e16a48f275adee936a7b7f5b2d6,0,False
locality,10,9,OPT,OPT,3000,1817,1183,0.6056666666666667,0.3943333333333333,100.0,1840,35.70652173913044,win,0.0025418609993721475,0.0,,0,16695966566381256948,4904566506404428370,10123543919198671443,b9867b2aab34676166267d93a0ba54f85d8d3e16a48f275adee936a7b7f5b2d6,0,False
locality,10,9,LeCaR-inspired,LeCaR,3000,947,2053,0.31566666666666665,0.6843333333333333,0.3436426116838491,1840,-11.576086956521738,loss,0.005256503999589768,0.0,,0,16695966566381256948,4904566506404428370,10123543919198671443,b9867b2aab34676166267d93a0ba54f85d8d3e16a48f275adee936a7b7f5b2d6,0,False
locality,10,9,RL-Windowed,RL-Adaptive (windowed),3000,940,2060,0.31333333333333335,0.6866666666666666,-0.458190148911786,1840,-11.956521739130435,loss,0.009022189999996044,0.09908860400082631,"{""FIFO"": 0, ""LFU"": 0, ""LRU"": 57, ""MRU"": 3}",7,16695966566381256948,4904566506404428370,10123543919198671443,b9867b2aab34676166267d93a0ba54f85d8d3e16a48f275adee936a7b7f5b2d6,0,False
locality,10,9,RL-FixedCommit-20,RL-Adaptive (per-eviction),3000,1177,1823,0.3923333333333333,0.6076666666666667,26.68957617411225,1840,0.9239130434782609,win,0.006040635999852384,0.15156180199937808,"{""FIFO"": 0, ""LFU"": 1653, ""LRU"": 60, ""MRU"": 100}",14,16695966566381256948,4904566506404428370,10123543919198671443,b9867b2aab34676166267d93a0ba54f85d8d3e16a48f275adee936a7b7f5b2d6,0,False
locality,20,0,FIFO,FIFO,3000,1563,1437,0.521,0.479,-27.61310452418097,737,-94.9796472184532,loss,0.0027882029999091174,0.0,,0,999999,42,0,66ad0b4a2a3e096794b8cf6d6970364abe999322b32ecd58183b77b36db07da3,0,False
locality,20,0,LRU,LRU,3000,1740,1260,0.58,0.42,0.0,737,-70.96336499321573,loss,0.002410594000139099,0.0,,0,999999,42,0,66ad0b4a2a3e096794b8cf6d6970364abe999322b32ecd58183b77b36db07da3,0,False
locality,20,0,LFU,LFU,3000,2263,737,0.7543333333333333,0.24566666666666667,81.59126365054603,737,0.0,tie,0.002000825999857625,0.0,,0,999999,42,0,66ad0b4a2a3e096794b8cf6d6970364abe999322b32ecd58183b77b36db07da3,0,False
locality,20,0,MRU,MRU,3000,669,2331,0.223,0.777,-167.08268330733233,737,-216.28222523744913,loss,0.004288384999199479,0.0,,0,999999,42,0,66ad0b4a2a3e096794b8cf6d6970364abe999322b32ecd58183b77b36db07da3,0,False
locality,20,0,OPT,OPT,3000,2381,619,0.7936666666666666,0.20633333333333334,100.0,737,16.010854816824967,win,0.0023815600006855675,0.0,,0,999999,42,0,66ad0b4a2a3e096794b8cf6d6970364abe999322b32ecd58183b77b36db07da3,0,False
locality,20,0,LeCaR-inspired,LeCaR,3000,1886,1114,0.6286666666666667,0.37133333333333335,22.776911076443046,737,-51.153324287652644,loss,0.004134622000492527,0.0,,0,999999,42,0,66ad0b4a2a3e096794b8cf6d6970364abe999322b32ecd58183b77b36db07da3,0,False
locality,20,0,RL-Windowed,RL-Adaptive (windowed),3000,1742,1258,0.5806666666666667,0.41933333333333334,0.3120124804992116,737,-70.69199457259158,loss,0.0037636429997292,0.09612572800051566,"{""FIFO"": 1, ""LFU"": 2, ""LRU"": 57, ""MRU"": 0}",6,999999,42,0,66ad0b4a2a3e096794b8cf6d6970364abe999322b32ecd58183b77b36db07da3,0,False
locality,20,0,RL-FixedCommit-20,RL-Adaptive (per-eviction),3000,1735,1265,0.5783333333333334,0.4216666666666667,-0.780031201248068,737,-71.64179104477611,loss,0.003866559000016423,0.10991093600023305,"{""FIFO"": 20, ""LFU"": 40, ""LRU"": 1145, ""MRU"": 40}",11,999999,42,0,66ad0b4a2a3e096794b8cf6d6970364abe999322b32ecd58183b77b36db07da3,0,False
locality,20,1,FIFO,FIFO,3000,1568,1432,0.5226666666666666,0.47733333333333333,-25.688073394495408,746,-91.95710455764075,loss,0.002801672999339644,0.0,,0,8462322393053545826,11452657830546443733,13031138995152125955,cd1e4801e54e02f780434b6520df5c00a813e68db3874919216c26c1823ca8fc,0,False
locality,20,1,LRU,LRU,3000,1736,1264,0.5786666666666667,0.42133333333333334,0.0,746,-69.43699731903486,loss,0.002650944999913918,0.0,,0,8462322393053545826,11452657830546443733,13031138995152125955,cd1e4801e54e02f780434b6520df5c00a813e68db3874919216c26c1823ca8fc,0,False
locality,20,1,LFU,LFU,3000,2254,746,0.7513333333333333,0.24866666666666667,79.20489296636084,746,0.0,tie,0.0021234409996395698,0.0,,0,8462322393053545826,11452657830546443733,13031138995152125955,cd1e4801e54e02f780434b6520df5c00a813e68db3874919216c26c1823ca8fc,0,False
locality,20,1,MRU,MRU,3000,743,2257,0.24766666666666667,0.7523333333333333,-151.8348623853211,746,-202.54691689008044,loss,0.005625139000585477,0.0,,0,8462322393053545826,11452657830546443733,13031138995152125955,cd1e4801e54e02f780434b6520df5c00a813e68db3874919216c26c1823ca8fc,0,False
locality,20,1,OPT,OPT,3000,2390,610,0.7966666666666666,0.20333333333333334,100.0,746,18.230563002680967,win,0.0022211779996723635,0.0,,0,8462322393053545826,11452657830546443733,13031138995152125955,cd1e4801e54e02f780434b6520df5c00a813e68db3874919216c26c1823ca8fc,0,False
locality,20,1,LeCaR-inspired,LeCaR,3000,1895,1105,0.6316666666666667,0.36833333333333335,24.31192660550458,746,-48.12332439678284,loss,0.005178467000405362,0.0,,0,8462322393053545826,11452657830546443733,13031138995152125955,cd1e4801e54e02f780434b6520df5c00a813e68db3874919216c26c1823ca8fc,0,False
locality,20,1,RL-Windowed,RL-Adaptive (windowed),3000,1668,1332,0.556,0.444,-10.397553516819572,746,-78.55227882037534,loss,0.0033328140007142792,0.09071441100059019,"{""FIFO"": 24, ""LFU"": 3, ""LRU"": 32, ""MRU"": 1}",7,8462322393053545826,11452657830546443733,13031138995152125955,cd1e4801e54e02f780434b6520df5c00a813e68db3874919216c26c1823ca8fc,0,False
locality,20,1,RL-FixedCommit-20,RL-Adaptive (per-eviction),3000,2254,746,0.7513333333333333,0.24866666666666667,79.20489296636084,746,0.0,tie,0.0025245150000046124,0.09903639500043937,"{""FIFO"": 0, ""LFU"": 726, ""LRU"": 0, ""MRU"": 0}",13,8462322393053545826,11452657830546443733,13031138995152125955,cd1e4801e54e02f780434b6520df5c00a813e68db3874919216c26c1823ca8fc,0,False
locality,20,2,FIFO,FIFO,3000,1580,1420,0.5266666666666666,0.47333333333333333,-25.538461538461547,726,-95.59228650137742,loss,0.002561521000643552,0.0,,0,12939215624369039410,14321516590232026328,797748224678718512,d9a017c5df70d4f7e1c71bb4961d3a7d4d118b4a31aad39d34b801eca2fcf191,0,False
locality,20,2,LRU,LRU,3000,1746,1254,0.582,0.418,0.0,726,-72.72727272727273,loss,0.0023594070007675327,0.0,,0,12939215624369039410,14321516590232026328,797748224678718512,d9a017c5df70d4f7e1c71bb4961d3a7d4d118b4a31aad39d34b801eca2fcf191,0,False
locality,20,2,LFU,LFU,3000,2274,726,0.758,0.242,81.23076923076923,726,0.0,tie,0.003686256999571924,0.0,,0,12939215624369039410,14321516590232026328,797748224678718512,d9a017c5df70d4f7e1c71bb4961d3a7d4d118b4a31aad39d34b801eca2fcf191,0,False
locality,20,2,MRU,MRU,3000,747,2253,0.249,0.751,-153.6923076923077,726,-210.3305785123967,loss,0.0038041849993533106,0.0,,0,12939215624369039410,14321516590232026328,797748224678718512,d9a017c5df70d4f7e1c71bb4961d3a7d4d118b4a31aad39d34b801eca2fcf191,0,False
locality,20,2,OPT,OPT,3000,2396,604,0.7986666666666666,0.20133333333333334,100.0,726,16.804407713498623,win,0.002371175000007497,0.0,,0,12939215624369039410,14321516590232026328,797748224678718512,d9a017c5df70d4f7e1c71bb4961d3a7d4d118b4a31aad39d34b801eca2fcf191,0,False
locality,20,2,LeCaR-inspired,LeCaR,3000,1959,1041,0.653,0.347,32.76923076923078,726,-43.388429752066116,loss,0.004171487999883539,0.0,,0,12939215624369039410,14321516590232026328,797748224678718512,d9a017c5df70d4f7e1c71bb4961d3a7d4d118b4a31aad39d34b801eca2fcf191,0,False
locality,20,2,RL-Windowed,RL-Adaptive (windowed),3000,1949,1051,0.6496666666666666,0.35033333333333333,31.23076923076923,726,-44.76584022038568,loss,0.00396125099996425,0.09198301399919728,"{""FIFO"": 13, ""LFU"": 42, ""LRU"": 1, ""MRU"": 4}",6,12939215624369039410,14321516590232026328,797748224678718512,d9a017c5df70d4f7e1c71bb4961d3a7d4d118b4a31aad39d34b801eca2fcf191,0,False
locality,20,2,RL-FixedCommit-20,RL-Adaptive (per-eviction),3000,2145,855,0.715,0.285,61.384615384615394,726,-17.768595041322314,loss,0.003364041000168072,0.0964882829994167,"{""FIFO"": 20, ""LFU"": 715, ""LRU"": 100, ""MRU"": 0}",9,12939215624369039410,14321516590232026328,797748224678718512,d9a017c5df70d4f7e1c71bb4961d3a7d4d118b4a31aad39d34b801eca2fcf191,0,False
locality,20,3,FIFO,FIFO,3000,1605,1395,0.535,0.465,-23.520485584218527,792,-76.13636363636364,loss,0.002574551000179781,0.0,,0,4445919889091736099,556737582065438901,6617302905501221080,2c6c96f900a5398c9968686431fe78d1fa71f421aa44909a42a73c0b3e22a281,0,False
locality,20,3,LRU,LRU,3000,1760,1240,0.5866666666666667,0.41333333333333333,0.0,792,-56.56565656565657,loss,0.0022507630001200596,0.0,,0,4445919889091736099,556737582065438901,6617302905501221080,2c6c96f900a5398c9968686431fe78d1fa71f421aa44909a42a73c0b3e22a281,0,False
locality,20,3,LFU,LFU,3000,2208,792,0.736,0.264,67.98179059180576,792,0.0,tie,0.0020466550004130113,0.0,,0,4445919889091736099,556737582065438901,6617302905501221080,2c6c96f900a5398c9968686431fe78d1fa71f421aa44909a42a73c0b3e22a281,0,False
locality,20,3,MRU,MRU,3000,768,2232,0.256,0.744,-150.53110773899846,792,-181.8181818181818,loss,0.0034365399997113855,0.0,,0,4445919889091736099,556737582065438901,6617302905501221080,2c6c96f900a5398c9968686431fe78d1fa71f421aa44909a42a73c0b3e22a281,0,False
locality,20,3,OPT,OPT,3000,2419,581,0.8063333333333333,0.19366666666666665,100.0,792,26.641414141414142,win,0.0030656509998152615,0.0,,0,4445919889091736099,556737582065438901,6617302905501221080,2c6c96f900a5398c9968686431fe78d1fa71f421aa44909a42a73c0b3e22a281,0,False
locality,20,3,LeCaR-inspired,LeCaR,3000,2001,999,0.667,0.333,36.57056145675264,792,-26.136363636363637,loss,0.004432681000253069,0.0,,0,4445919889091736099,556737582065438901,6617302905501221080,2c6c96f900a5398c9968686431fe78d1fa71f421aa44909a42a73c0b3e22a281,0,False
locality,20,3,RL-Windowed,RL-Adaptive (windowed),3000,1942,1058,0.6473333333333333,0.3526666666666667,27.617602427921085,792,-33.58585858585859,loss,0.0037963320000926615,0.11726989999988291,"{""FIFO"": 1, ""LFU"": 43, ""LRU"": 0, ""MRU"": 16}",6,4445919889091736099,556737582065438901,6617302905501221080,2c6c96f900a5398c9968686431fe78d1fa71f421aa44909a42a73c0b3e22a281,0,False
locality,20,3,RL-FixedCommit-20,RL-Adaptive (per-eviction),3000,2247,753,0.749,0.251,73.89984825493171,792,4.924242424242424,win,0.002932440999757091,0.11218078899946704,"{""FIFO"": 20, ""LFU"": 673, ""LRU"": 40, ""MRU"": 0}",11,4445919889091736099,556737582065438901,6617302905501221080,2c6c96f900a5398c9968686431fe78d1fa71f421aa44909a42a73c0b3e22a281,0,False
locality,20,4,FIFO,FIFO,3000,1538,1462,0.5126666666666667,0.48733333333333334,-22.38586156111931,751,-94.67376830892144,loss,0.0028849389991592034,0.0,,0,889702394014875050,12799852016567721013,16770565884552024016,2fc7e2837c5b5f653f3f5eb21518237a6b2911878fae2ed91841c6baf4b908a6,0,False
locality,20,4,LRU,LRU,3000,1690,1310,0.5633333333333334,0.43666666666666665,0.0,751,-74.43408788282291,loss,0.0023805979999451665,0.0,,0,889702394014875050,12799852016567721013,16770565884552024016,2fc7e2837c5b5f653f3f5eb21518237a6b2911878fae2ed91841c6baf4b908a6,0,False
locality,20,4,LFU,LFU,3000,2249,751,0.7496666666666667,0.25033333333333335,82.32695139911634,751,0.0,tie,0.0019776609997279593,0.0,,0,889702394014875050,12799852016567721013,16770565884552024016,2fc7e2837c5b5f653f3f5eb21518237a6b2911878fae2ed91841c6baf4b908a6,0,False
locality,20,4,MRU,MRU,3000,741,2259,0.247,0.753,-139.76435935198825,751,-200.7989347536618,loss,0.003971496999838564,0.0,,0,889702394014875050,12799852016567721013,16770565884552024016,2fc7e2837c5b5f653f3f5eb21518237a6b2911878fae2ed91841c6baf4b908a6,0,False
locality,20,4,OPT,OPT,3000,2369,631,0.7896666666666666,0.21033333333333334,100.0,751,15.978695073235686,win,0.0023301130004256265,0.0,,0,889702394014875050,12799852016567721013,16770565884552024016,2fc7e2837c5b5f653f3f5eb21518237a6b2911878fae2ed91841c6baf4b908a6,0,False
locality,20,4,LeCaR-inspired,LeCaR,3000,1844,1156,0.6146666666666667,0.38533333333333336,22.680412371134004,751,-53.92809587217044,loss,0.004062212999997428,0.0,,0,889702394014875050,12799852016567721013,16770565884552024016,2fc7e2837c5b5f653f3f5eb21518237a6b2911878fae2ed91841c6baf4b908a6,0,False
locality,20,4,RL-Windowed,RL-Adaptive (windowed),3000,1829,1171,0.6096666666666667,0.3903333333333333,20.47128129602357,751,-55.9254327563249,loss,0.004025028000796738,0.11987737500021467,"{""FIFO"": 19, ""LFU"": 40, ""LRU"": 1, ""MRU"": 0}",6,889702394014875050,12799852016567721013,16770565884552024016,2fc7e2837c5b5f653f3f5eb21518237a6b2911878fae2ed91841c6baf4b908a6,0,False
locality,20,4,RL-FixedCommit-20,RL-Adaptive (per-eviction),3000,1971,1029,0.657,0.343,41.38438880706921,751,-37.017310252996005,loss,0.0036665059997176286,0.12015201499980321,"{""FIFO"": 0, ""LFU"": 669, ""LRU"": 260, ""MRU"": 80}",10,889702394014875050,12799852016567721013,16770565884552024016,2fc7e2837c5b5f653f3f5eb21518237a6b2911878fae2ed91841c6baf4b908a6,0,False
locality,20,5,FIFO,FIFO,3000,1571,1429,0.5236666666666666,0.47633333333333333,-19.331395348837212,708,-101.8361581920904,loss,0.002863136000087252,0.0,,0,17109203366396955948,1495984600664482278,8056782613444305281,08e26c7fe21659593b3f39a32603a112b86cc5c459d8eb35005b4680442c5e50,0,False
locality,20,5,LRU,LRU,3000,1704,1296,0.568,0.432,0.0,708,-83.05084745762711,loss,0.003017048000401701,0.0,,0,17109203366396955948,1495984600664482278,8056782613444305281,08e26c7fe21659593b3f39a32603a112b86cc5c459d8eb35005b4680442c5e50,0,False
locality,20,5,LFU,LFU,3000,2292,708,0.764,0.236,85.46511627906978,708,0.0,tie,0.0019057230001635617,0.0,,0,17109203366396955948,1495984600664482278,8056782613444305281,08e26c7fe21659593b3f39a32603a112b86cc5c459d8eb35005b4680442c5e50,0,False
locality,20,5,MRU,MRU,3000,763,2237,0.25433333333333336,0.7456666666666667,-136.7732558139535,708,-215.96045197740114,loss,0.003753749000679818,0.0,,0,17109203366396955948,1495984600664482278,8056782613444305281,08e26c7fe21659593b3f39a32603a112b86cc5c459d8eb35005b4680442c5e50,0,False
locality,20,5,OPT,OPT,3000,2392,608,0.7973333333333333,0.20266666666666666,100.0,708,14.124293785310735,win,0.002483143000063137,0.0,,0,17109203366396955948,1495984600664482278,8056782613444305281,08e26c7fe21659593b3f39a32603a112b86cc5c459d8eb35005b4680442c5e50,0,False
locality,20,5,LeCaR-inspired,LeCaR,3000,2009,991,0.6696666666666666,0.3303333333333333,44.33139534883722,708,-39.97175141242938,loss,0.003465804999905231,0.0,,0,17109203366396955948,1495984600664482278,8056782613444305281,08e26c7fe21659593b3f39a32603a112b86cc5c459d8eb35005b4680442c5e50,0,False
locality,20,5,RL-Windowed,RL-Adaptive (windowed),3000,2151,849,0.717,0.283,64.97093023255815,708,-19.915254237288135,loss,0.0032438400003229617,0.09779921599965746,"{""FIFO"": 2, ""LFU"": 55, ""LRU"": 3, ""MRU"": 0}",7,17109203366396955948,1495984600664482278,8056782613444305281,08e26c7fe21659593b3f39a32603a112b86cc5c459d8eb35005b4680442c5e50,0,False
locality,20,5,RL-FixedCommit-20,RL-Adaptive (per-eviction),3000,2095,905,0.6983333333333334,0.3016666666666667,56.8313953488372,708,-27.824858757062145,loss,0.0031845009998505702,0.1094126950001737,"{""FIFO"": 180, ""LFU"": 705, ""LRU"": 0, ""MRU"": 0}",9,17109203366396955948,1495984600664482278,8056782613444305281,08e26c7fe21659593b3f39a32603a112b86cc5c459d8eb35005b4680442c5e50,0,False
locality,20,6,FIFO,FIFO,3000,1562,1438,0.5206666666666667,0.47933333333333333,-28.700906344410885,789,-82.25602027883397,loss,0.0025577960004738998,0.0,,0,14126645737420724712,11516000946453513690,5973289253907925899,f683aaf48d26158970317f90519f315ea21d9fe5b44eb3af9bee4635a292a6bb,0,False
locality,20,6,LRU,LRU,3000,1752,1248,0.584,0.416,0.0,789,-58.17490494296578,loss,0.0022049339995646733,0.0,,0,14126645737420724712,11516000946453513690,5973289253907925899,f683aaf48d26158970317f90519f315ea21d9fe5b44eb3af9bee4635a292a6bb,0,False
locality,20,6,LFU,LFU,3000,2211,789,0.737,0.263,69.33534743202416,789,0.0,tie,0.0020976719997634063,0.0,,0,14126645737420724712,11516000946453513690,5973289253907925899,f683aaf48d26158970317f90519f315ea21d9fe5b44eb3af9bee4635a292a6bb,0,False
locality,20,6,MRU,MRU,3000,729,2271,0.243,0.757,-154.53172205438068,789,-187.83269961977186,loss,0.0038858970001456328,0.0,,0,14126645737420724712,11516000946453513690,5973289253907925899,f683aaf48d26158970317f90519f315ea21d9fe5b44eb3af9bee4635a292a6bb,0,False
locality,20,6,OPT,OPT,3000,2414,586,0.8046666666666666,0.19533333333333333,100.0,789,25.728770595690747,win,0.002120627000294917,0.0,,0,14126645737420724712,11516000946453513690,5973289253907925899,f683aaf48d26158970317f90519f315ea21d9fe5b44eb3af9bee4635a292a6bb,0,False
locality,20,6,LeCaR-inspired,LeCaR,3000,1999,1001,0.6663333333333333,0.33366666666666667,37.311178247734134,789,-26.869455006337137,loss,0.00369435899938253,0.0,,0,14126645737420724712,11516000946453513690,5973289253907925899,f683aaf48d26158970317f90519f315ea21d9fe5b44eb3af9bee4635a292a6bb,0,False
locality,20,6,RL-Windowed,RL-Adaptive (windowed),3000,1846,1154,0.6153333333333333,0.38466666666666666,14.199395770392744,789,-46.261089987325725,loss,0.00344234900057927,0.09249390300010418,"{""FIFO"": 24, ""LFU"": 36, ""LRU"": 0, ""MRU"": 0}",7,14126645737420724712,11516000946453513690,5973289253907925899,f683aaf48d26158970317f90519f315ea21d9fe5b44eb3af9bee4635a292a6bb,0,False
locality,20,6,RL-FixedCommit-20,RL-Adaptive (per-eviction),3000,1851,1149,0.617,0.383,14.954682779456183,789,-45.627376425855516,loss,0.00348008499986463,0.1104165290007586,"{""FIFO"": 489, ""LFU"": 580, ""LRU"": 40, ""MRU"": 20}",11,14126645737420724712,11516000946453513690,5973289253907925899,f683aaf48d26158970317f90519f315ea21d9fe5b44eb3af9bee4635a292a6bb,0,False
locality,20,7,FIFO,FIFO,3000,1542,1458,0.514,0.486,-26.283987915407852,723,-101.65975103734439,loss,0.00240455400034989,0.0,,0,7744532812159076660,17948304992620177152,2194157329330479718,4b1031c8351fc5a335c14b9fb741455f1f758887c3a8a07dd607ddced447b7e4,0,False
locality,20,7,LRU,LRU,3000,1716,1284,0.572,0.428,0.0,723,-77.59336099585062,loss,0.002212926000538573,0.0,,0,7744532812159076660,17948304992620177152,2194157329330479718,4b1031c8351fc5a335c14b9fb741455f1f758887c3a8a07dd607ddced447b7e4,0,False
locality,20,7,LFU,LFU,3000,2277,723,0.759,0.241,84.74320241691844,723,0.0,tie,0.0018913009998868802,0.0,,0,7744532812159076660,17948304992620177152,2194157329330479718,4b1031c8351fc5a335c14b9fb741455f1f758887c3a8a07dd607ddced447b7e4,0,False
locality,20,7,MRU,MRU,3000,645,2355,0.215,0.785,-161.78247734138975,723,-225.72614107883817,loss,0.0037571430002572015,0.0,,0,7744532812159076660,17948304992620177152,2194157329330479718,4b1031c8351fc5a335c14b9fb741455f1f758887c3a8a07dd607ddced447b7e4,0,False
locality,20,7,OPT,OPT,3000,2378,622,0.7926666666666666,0.20733333333333334,100.0,723,13.96957123098202,win,0.0020483569996940787,0.0,,0,7744532812159076660,17948304992620177152,2194157329330479718,4b1031c8351fc5a335c14b9fb741455f1f758887c3a8a07dd607ddced447b7e4,0,False
locality,20,7,LeCaR-inspired,LeCaR,3000,1848,1152,0.616,0.384,19.93957703927492,723,-59.33609958506224,loss,0.003832567000245035,0.0,,0,7744532812159076660,17948304992620177152,2194157329330479718,4b1031c8351fc5a335c14b9fb741455f1f758887c3a8a07dd607ddced447b7e4,0,False
locality,20,7,RL-Windowed,RL-Adaptive (windowed),3000,1950,1050,0.65,0.35,35.347432024169194,723,-45.22821576763486,loss,0.003372062000380538,0.08605467699999281,"{""FIFO"": 0, ""LFU"": 40, ""LRU"": 20, ""MRU"": 0}",6,7744532812159076660,17948304992620177152,2194157329330479718,4b1031c8351fc5a335c14b9fb741455f1f758887c3a8a07dd607ddced447b7e4,0,False
locality,20,7,RL-FixedCommit-20,RL-Adaptive (per-eviction),3000,1908,1092,0.636,0.364,29.003021148036257,723,-51.03734439834025,loss,0.0036006780001116567,0.10313892400063196,"{""FIFO"": 360, ""LFU"": 712, ""LRU"": 0, ""MRU"": 0}",11,7744532812159076660,17948304992620177152,2194157329330479718,4b1031c8351fc5a335c14b9fb741455f1f758887c3a8a07dd607ddced447b7e4,0,False
locality,20,8,FIFO,FIFO,3000,1562,1438,0.5206666666666667,0.47933333333333333,-28.149300155521008,718,-100.27855153203343,loss,0.0027432749993749894,0.0,,0,16289282575473136673,12169513847499234336,15848039415457804445,804e29ddf86d5b4a5b9f0a3ef94914ab4ae911132b42ab5d737aa08b9907133a,0,False
locality,20,8,LRU,LRU,3000,1743,1257,0.581,0.419,0.0,718,-75.06963788300835,loss,0.002359365999836882,0.0,,0,16289282575473136673,12169513847499234336,15848039415457804445,804e29ddf86d5b4a5b9f0a3ef94914ab4ae911132b42ab5d737aa08b9907133a,0,False
locality,20,8,LFU,LFU,3000,2282,718,0.7606666666666667,0.23933333333333334,83.8258164852255,718,0.0,tie,0.0019324029999552295,0.0,,0,16289282575473136673,12169513847499234336,15848039415457804445,804e29ddf86d5b4a5b9f0a3ef94914ab4ae911132b42ab5d737aa08b9907133a,0,False
locality,20,8,MRU,MRU,3000,679,2321,0.22633333333333333,0.7736666666666666,-165.47433903576982,718,-223.2590529247911,loss,0.0036246330000722082,0.0,,0,16289282575473136673,12169513847499234336,15848039415457804445,804e29ddf86d5b4a5b9f0a3ef94914ab4ae911132b42ab5d737aa08b9907133a,0,False
locality,20,8,OPT,OPT,3000,2386,614,0.7953333333333333,0.20466666666666666,100.0,718,14.484679665738161,win,0.0021204260001468356,0.0,,0,16289282575473136673,12169513847499234336,15848039415457804445,804e29ddf86d5b4a5b9f0a3ef94914ab4ae911132b42ab5d737aa08b9907133a,0,False
locality,20,8,LeCaR-inspired,LeCaR,3000,1951,1049,0.6503333333333333,0.3496666666666667,32.348367029548974,718,-46.100278551532035,loss,0.0039768950000507175,0.0,,0,16289282575473136673,12169513847499234336,15848039415457804445,804e29ddf86d5b4a5b9f0a3ef94914ab4ae911132b42ab5d737aa08b9907133a,0,False
locality,20,8,RL-Windowed,RL-Adaptive (windowed),3000,1897,1103,0.6323333333333333,0.36766666666666664,23.95023328149301,718,-53.62116991643454,loss,0.0035226600002715713,0.09562157799973647,"{""FIFO"": 14, ""LFU"": 40, ""LRU"": 0, ""MRU"": 6}",7,16289282575473136673,12169513847499234336,15848039415457804445,804e29ddf86d5b4a5b9f0a3ef94914ab4ae911132b42ab5d737aa08b9907133a,0,False
locality,20,8,RL-FixedCommit-20,RL-Adaptive (per-eviction),3000,1977,1023,0.659,0.341,36.391912908242595,718,-42.4791086350975,loss,0.003251992000514292,0.09589511000012862,"{""FIFO"": 80, ""LFU"": 723, ""LRU"": 0, ""MRU"": 200}",11,16289282575473136673,12169513847499234336,15848039415457804445,804e29ddf86d5b4a5b9f0a3ef94914ab4ae911132b42ab5d737aa08b9907133a,0,False
locality,20,9,FIFO,FIFO,3000,1581,1419,0.527,0.473,-29.841269841269835,714,-98.73949579831933,loss,0.002552787999775319,0.0,,0,16695966566381256948,4904566506404428370,10123543919198671443,b9867b2aab34676166267d93a0ba54f85d8d3e16a48f275adee936a7b7f5b2d6,0,False
locality,20,9,LRU,LRU,3000,1769,1231,0.5896666666666667,0.4103333333333333,0.0,714,-72.40896358543418,loss,0.002283341999827826,0.0,,0,16695966566381256948,4904566506404428370,10123543919198671443,b9867b2aab34676166267d93a0ba54f85d8d3e16a48f275adee936a7b7f5b2d6,0,False
locality,20,9,LFU,LFU,3000,2286,714,0.762,0.238,82.06349206349208,714,0.0,tie,0.001924219999636989,0.0,,0,16695966566381256948,4904566506404428370,10123543919198671443,b9867b2aab34676166267d93a0ba54f85d8d3e16a48f275adee936a7b7f5b2d6,0,False
locality,20,9,MRU,MRU,3000,714,2286,0.238,0.762,-167.46031746031747,714,-220.16806722689077,loss,0.00419611600045755,0.0,,0,16695966566381256948,4904566506404428370,10123543919198671443,b9867b2aab34676166267d93a0ba54f85d8d3e16a48f275adee936a7b7f5b2d6,0,False
locality,20,9,OPT,OPT,3000,2399,601,0.7996666666666666,0.20033333333333334,100.0,714,15.826330532212886,win,0.002183691999562143,0.0,,0,16695966566381256948,4904566506404428370,10123543919198671443,b9867b2aab34676166267d93a0ba54f85d8d3e16a48f275adee936a7b7f5b2d6,0,False
locality,20,9,LeCaR-inspired,LeCaR,3000,1929,1071,0.643,0.357,25.396825396825403,714,-50.0,loss,0.0037049439997645095,0.0,,0,16695966566381256948,4904566506404428370,10123543919198671443,b9867b2aab34676166267d93a0ba54f85d8d3e16a48f275adee936a7b7f5b2d6,0,False
locality,20,9,RL-Windowed,RL-Adaptive (windowed),3000,1752,1248,0.584,0.416,-2.698412698412692,714,-74.78991596638656,loss,0.003205392000381835,0.09388178500012145,"{""FIFO"": 0, ""LFU"": 1, ""LRU"": 56, ""MRU"": 3}",7,16695966566381256948,4904566506404428370,10123543919198671443,b9867b2aab34676166267d93a0ba54f85d8d3e16a48f275adee936a7b7f5b2d6,0,False
locality,20,9,RL-FixedCommit-20,RL-Adaptive (per-eviction),3000,1975,1025,0.6583333333333333,0.3416666666666667,32.698412698412696,714,-43.55742296918768,loss,0.0032376010003645206,0.09817670000029466,"{""FIFO"": 20, ""LFU"": 580, ""LRU"": 345, ""MRU"": 60}",12,16695966566381256948,4904566506404428370,10123543919198671443,b9867b2aab34676166267d93a0ba54f85d8d3e16a48f275adee936a7b7f5b2d6,0,False
locality,40,0,FIFO,FIFO,3000,2213,787,0.7376666666666667,0.2623333333333333,-131.73076923076917,483,-62.939958592132506,loss,0.002351594000174373,0.0,,0,999999,42,0,66ad0b4a2a3e096794b8cf6d6970364abe999322b32ecd58183b77b36db07da3,0,False
locality,40,0,LRU,LRU,3000,2487,513,0.829,0.171,0.0,483,-6.211180124223603,loss,0.0016665919993101852,0.0,,0,999999,42,0,66ad0b4a2a3e096794b8cf6d6970364abe999322b32ecd58183b77b36db07da3,0,False
locality,40,0,LFU,LFU,3000,2517,483,0.839,0.161,14.423076923076932,483,0.0,tie,0.0022098310000728816,0.0,,0,999999,42,0,66ad0b4a2a3e096794b8cf6d6970364abe999322b32ecd58183b77b36db07da3,0,False
locality,40,0,MRU,MRU,3000,1262,1738,0.4206666666666667,0.5793333333333334,-588.9423076923076,483,-259.8343685300207,loss,0.004325549999521172,0.0,,0,999999,42,0,66ad0b4a2a3e096794b8cf6d6970364abe999322b32ecd58183b77b36db07da3,0,False
locality,40,0,OPT,OPT,3000,2695,305,0.8983333333333333,0.10166666666666667,100.0,483,36.85300207039337,win,0.0017664529996181955,0.0,,0,999999,42,0,66ad0b4a2a3e096794b8cf6d6970364abe999322b32ecd58183b77b36db07da3,0,False
locality,40,0,LeCaR-inspired,LeCaR,3000,2499,501,0.833,0.167,5.769230769230774,483,-3.7267080745341614,loss,0.0026678920003178064,0.0,,0,999999,42,0,66ad0b4a2a3e096794b8cf6d6970364abe999322b32ecd58183b77b36db07da3,0,False
locality,40,0,RL-Windowed,RL-Adaptive (windowed),3000,2489,511,0.8296666666666667,0.17033333333333334,0.9615384615384757,483,-5.797101449275362,loss,0.0027416920001996914,0.07748747300047398,"{""FIFO"": 1, ""LFU"": 2, ""LRU"": 57, ""MRU"": 0}",6,999999,42,0,66ad0b4a2a3e096794b8cf6d6970364abe999322b32ecd58183b77b36db07da3,0,False
locality,40,0,RL-FixedCommit-20,RL-Adaptive (per-eviction),3000,2409,591,0.803,0.197,-37.499999999999986,483,-22.36024844720497,loss,0.004260853000232601,0.08133682500010764,"{""FIFO"": 100, ""LFU"": 0, ""LRU"": 431, ""MRU"": 20}",8,999999,42,0,66ad0b4a2a3e096794b8cf6d6970364abe999322b32ecd58183b77b36db07da3,0,False
locality,40,1,FIFO,FIFO,3000,2277,723,0.759,0.241,-124.47916666666666,478,-51.25523012552301,loss,0.0019818280006802524,0.0,,0,8462322393053545826,11452657830546443733,13031138995152125955,cd1e4801e54e02f780434b6520df5c00a813e68db3874919216c26c1823ca8fc,0,False
locality,40,1,LRU,LRU,3000,2516,484,0.8386666666666667,0.16133333333333333,0.0,478,-1.2552301255230125,loss,0.0015679730004194425,0.0,,0,8462322393053545826,11452657830546443733,13031138995152125955,cd1e4801e54e02f780434b6520df5c00a813e68db3874919216c26c1823ca8fc,0,False
locality,40,1,LFU,LFU,3000,2522,478,0.8406666666666667,0.15933333333333333,3.1250000000000027,478,0.0,tie,0.002042238999820256,0.0,,0,8462322393053545826,11452657830546443733,13031138995152125955,cd1e4801e54e02f780434b6520df5c00a813e68db3874919216c26c1823ca8fc,0,False
locality,40,1,MRU,MRU,3000,1351,1649,0.4503333333333333,0.5496666666666666,-606.7708333333333,478,-244.97907949790795,loss,0.003938777000257687,0.0,,0,8462322393053545826,11452657830546443733,13031138995152125955,cd1e4801e54e02f780434b6520df5c00a813e68db3874919216c26c1823ca8fc,0,False
locality,40,1,OPT,OPT,3000,2708,292,0.9026666666666666,0.09733333333333333,100.0,478,38.91213389121339,win,0.0017573690001881914,0.0,,0,8462322393053545826,11452657830546443733,13031138995152125955,cd1e4801e54e02f780434b6520df5c00a813e68db3874919216c26c1823ca8fc,0,False
locality,40,1,LeCaR-inspired,LeCaR,3000,2527,473,0.8423333333333334,0.15766666666666668,5.729166666666643,478,1.0460251046025104,win,0.002487679999831016,0.0,,0,8462322393053545826,11452657830546443733,13031138995152125955,cd1e4801e54e02f780434b6520df5c00a813e68db3874919216c26c1823ca8fc,0,False
locality,40,1,RL-Windowed,RL-Adaptive (windowed),3000,2363,637,0.7876666666666666,0.21233333333333335,-79.68750000000003,478,-33.26359832635983,loss,0.003006743000696588,0.07395758199982083,"{""FIFO"": 24, ""LFU"": 3, ""LRU"": 32, ""MRU"": 1}",7,8462322393053545826,11452657830546443733,13031138995152125955,cd1e4801e54e02f780434b6520df5c00a813e68db3874919216c26c1823ca8fc,0,False
locality,40,1,RL-FixedCommit-20,RL-Adaptive (per-eviction),3000,2380,620,0.7933333333333333,0.20666666666666667,-70.83333333333334,478,-29.707112970711297,loss,0.002759418999630725,0.0780662659999507,"{""FIFO"": 280, ""LFU"": 300, ""LRU"": 0, ""MRU"": 0}",11,8462322393053545826,11452657830546443733,13031138995152125955,cd1e4801e54e02f780434b6520df5c00a813e68db3874919216c26c1823ca8fc,0,False
locality,40,2,FIFO,FIFO,3000,2246,754,0.7486666666666667,0.25133333333333335,-122.96650717703355,467,-61.45610278372591,loss,0.0022662360006506788,0.0,,0,12939215624369039410,14321516590232026328,797748224678718512,d9a017c5df70d4f7e1c71bb4961d3a7d4d118b4a31aad39d34b801eca2fcf191,0,False
locality,40,2,LRU,LRU,3000,2503,497,0.8343333333333334,0.16566666666666666,0.0,467,-6.423982869379015,loss,0.0016939229999479721,0.0,,0,12939215624369039410,14321516590232026328,797748224678718512,d9a017c5df70d4f7e1c71bb4961d3a7d4d118b4a31aad39d34b801eca2fcf191,0,False
locality,40,2,LFU,LFU,3000,2533,467,0.8443333333333334,0.15566666666666668,14.354066985645908,467,0.0,tie,0.002103029999489081,0.0,,0,12939215624369039410,14321516590232026328,797748224678718512,d9a017c5df70d4f7e1c71bb4961d3a7d4d118b4a31aad39d34b801eca2fcf191,0,False
locality,40,2,MRU,MRU,3000,1410,1590,0.47,0.53,-522.9665071770337,467,-240.4710920770878,loss,0.00486562399964896,0.0,,0,12939215624369039410,14321516590232026328,797748224678718512,d9a017c5df70d4f7e1c71bb4961d3a7d4d118b4a31aad39d34b801eca2fcf191,0,False
locality,40,2,OPT,OPT,3000,2712,288,0.904,0.096,100.0,467,38.32976445396146,win,0.0018651519994818955,0.0,,0,12939215624369039410,14321516590232026328,797748224678718512,d9a017c5df70d4f7e1c71bb4961d3a7d4d118b4a31aad39d34b801eca2fcf191,0,False
locality,40,2,LeCaR-inspired,LeCaR,3000,2509,491,0.8363333333333334,0.16366666666666665,2.8708133971291896,467,-5.139186295503212,loss,0.0026659789991754224,0.0,,0,12939215624369039410,14321516590232026328,797748224678718512,d9a017c5df70d4f7e1c71bb4961d3a7d4d118b4a31aad39d34b801eca2fcf191,0,False
locality,40,2,RL-Windowed,RL-Adaptive (windowed),3000,2360,640,0.7866666666666666,0.21333333333333335,-68.42105263157899,467,-37.04496788008565,loss,0.0030383299999812152,0.08180419900054403,"{""FIFO"": 13, ""LFU"": 0, ""LRU"": 43, ""MRU"": 4}",6,12939215624369039410,14321516590232026328,797748224678718512,d9a017c5df70d4f7e1c71bb4961d3a7d4d118b4a31aad39d34b801eca2fcf191,0,False
locality,40,2,RL-FixedCommit-20,RL-Adaptive (per-eviction),3000,2434,566,0.8113333333333334,0.18866666666666668,-33.01435406698568,467,-21.199143468950748,loss,0.002315490000000864,0.07306043900007353,"{""FIFO"": 0, ""LFU"": 20, ""LRU"": 406, ""MRU"": 100}",10,12939215624369039410,14321516590232026328,797748224678718512,d9a017c5df70d4f7e1c71bb4961d3a7d4d118b4a31aad39d34b801eca2fcf191,0,False
locality,40,3,FIFO,FIFO,3000,2280,720,0.76,0.24,-123.85786802030452,455,-58.24175824175824,loss,0.0029415740000331425,0.0,,0,4445919889091736099,556737582065438901,6617302905501221080,2c6c96f900a5398c9968686431fe78d1fa71f421aa44909a42a73c0b3e22a281,0,False
locality,40,3,LRU,LRU,3000,2524,476,0.8413333333333334,0.15866666666666668,0.0,455,-4.615384615384615,loss,0.0015184089998001582,0.0,,0,4445919889091736099,556737582065438901,6617302905501221080,2c6c96f900a5398c9968686431fe78d1fa71f421aa44909a42a73c0b3e22a281,0,False
locality,40,3,LFU,LFU,3000,2545,455,0.8483333333333334,0.15166666666666667,10.659898477157368,455,0.0,tie,0.00198323899985553,0.0,,0,4445919889091736099,556737582065438901,6617302905501221080,2c6c96f900a5398c9968686431fe78d1fa71f421aa44909a42a73c0b3e22a281,0,False
locality,40,3,MRU,MRU,3000,1354,1646,0.4513333333333333,0.5486666666666666,-593.9086294416243,455,-261.75824175824175,loss,0.003990525000517664,0.0,,0,4445919889091736099,556737582065438901,6617302905501221080,2c6c96f900a5398c9968686431fe78d1fa71f421aa44909a42a73c0b3e22a281,0,False
locality,40,3,OPT,OPT,3000,2721,279,0.907,0.093,100.0,455,38.68131868131868,win,0.001730657999360119,0.0,,0,4445919889091736099,556737582065438901,6617302905501221080,2c6c96f900a5398c9968686431fe78d1fa71f421aa44909a42a73c0b3e22a281,0,False
locality,40,3,LeCaR-inspired,LeCaR,3000,2535,465,0.845,0.155,5.583756345177683,455,-2.197802197802198,loss,0.0024443749998681596,0.0,,0,4445919889091736099,556737582065438901,6617302905501221080,2c6c96f900a5398c9968686431fe78d1fa71f421aa44909a42a73c0b3e22a281,0,False
locality,40,3,RL-Windowed,RL-Adaptive (windowed),3000,2319,681,0.773,0.227,-104.06091370558373,455,-49.67032967032967,loss,0.0036643430003096,0.11246715600009338,"{""FIFO"": 1, ""LFU"": 43, ""LRU"": 0, ""MRU"": 16}",6,4445919889091736099,556737582065438901,6617302905501221080,2c6c96f900a5398c9968686431fe78d1fa71f421aa44909a42a73c0b3e22a281,0,False
locality,40,3,RL-FixedCommit-20,RL-Adaptive (per-eviction),3000,2414,586,0.8046666666666666,0.19533333333333333,-55.83756345177662,455,-28.791208791208792,loss,0.004507003000071563,0.08218404299987014,"{""FIFO"": 0, ""LFU"": 140, ""LRU"": 226, ""MRU"": 180}",9,4445919889091736099,556737582065438901,6617302905501221080,2c6c96f900a5398c9968686431fe78d1fa71f421aa44909a42a73c0b3e22a281,0,False
locality,40,4,FIFO,FIFO,3000,2226,774,0.742,0.258,-112.61261261261264,483,-60.24844720496895,loss,0.0022359599997798796,0.0,,0,889702394014875050,12799852016567721013,16770565884552024016,2fc7e2837c5b5f653f3f5eb21518237a6b2911878fae2ed91841c6baf4b908a6,0,False
locality,40,4,LRU,LRU,3000,2476,524,0.8253333333333334,0.17466666666666666,0.0,483,-8.488612836438923,loss,0.0016507479995198082,0.0,,0,889702394014875050,12799852016567721013,16770565884552024016,2fc7e2837c5b5f653f3f5eb21518237a6b2911878fae2ed91841c6baf4b908a6,0,False
locality,40,4,LFU,LFU,3000,2517,483,0.839,0.161,18.468468468468462,483,0.0,tie,0.0021460449997903197,0.0,,0,889702394014875050,12799852016567721013,16770565884552024016,2fc7e2837c5b5f653f3f5eb21518237a6b2911878fae2ed91841c6baf4b908a6,0,False
locality,40,4,MRU,MRU,3000,1384,1616,0.4613333333333333,0.5386666666666666,-491.89189189189193,483,-234.57556935817806,loss,0.0063367520006067934,0.0,,0,889702394014875050,12799852016567721013,16770565884552024016,2fc7e2837c5b5f653f3f5eb21518237a6b2911878fae2ed91841c6baf4b908a6,0,False
locality,40,4,OPT,OPT,3000,2698,302,0.8993333333333333,0.10066666666666667,100.0,483,37.47412008281574,win,0.0018252019999636104,0.0,,0,889702394014875050,12799852016567721013,16770565884552024016,2fc7e2837c5b5f653f3f5eb21518237a6b2911878fae2ed91841c6baf4b908a6,0,False
locality,40,4,LeCaR-inspired,LeCaR,3000,2492,508,0.8306666666666667,0.16933333333333334,7.207207207207202,483,-5.175983436853002,loss,0.0036582539996743435,0.0,,0,889702394014875050,12799852016567721013,16770565884552024016,2fc7e2837c5b5f653f3f5eb21518237a6b2911878fae2ed91841c6baf4b908a6,0,False
locality,40,4,RL-Windowed,RL-Adaptive (windowed),3000,2495,505,0.8316666666666667,0.16833333333333333,8.558558558558554,483,-4.554865424430642,loss,0.005905050999899686,0.10241494699948817,"{""FIFO"": 1, ""LFU"": 40, ""LRU"": 19, ""MRU"": 0}",6,889702394014875050,12799852016567721013,16770565884552024016,2fc7e2837c5b5f653f3f5eb21518237a6b2911878fae2ed91841c6baf4b908a6,0,False
locality,40,4,RL-FixedCommit-20,RL-Adaptive (per-eviction),3000,2163,837,0.721,0.279,-140.99099099099104,483,-73.2919254658385,loss,0.003804324999691744,0.09253293199981272,"{""FIFO"": 217, ""LFU"": 200, ""LRU"": 20, ""MRU"": 360}",10,889702394014875050,12799852016567721013,16770565884552024016,2fc7e2837c5b5f653f3f5eb21518237a6b2911878fae2ed91841c6baf4b908a6,0,False
locality,40,5,FIFO,FIFO,3000,2265,735,0.755,0.245,-112.73584905660377,460,-59.78260869565217,loss,0.0022020189999238937,0.0,,0,17109203366396955948,1495984600664482278,8056782613444305281,08e26c7fe21659593b3f39a32603a112b86cc5c459d8eb35005b4680442c5e50,0,False
locality,40,5,LRU,LRU,3000,2504,496,0.8346666666666667,0.16533333333333333,0.0,460,-7.826086956521739,loss,0.0016353649998563924,0.0,,0,17109203366396955948,1495984600664482278,8056782613444305281,08e26c7fe21659593b3f39a32603a112b86cc5c459d8eb35005b4680442c5e50,0,False
locality,40,5,LFU,LFU,3000,2540,460,0.8466666666666667,0.15333333333333332,16.981132075471713,460,0.0,tie,0.0019982419998996193,0.0,,0,17109203366396955948,1495984600664482278,8056782613444305281,08e26c7fe21659593b3f39a32603a112b86cc5c459d8eb35005b4680442c5e50,0,False
locality,40,5,MRU,MRU,3000,1262,1738,0.4206666666666667,0.5793333333333334,-585.8490566037736,460,-277.82608695652175,loss,0.004204707999633683,0.0,,0,17109203366396955948,1495984600664482278,8056782613444305281,08e26c7fe21659593b3f39a32603a112b86cc5c459d8eb35005b4680442c5e50,0,False
locality,40,5,OPT,OPT,3000,2716,284,0.9053333333333333,0.09466666666666666,100.0,460,38.26086956521739,win,0.0017149650002465933,0.0,,0,17109203366396955948,1495984600664482278,8056782613444305281,08e26c7fe21659593b3f39a32603a112b86cc5c459d8eb35005b4680442c5e50,0,False
locality,40,5,LeCaR-inspired,LeCaR,3000,2524,476,0.8413333333333334,0.15866666666666668,9.433962264150924,460,-3.4782608695652173,loss,0.003011078999406891,0.0,,0,17109203366396955948,1495984600664482278,8056782613444305281,08e26c7fe21659593b3f39a32603a112b86cc5c459d8eb35005b4680442c5e50,0,False
locality,40,5,RL-Windowed,RL-Adaptive (windowed),3000,2537,463,0.8456666666666667,0.15433333333333332,15.56603773584907,460,-0.6521739130434783,loss,0.0031256219999704626,0.08556209400012449,"{""FIFO"": 2, ""LFU"": 55, ""LRU"": 3, ""MRU"": 0}",7,17109203366396955948,1495984600664482278,8056782613444305281,08e26c7fe21659593b3f39a32603a112b86cc5c459d8eb35005b4680442c5e50,0,False
locality,40,5,RL-FixedCommit-20,RL-Adaptive (per-eviction),3000,2450,550,0.8166666666666667,0.18333333333333332,-25.47169811320753,460,-19.565217391304348,loss,0.002736746000664425,0.07252427100047498,"{""FIFO"": 160, ""LFU"": 330, ""LRU"": 0, ""MRU"": 20}",9,17109203366396955948,1495984600664482278,8056782613444305281,08e26c7fe21659593b3f39a32603a112b86cc5c459d8eb35005b4680442c5e50,0,False
locality,40,6,FIFO,FIFO,3000,2252,748,0.7506666666666667,0.24933333333333332,-136.31840796019898,458,-63.31877729257642,loss,0.0025403489999007434,0.0,,0,14126645737420724712,11516000946453513690,5973289253907925899,f683aaf48d26158970317f90519f315ea21d9fe5b44eb3af9bee4635a292a6bb,0,False
locality,40,6,LRU,LRU,3000,2526,474,0.842,0.158,0.0,458,-3.493449781659389,loss,0.0016709990004528663,0.0,,0,14126645737420724712,11516000946453513690,5973289253907925899,f683aaf48d26158970317f90519f315ea21d9fe5b44eb3af9bee4635a292a6bb,0,False
locality,40,6,LFU,LFU,3000,2542,458,0.8473333333333334,0.15266666666666667,7.9601990049751175,458,0.0,tie,0.0024974150001071393,0.0,,0,14126645737420724712,11516000946453513690,5973289253907925899,f683aaf48d26158970317f90519f315ea21d9fe5b44eb3af9bee4635a292a6bb,0,False
locality,40,6,MRU,MRU,3000,1382,1618,0.46066666666666667,0.5393333333333333,-569.1542288557213,458,-253.27510917030568,loss,0.004321593999520701,0.0,,0,14126645737420724712,11516000946453513690,5973289253907925899,f683aaf48d26158970317f90519f315ea21d9fe5b44eb3af9bee4635a292a6bb,0,False
locality,40,6,OPT,OPT,3000,2727,273,0.909,0.091,100.0,458,40.39301310043668,win,0.0018298989998584148,0.0,,0,14126645737420724712,11516000946453513690,5973289253907925899,f683aaf48d26158970317f90519f315ea21d9fe5b44eb3af9bee4635a292a6bb,0,False
locality,40,6,LeCaR-inspired,LeCaR,3000,2541,459,0.847,0.153,7.4626865671641855,458,-0.2183406113537118,loss,0.00258339399988472,0.0,,0,14126645737420724712,11516000946453513690,5973289253907925899,f683aaf48d26158970317f90519f315ea21d9fe5b44eb3af9bee4635a292a6bb,0,False
locality,40,6,RL-Windowed,RL-Adaptive (windowed),3000,2413,587,0.8043333333333333,0.19566666666666666,-56.21890547263679,458,-28.16593886462882,loss,0.0031113909999476164,0.09872710900071979,"{""FIFO"": 24, ""LFU"": 36, ""LRU"": 0, ""MRU"": 0}",7,14126645737420724712,11516000946453513690,5973289253907925899,f683aaf48d26158970317f90519f315ea21d9fe5b44eb3af9bee4635a292a6bb,0,False
locality,40,6,RL-FixedCommit-20,RL-Adaptive (per-eviction),3000,2548,452,0.8493333333333334,0.15066666666666667,10.945273631840791,458,1.3100436681222707,win,0.0023434120003003045,0.07037586300066323,"{""FIFO"": 0, ""LFU"": 372, ""LRU"": 40, ""MRU"": 0}",7,14126645737420724712,11516000946453513690,5973289253907925899,f683aaf48d26158970317f90519f315ea21d9fe5b44eb3af9bee4635a292a6bb,0,False
locality,40,7,FIFO,FIFO,3000,2227,773,0.7423333333333333,0.25766666666666665,-129.4685990338164,479,-61.37787056367432,loss,0.002224633999503567,0.0,,0,7744532812159076660,17948304992620177152,2194157329330479718,4b1031c8351fc5a335c14b9fb741455f1f758887c3a8a07dd607ddced447b7e4,0,False
locality,40,7,LRU,LRU,3000,2495,505,0.8316666666666667,0.16833333333333333,0.0,479,-5.427974947807933,loss,0.0015912790004222188,0.0,,0,7744532812159076660,17948304992620177152,2194157329330479718,4b1031c8351fc5a335c14b9fb741455f1f758887c3a8a07dd607ddced447b7e4,0,False
locality,40,7,LFU,LFU,3000,2521,479,0.8403333333333334,0.15966666666666668,12.560386473429935,479,0.0,tie,0.002024372000050789,0.0,,0,7744532812159076660,17948304992620177152,2194157329330479718,4b1031c8351fc5a335c14b9fb741455f1f758887c3a8a07dd607ddced447b7e4,0,False
locality,40,7,MRU,MRU,3000,1213,1787,0.4043333333333333,0.5956666666666667,-619.3236714975845,479,-273.0688935281837,loss,0.00439282200022717,0.0,,0,7744532812159076660,17948304992620177152,2194157329330479718,4b1031c8351fc5a335c14b9fb741455f1f758887c3a8a07dd607ddced447b7e4,0,False
locality,40,7,OPT,OPT,3000,2702,298,0.9006666666666666,0.09933333333333333,100.0,479,37.78705636743215,win,0.001976968999770179,0.0,,0,7744532812159076660,17948304992620177152,2194157329330479718,4b1031c8351fc5a335c14b9fb741455f1f758887c3a8a07dd607ddced447b7e4,0,False
locality,40,7,LeCaR-inspired,LeCaR,3000,2513,487,0.8376666666666667,0.16233333333333333,8.69565217391305,479,-1.6701461377870563,loss,0.002566779000517272,0.0,,0,7744532812159076660,17948304992620177152,2194157329330479718,4b1031c8351fc5a335c14b9fb741455f1f758887c3a8a07dd607ddced447b7e4,0,False
locality,40,7,RL-Windowed,RL-Adaptive (windowed),3000,2497,503,0.8323333333333334,0.16766666666666666,0.9661835748792412,479,-5.010438413361169,loss,0.0027413920006438275,0.06979914400017151,"{""FIFO"": 0, ""LFU"": 4, ""LRU"": 56, ""MRU"": 0}",6,7744532812159076660,17948304992620177152,2194157329330479718,4b1031c8351fc5a335c14b9fb741455f1f758887c3a8a07dd607ddced447b7e4,0,False
locality,40,7,RL-FixedCommit-20,RL-Adaptive (per-eviction),3000,2484,516,0.828,0.172,-5.314009661835726,479,-7.724425887265136,loss,0.0033503100003144937,0.07063964999997552,"{""FIFO"": 20, ""LFU"": 216, ""LRU"": 240, ""MRU"": 0}",8,7744532812159076660,17948304992620177152,2194157329330479718,4b1031c8351fc5a335c14b9fb741455f1f758887c3a8a07dd607ddced447b7e4,0,False
locality,40,8,FIFO,FIFO,3000,2217,783,0.739,0.261,-131.57894736842107,469,-66.95095948827291,loss,0.0022021599997970043,0.0,,0,16289282575473136673,12169513847499234336,15848039415457804445,804e29ddf86d5b4a5b9f0a3ef94914ab4ae911132b42ab5d737aa08b9907133a,0,False
locality,40,8,LRU,LRU,3000,2492,508,0.8306666666666667,0.16933333333333334,0.0,469,-8.315565031982942,loss,0.0019164590003128978,0.0,,0,16289282575473136673,12169513847499234336,15848039415457804445,804e29ddf86d5b4a5b9f0a3ef94914ab4ae911132b42ab5d737aa08b9907133a,0,False
locality,40,8,LFU,LFU,3000,2531,469,0.8436666666666667,0.15633333333333332,18.660287081339728,469,0.0,tie,0.0021274070004437817,0.0,,0,16289282575473136673,12169513847499234336,15848039415457804445,804e29ddf86d5b4a5b9f0a3ef94914ab4ae911132b42ab5d737aa08b9907133a,0,False
locality,40,8,MRU,MRU,3000,1277,1723,0.4256666666666667,0.5743333333333334,-581.3397129186603,469,-267.3773987206823,loss,0.004949510999722406,0.0,,0,16289282575473136673,12169513847499234336,15848039415457804445,804e29ddf86d5b4a5b9f0a3ef94914ab4ae911132b42ab5d737aa08b9907133a,0,False
locality,40,8,OPT,OPT,3000,2701,299,0.9003333333333333,0.09966666666666667,100.0,469,36.24733475479744,win,0.0018296580001333496,0.0,,0,16289282575473136673,12169513847499234336,15848039415457804445,804e29ddf86d5b4a5b9f0a3ef94914ab4ae911132b42ab5d737aa08b9907133a,0,False
locality,40,8,LeCaR-inspired,LeCaR,3000,2498,502,0.8326666666666667,0.16733333333333333,2.870813397129189,469,-7.036247334754798,loss,0.0031637379997846438,0.0,,0,16289282575473136673,12169513847499234336,15848039415457804445,804e29ddf86d5b4a5b9f0a3ef94914ab4ae911132b42ab5d737aa08b9907133a,0,False
locality,40,8,RL-Windowed,RL-Adaptive (windowed),3000,2196,804,0.732,0.268,-141.62679425837322,469,-71.42857142857143,loss,0.003092560999903071,0.0885819770001035,"{""FIFO"": 54, ""LFU"": 0, ""LRU"": 0, ""MRU"": 6}",7,16289282575473136673,12169513847499234336,15848039415457804445,804e29ddf86d5b4a5b9f0a3ef94914ab4ae911132b42ab5d737aa08b9907133a,0,False
locality,40,8,RL-FixedCommit-20,RL-Adaptive (per-eviction),3000,2485,515,0.8283333333333334,0.17166666666666666,-3.349282296650707,469,-9.808102345415778,loss,0.002426938000098744,0.07078566099971795,"{""FIFO"": 40, ""LFU"": 335, ""LRU"": 100, ""MRU"": 0}",10,16289282575473136673,12169513847499234336,15848039415457804445,804e29ddf86d5b4a5b9f0a3ef94914ab4ae911132b42ab5d737aa08b9907133a,0,False
locality,40,9,FIFO,FIFO,3000,2246,754,0.7486666666666667,0.25133333333333335,-144.27083333333334,477,-58.071278825995805,loss,0.0022107720005806186,0.0,,0,16695966566381256948,4904566506404428370,10123543919198671443,b9867b2aab34676166267d93a0ba54f85d8d3e16a48f275adee936a7b7f5b2d6,0,False
locality,40,9,LRU,LRU,3000,2523,477,0.841,0.159,0.0,477,0.0,tie,0.0016573979992244858,0.0,,0,16695966566381256948,4904566506404428370,10123543919198671443,b9867b2aab34676166267d93a0ba54f85d8d3e16a48f275adee936a7b7f5b2d6,0,False
locality,40,9,LFU,LFU,3000,2520,480,0.84,0.16,-1.5625000000000013,477,-0.6289308176100629,loss,0.002547289999711211,0.0,,0,16695966566381256948,4904566506404428370,10123543919198671443,b9867b2aab34676166267d93a0ba54f85d8d3e16a48f275adee936a7b7f5b2d6,0,False
locality,40,9,MRU,MRU,3000,1319,1681,0.43966666666666665,0.5603333333333333,-627.0833333333333,477,-252.41090146750525,loss,0.00526412499948492,0.0,,0,16695966566381256948,4904566506404428370,10123543919198671443,b9867b2aab34676166267d93a0ba54f85d8d3e16a48f275adee936a7b7f5b2d6,0,False
locality,40,9,OPT,OPT,3000,2715,285,0.905,0.095,100.0,477,40.25157232704402,win,0.003413254999941273,0.0,,0,16695966566381256948,4904566506404428370,10123543919198671443,b9867b2aab34676166267d93a0ba54f85d8d3e16a48f275adee936a7b7f5b2d6,0,False
locality,40,9,LeCaR-inspired,LeCaR,3000,2533,467,0.8443333333333334,0.15566666666666668,5.208333333333323,477,2.0964360587002098,win,0.002747051000369538,0.0,,0,16695966566381256948,4904566506404428370,10123543919198671443,b9867b2aab34676166267d93a0ba54f85d8d3e16a48f275adee936a7b7f5b2d6,0,False
locality,40,9,RL-Windowed,RL-Adaptive (windowed),3000,2498,502,0.8326666666666667,0.16733333333333333,-13.020833333333332,477,-5.241090146750524,loss,0.00274708999950235,0.07279234499947052,"{""FIFO"": 0, ""LFU"": 0, ""LRU"": 57, ""MRU"": 3}",7,16695966566381256948,4904566506404428370,10123543919198671443,b9867b2aab34676166267d93a0ba54f85d8d3e16a48f275adee936a7b7f5b2d6,0,False
locality,40,9,RL-FixedCommit-20,RL-Adaptive (per-eviction),3000,2497,503,0.8323333333333334,0.16766666666666666,-13.541666666666648,477,-5.450733752620545,loss,0.0024717559999771765,0.06854568400012795,"{""FIFO"": 0, ""LFU"": 183, ""LRU"": 240, ""MRU"": 40}",9,16695966566381256948,4904566506404428370,10123543919198671443,b9867b2aab34676166267d93a0ba54f85d8d3e16a48f275adee936a7b7f5b2d6,0,False
mixed,10,0,FIFO,FIFO,3000,378,2622,0.126,0.874,-1.5957446808510651,2603,-0.7299270072992701,loss,0.002950236999822664,0.0,,0,999999,42,0,93ad6e1c7b84349c4af0d8ff53ca036b2fcce02b93afaa8a1a114c3e7e590343,0,False
mixed,10,0,LRU,LRU,3000,390,2610,0.13,0.87,0.0,2603,-0.26892047637341526,loss,0.00278647000050114,0.0,,0,999999,42,0,93ad6e1c7b84349c4af0d8ff53ca036b2fcce02b93afaa8a1a114c3e7e590343,0,False
mixed,10,0,LFU,LFU,3000,397,2603,0.13233333333333333,0.8676666666666667,0.9308510638297731,2603,0.0,tie,0.0038817209997432656,0.0,,0,999999,42,0,93ad6e1c7b84349c4af0d8ff53ca036b2fcce02b93afaa8a1a114c3e7e590343,0,False
mixed,10,0,MRU,MRU,3000,316,2684,0.10533333333333333,0.8946666666666667,-9.840425531914915,2603,-3.11179408374952,loss,0.0030325409998113173,0.0,,0,999999,42,0,93ad6e1c7b84349c4af0d8ff53ca036b2fcce02b93afaa8a1a114c3e7e590343,0,False
mixed,10,0,OPT,OPT,3000,1142,1858,0.38066666666666665,0.6193333333333333,100.0,2603,28.620822128313485,win,0.002966742000353406,0.0,,0,999999,42,0,93ad6e1c7b84349c4af0d8ff53ca036b2fcce02b93afaa8a1a114c3e7e590343,0,False
mixed,10,0,LeCaR-inspired,LeCaR,3000,383,2617,0.12766666666666668,0.8723333333333333,-0.9308510638297731,2603,-0.5378409527468305,loss,0.006902815000103146,0.0,,0,999999,42,0,93ad6e1c7b84349c4af0d8ff53ca036b2fcce02b93afaa8a1a114c3e7e590343,0,False
mixed,10,0,RL-Windowed,RL-Adaptive (windowed),3000,435,2565,0.145,0.855,5.984042553191494,2603,1.4598540145985401,win,0.00412403600057587,0.11209825399964757,"{""FIFO"": 6, ""LFU"": 10, ""LRU"": 5, ""MRU"": 39}",9,999999,42,0,93ad6e1c7b84349c4af0d8ff53ca036b2fcce02b93afaa8a1a114c3e7e590343,0,False
mixed,10,0,RL-FixedCommit-20,RL-Adaptive (per-eviction),3000,608,2392,0.20266666666666666,0.7973333333333333,28.989361702127653,2603,8.106031502112947,win,0.005896878999919863,0.21454408899990085,"{""FIFO"": 580, ""LFU"": 882, ""LRU"": 0, ""MRU"": 920}",21,999999,42,0,93ad6e1c7b84349c4af0d8ff53ca036b2fcce02b93afaa8a1a114c3e7e590343,0,False
mixed,10,1,FIFO,FIFO,3000,395,2605,0.13166666666666665,0.8683333333333333,-2.631578947368424,2360,-10.38135593220339,loss,0.0030354650007211603,0.0,,0,7603780415275720334,16209500297135330722,14748072052631952262,523c1c9a73535e2c557eae24579493191ef59d961026564e91c080290958a7b4,0,False
mixed,10,1,LRU,LRU,3000,413,2587,0.13766666666666666,0.8623333333333333,0.0,2360,-9.61864406779661,loss,0.002959350999844901,0.0,,0,7603780415275720334,16209500297135330722,14748072052631952262,523c1c9a73535e2c557eae24579493191ef59d961026564e91c080290958a7b4,0,False
mixed,10,1,LFU,LFU,3000,640,2360,0.21333333333333335,0.7866666666666666,33.187134502923975,2360,0.0,tie,0.003705265000462532,0.0,,0,7603780415275720334,16209500297135330722,14748072052631952262,523c1c9a73535e2c557eae24579493191ef59d961026564e91c080290958a7b4,0,False
mixed,10,1,MRU,MRU,3000,348,2652,0.116,0.884,-9.502923976608212,2360,-12.372881355932204,loss,0.003299013000287232,0.0,,0,7603780415275720334,16209500297135330722,14748072052631952262,523c1c9a73535e2c557eae24579493191ef59d961026564e91c080290958a7b4,0,False
mixed,10,1,OPT,OPT,3000,1097,1903,0.36566666666666664,0.6343333333333333,100.0,2360,19.364406779661017,win,0.00303033799991681,0.0,,0,7603780415275720334,16209500297135330722,14748072052631952262,523c1c9a73535e2c557eae24579493191ef59d961026564e91c080290958a7b4,0,False
mixed,10,1,LeCaR-inspired,LeCaR,3000,418,2582,0.13933333333333334,0.8606666666666667,0.7309941520467519,2360,-9.40677966101695,loss,0.005432068000118306,0.0,,0,7603780415275720334,16209500297135330722,14748072052631952262,523c1c9a73535e2c557eae24579493191ef59d961026564e91c080290958a7b4,0,False
mixed,10,1,RL-Windowed,RL-Adaptive (windowed),3000,497,2503,0.16566666666666666,0.8343333333333334,12.280701754385928,2360,-6.059322033898305,loss,0.005034888999944087,0.1092346670002371,"{""FIFO"": 26, ""LFU"": 1, ""LRU"": 5, ""MRU"": 28}",8,7603780415275720334,16209500297135330722,14748072052631952262,523c1c9a73535e2c557eae24579493191ef59d961026564e91c080290958a7b4,0,False
mixed,10,1,RL-FixedCommit-20,RL-Adaptive (per-eviction),3000,468,2532,0.156,0.844,8.04093567251461,2360,-7.288135593220339,loss,0.03640110000014829,0.14892684900041786,"{""FIFO"": 40, ""LFU"": 1660, ""LRU"": 400, ""MRU"": 422}",20,7603780415275720334,16209500297135330722,14748072052631952262,523c1c9a73535e2c557eae24579493191ef59d961026564e91c080290958a7b4,0,False
mixed,10,2,FIFO,FIFO,3000,261,2739,0.087,0.913,-1.6726403823178162,2646,-3.5147392290249435,loss,0.003252351999435632,0.0,,0,1311293186698117257,11830697930886925429,2017808274605161281,2f80aaf176b1261bf989304226b3bf59c9b9f30f78f3cde881f7f3aa717636df,0,False
mixed,10,2,LRU,LRU,3000,275,2725,0.09166666666666666,0.9083333333333333,0.0,2646,-2.985638699924414,loss,0.0034254239999427227,0.0,,0,1311293186698117257,11830697930886925429,2017808274605161281,2f80aaf176b1261bf989304226b3bf59c9b9f30f78f3cde881f7f3aa717636df,0,False
mixed,10,2,LFU,LFU,3000,354,2646,0.118,0.882,9.438470728793304,2646,0.0,tie,0.004201953999654506,0.0,,0,1311293186698117257,11830697930886925429,2017808274605161281,2f80aaf176b1261bf989304226b3bf59c9b9f30f78f3cde881f7f3aa717636df,0,False
mixed,10,2,MRU,MRU,3000,251,2749,0.08366666666666667,0.9163333333333333,-2.8673835125448055,2646,-3.892668178382464,loss,0.003129627999442164,0.0,,0,1311293186698117257,11830697930886925429,2017808274605161281,2f80aaf176b1261bf989304226b3bf59c9b9f30f78f3cde881f7f3aa717636df,0,False
mixed,10,2,OPT,OPT,3000,1112,1888,0.37066666666666664,0.6293333333333333,100.0,2646,28.647014361300077,win,0.0034811770001397235,0.0,,0,1311293186698117257,11830697930886925429,2017808274605161281,2f80aaf176b1261bf989304226b3bf59c9b9f30f78f3cde881f7f3aa717636df,0,False
mixed,10,2,LeCaR-inspired,LeCaR,3000,274,2726,0.09133333333333334,0.9086666666666666,-0.11947431302268695,2646,-3.0234315948601664,loss,0.005819101000270166,0.0,,0,1311293186698117257,11830697930886925429,2017808274605161281,2f80aaf176b1261bf989304226b3bf59c9b9f30f78f3cde881f7f3aa717636df,0,False
mixed,10,2,RL-Windowed,RL-Adaptive (windowed),3000,584,2416,0.19466666666666665,0.8053333333333333,36.917562724014324,2646,8.692365835222978,win,0.004014740999991773,0.10409860599975218,"{""FIFO"": 7, ""LFU"": 1, ""LRU"": 17, ""MRU"": 35}",9,1311293186698117257,11830697930886925429,2017808274605161281,2f80aaf176b1261bf989304226b3bf59c9b9f30f78f3cde881f7f3aa717636df,0,False
mixed,10,2,RL-FixedCommit-20,RL-Adaptive (per-eviction),3000,494,2506,0.16466666666666666,0.8353333333333334,26.164874551971305,2646,5.291005291005291,win,0.004812865000531019,0.15372452100018563,"{""FIFO"": 60, ""LFU"": 196, ""LRU"": 20, ""MRU"": 2220}",20,1311293186698117257,11830697930886925429,2017808274605161281,2f80aaf176b1261bf989304226b3bf59c9b9f30f78f3cde881f7f3aa717636df,0,False
mixed,10,3,FIFO,FIFO,3000,264,2736,0.088,0.912,-0.7863695937090437,2359,-15.981348028825774,loss,0.0034545380003692117,0.0,,0,6012596622266117738,17495910894054136267,2396255516597462061,257676b5e2cecaf57376355a1b287a4f514e2f3cb4a238aea49e8ded0aa81b23,0,False
mixed,10,3,LRU,LRU,3000,270,2730,0.09,0.91,0.0,2359,-15.72700296735905,loss,0.003137168999273854,0.0,,0,6012596622266117738,17495910894054136267,2396255516597462061,257676b5e2cecaf57376355a1b287a4f514e2f3cb4a238aea49e8ded0aa81b23,0,False
mixed,10,3,LFU,LFU,3000,641,2359,0.21366666666666667,0.7863333333333333,48.62385321100917,2359,0.0,tie,0.0033533750001879525,0.0,,0,6012596622266117738,17495910894054136267,2396255516597462061,257676b5e2cecaf57376355a1b287a4f514e2f3cb4a238aea49e8ded0aa81b23,0,False
mixed,10,3,MRU,MRU,3000,455,2545,0.15166666666666667,0.8483333333333334,24.24639580602882,2359,-7.884696905468418,loss,0.0028110370003560092,0.0,,0,6012596622266117738,17495910894054136267,2396255516597462061,257676b5e2cecaf57376355a1b287a4f514e2f3cb4a238aea49e8ded0aa81b23,0,False
mixed,10,3,OPT,OPT,3000,1033,1967,0.3443333333333333,0.6556666666666666,100.0,2359,16.617210682492583,win,0.003096446999734326,0.0,,0,6012596622266117738,17495910894054136267,2396255516597462061,257676b5e2cecaf57376355a1b287a4f514e2f3cb4a238aea49e8ded0aa81b23,0,False
mixed,10,3,LeCaR-inspired,LeCaR,3000,277,2723,0.09233333333333334,0.9076666666666666,0.9174311926605802,2359,-15.43026706231454,loss,0.0066104640000048676,0.0,,0,6012596622266117738,17495910894054136267,2396255516597462061,257676b5e2cecaf57376355a1b287a4f514e2f3cb4a238aea49e8ded0aa81b23,0,False
mixed,10,3,RL-Windowed,RL-Adaptive (windowed),3000,532,2468,0.17733333333333334,0.8226666666666667,34.33813892529489,2359,-4.620601949978805,loss,0.004432061000443355,0.09966841799996473,"{""FIFO"": 18, ""LFU"": 0, ""LRU"": 4, ""MRU"": 38}",10,6012596622266117738,17495910894054136267,2396255516597462061,257676b5e2cecaf57376355a1b287a4f514e2f3cb4a238aea49e8ded0aa81b23,0,False
mixed,10,3,RL-FixedCommit-20,RL-Adaptive (per-eviction),3000,604,2396,0.20133333333333334,0.7986666666666666,43.77457404980342,2359,-1.5684612123781263,loss,0.004965024999364687,0.14345304800008307,"{""FIFO"": 726, ""LFU"": 20, ""LRU"": 20, ""MRU"": 1620}",21,6012596622266117738,17495910894054136267,2396255516597462061,257676b5e2cecaf57376355a1b287a4f514e2f3cb4a238aea49e8ded0aa81b23,0,False
mixed,10,4,FIFO,FIFO,3000,132,2868,0.044,0.956,-0.8665511265164266,2710,-5.830258302583026,loss,0.0051249349999125116,0.0,,0,5408674312521439794,3339676171185130067,6751779647741319001,a5a342e0dcbcc7ba89e908c64fa373ac0709f25eb81fd3abc66cf0d508f84ae9,0,False
mixed,10,4,LRU,LRU,3000,137,2863,0.04566666666666667,0.9543333333333334,0.0,2710,-5.645756457564576,loss,0.007142627000575885,0.0,,0,5408674312521439794,3339676171185130067,6751779647741319001,a5a342e0dcbcc7ba89e908c64fa373ac0709f25eb81fd3abc66cf0d508f84ae9,0,False
mixed,10,4,LFU,LFU,3000,270,2730,0.09,0.91,23.050259965337954,2710,-0.7380073800738007,loss,0.007957654999700026,0.0,,0,5408674312521439794,3339676171185130067,6751779647741319001,a5a342e0dcbcc7ba89e908c64fa373ac0709f25eb81fd3abc66cf0d508f84ae9,0,False
mixed,10,4,MRU,MRU,3000,290,2710,0.09666666666666666,0.9033333333333333,26.516464471403832,2710,0.0,tie,0.005038665000029141,0.0,,0,5408674312521439794,3339676171185130067,6751779647741319001,a5a342e0dcbcc7ba89e908c64fa373ac0709f25eb81fd3abc66cf0d508f84ae9,0,False
mixed,10,4,OPT,OPT,3000,714,2286,0.238,0.762,100.0,2710,15.645756457564575,win,0.007511272000556346,0.0,,0,5408674312521439794,3339676171185130067,6751779647741319001,a5a342e0dcbcc7ba89e908c64fa373ac0709f25eb81fd3abc66cf0d508f84ae9,0,False
mixed,10,4,LeCaR-inspired,LeCaR,3000,137,2863,0.04566666666666667,0.9543333333333334,0.0,2710,-5.645756457564576,loss,0.011578532999919844,0.0,,0,5408674312521439794,3339676171185130067,6751779647741319001,a5a342e0dcbcc7ba89e908c64fa373ac0709f25eb81fd3abc66cf0d508f84ae9,0,False
mixed,10,4,RL-Windowed,RL-Adaptive (windowed),3000,297,2703,0.099,0.901,27.729636048526867,2710,0.25830258302583026,win,0.004209464999803458,0.16114824600026623,"{""FIFO"": 7, ""LFU"": 0, ""LRU"": 8, ""MRU"": 45}",9,5408674312521439794,3339676171185130067,6751779647741319001,a5a342e0dcbcc7ba89e908c64fa373ac0709f25eb81fd3abc66cf0d508f84ae9,0,False
mixed,10,4,RL-FixedCommit-20,RL-Adaptive (per-eviction),3000,144,2856,0.048,0.952,1.2131715771230895,2710,-5.387453874538745,loss,0.005168962000425381,0.15006909100065968,"{""FIFO"": 2166, ""LFU"": 140, ""LRU"": 60, ""MRU"": 480}",20,5408674312521439794,3339676171185130067,6751779647741319001,a5a342e0dcbcc7ba89e908c64fa373ac0709f25eb81fd3abc66cf0d508f84ae9,0,False
mixed,10,5,FIFO,FIFO,3000,195,2805,0.065,0.935,-2.2486772486772653,2436,-15.147783251231527,loss,0.00317416400048387,0.0,,0,14773220918157553241,8377227333358801554,11096794183713103636,131391ebde5e3c900a26744f26e44f3ed29e2ad3e970595a1aa43a2454a528a4,0,False
mixed,10,5,LRU,LRU,3000,212,2788,0.07066666666666667,0.9293333333333333,0.0,2436,-14.44991789819376,loss,0.0031121109996092855,0.0,,0,14773220918157553241,8377227333358801554,11096794183713103636,131391ebde5e3c900a26744f26e44f3ed29e2ad3e970595a1aa43a2454a528a4,0,False
mixed,10,5,LFU,LFU,3000,564,2436,0.188,0.812,46.56084656084654,2436,0.0,tie,0.004431739999745332,0.0,,0,14773220918157553241,8377227333358801554,11096794183713103636,131391ebde5e3c900a26744f26e44f3ed29e2ad3e970595a1aa43a2454a528a4,0,False
mixed,10,5,MRU,MRU,3000,226,2774,0.07533333333333334,0.9246666666666666,1.851851851851868,2436,-13.875205254515599,loss,0.003225531999305531,0.0,,0,14773220918157553241,8377227333358801554,11096794183713103636,131391ebde5e3c900a26744f26e44f3ed29e2ad3e970595a1aa43a2454a528a4,0,False
mixed,10,5,OPT,OPT,3000,968,2032,0.32266666666666666,0.6773333333333333,100.0,2436,16.58456486042693,win,0.0031880950000413577,0.0,,0,14773220918157553241,8377227333358801554,11096794183713103636,131391ebde5e3c900a26744f26e44f3ed29e2ad3e970595a1aa43a2454a528a4,0,False
mixed,10,5,LeCaR-inspired,LeCaR,3000,221,2779,0.07366666666666667,0.9263333333333333,1.1904761904761914,2436,-14.080459770114942,loss,0.005983568999909039,0.0,,0,14773220918157553241,8377227333358801554,11096794183713103636,131391ebde5e3c900a26744f26e44f3ed29e2ad3e970595a1aa43a2454a528a4,0,False
mixed,10,5,RL-Windowed,RL-Adaptive (windowed),3000,466,2534,0.15533333333333332,0.8446666666666667,33.5978835978836,2436,-4.022988505747127,loss,0.00419289999990724,0.11436846099968534,"{""FIFO"": 5, ""LFU"": 9, ""LRU"": 7, ""MRU"": 39}",9,14773220918157553241,8377227333358801554,11096794183713103636,131391ebde5e3c900a26744f26e44f3ed29e2ad3e970595a1aa43a2454a528a4,0,False
mixed,10,5,RL-FixedCommit-20,RL-Adaptive (per-eviction),3000,361,2639,0.12033333333333333,0.8796666666666667,19.708994708994698,2436,-8.333333333333334,loss,0.005386298999837891,0.15289770399976987,"{""FIFO"": 180, ""LFU"": 440, ""LRU"": 220, ""MRU"": 1789}",18,14773220918157553241,8377227333358801554,11096794183713103636,131391ebde5e3c900a26744f26e44f3ed29e2ad3e970595a1aa43a2454a528a4,0,False
mixed,10,6,FIFO,FIFO,3000,467,2533,0.15566666666666668,0.8443333333333334,-0.3836317135549875,2254,-12.377994676131323,loss,0.0033085569994000252,0.0,,0,4178265869039737759,5131820145402808293,17406943955113393110,eaf967542e9cb3239bc3eb4fcd6f13f65765742e0134d695dde212c96aa53320,0,False
mixed,10,6,LRU,LRU,3000,470,2530,0.15666666666666668,0.8433333333333334,0.0,2254,-12.244897959183673,loss,0.0028876030000901665,0.0,,0,4178265869039737759,5131820145402808293,17406943955113393110,eaf967542e9cb3239bc3eb4fcd6f13f65765742e0134d695dde212c96aa53320,0,False
mixed,10,6,LFU,LFU,3000,746,2254,0.24866666666666667,0.7513333333333333,35.29411764705885,2254,0.0,tie,0.003469088999736414,0.0,,0,4178265869039737759,5131820145402808293,17406943955113393110,eaf967542e9cb3239bc3eb4fcd6f13f65765742e0134d695dde212c96aa53320,0,False
mixed,10,6,MRU,MRU,3000,307,2693,0.10233333333333333,0.8976666666666666,-20.84398976982093,2254,-19.476486246672582,loss,0.0031663130002925755,0.0,,0,4178265869039737759,5131820145402808293,17406943955113393110,eaf967542e9cb3239bc3eb4fcd6f13f65765742e0134d695dde212c96aa53320,0,False
mixed,10,6,OPT,OPT,3000,1252,1748,0.41733333333333333,0.5826666666666667,100.0,2254,22.448979591836736,win,0.0032170399999813526,0.0,,0,4178265869039737759,5131820145402808293,17406943955113393110,eaf967542e9cb3239bc3eb4fcd6f13f65765742e0134d695dde212c96aa53320,0,False
mixed,10,6,LeCaR-inspired,LeCaR,3000,465,2535,0.155,0.845,-0.639386189258284,2254,-12.466725820763088,loss,0.0065017699998861644,0.0,,0,4178265869039737759,5131820145402808293,17406943955113393110,eaf967542e9cb3239bc3eb4fcd6f13f65765742e0134d695dde212c96aa53320,0,False
mixed,10,6,RL-Windowed,RL-Adaptive (windowed),3000,561,2439,0.187,0.813,11.636828644501316,2254,-8.207630878438332,loss,0.00518832099987776,0.12603636399944662,"{""FIFO"": 13, ""LFU"": 31, ""LRU"": 8, ""MRU"": 8}",9,4178265869039737759,5131820145402808293,17406943955113393110,eaf967542e9cb3239bc3eb4fcd6f13f65765742e0134d695dde212c96aa53320,0,False
mixed,10,6,RL-FixedCommit-20,RL-Adaptive (per-eviction),3000,529,2471,0.17633333333333334,0.8236666666666667,7.544757033248102,2254,-9.627329192546584,loss,0.004630029000509239,0.1606459230006294,"{""FIFO"": 0, ""LFU"": 100, ""LRU"": 1380, ""MRU"": 981}",19,4178265869039737759,5131820145402808293,17406943955113393110,eaf967542e9cb3239bc3eb4fcd6f13f65765742e0134d695dde212c96aa53320,0,False
mixed,10,7,FIFO,FIFO,3000,357,2643,0.119,0.881,-1.5988372093023437,2279,-15.971917507678807,loss,0.0029646080001839437,0.0,,0,4153416652889310878,16598305108710322726,6842020507374840286,2a436afb508972a32d4a4c0603f58f9790ebc98623c3d204b3b8c7ca58702e07,0,False
mixed,10,7,LRU,LRU,3000,368,2632,0.12266666666666666,0.8773333333333333,0.0,2279,-15.489249670908293,loss,0.0031381999997392995,0.0,,0,4153416652889310878,16598305108710322726,6842020507374840286,2a436afb508972a32d4a4c0603f58f9790ebc98623c3d204b3b8c7ca58702e07,0,False
mixed,10,7,LFU,LFU,3000,721,2279,0.24033333333333334,0.7596666666666667,51.3081395348837,2279,0.0,tie,0.0036022590002176003,0.0,,0,4153416652889310878,16598305108710322726,6842020507374840286,2a436afb508972a32d4a4c0603f58f9790ebc98623c3d204b3b8c7ca58702e07,0,False
mixed,10,7,MRU,MRU,3000,392,2608,0.13066666666666665,0.8693333333333333,3.48837209302326,2279,-14.436156208863537,loss,0.0030482250003842637,0.0,,0,4153416652889310878,16598305108710322726,6842020507374840286,2a436afb508972a32d4a4c0603f58f9790ebc98623c3d204b3b8c7ca58702e07,0,False
mixed,10,7,OPT,OPT,3000,1056,1944,0.352,0.648,100.0,2279,14.699429574374726,win,0.0030836080004519317,0.0,,0,4153416652889310878,16598305108710322726,6842020507374840286,2a436afb508972a32d4a4c0603f58f9790ebc98623c3d204b3b8c7ca58702e07,0,False
mixed,10,7,LeCaR-inspired,LeCaR,3000,368,2632,0.12266666666666666,0.8773333333333333,0.0,2279,-15.489249670908293,loss,0.006034566999915114,0.0,,0,4153416652889310878,16598305108710322726,6842020507374840286,2a436afb508972a32d4a4c0603f58f9790ebc98623c3d204b3b8c7ca58702e07,0,False
mixed,10,7,RL-Windowed,RL-Adaptive (windowed),3000,453,2547,0.151,0.849,12.354651162790695,2279,-11.75954365949978,loss,0.003920459000255505,0.10916162800003804,"{""FIFO"": 0, ""LFU"": 0, ""LRU"": 20, ""MRU"": 40}",9,4153416652889310878,16598305108710322726,6842020507374840286,2a436afb508972a32d4a4c0603f58f9790ebc98623c3d204b3b8c7ca58702e07,0,False
mixed,10,7,RL-FixedCommit-20,RL-Adaptive (per-eviction),3000,549,2451,0.183,0.817,26.308139534883736,2279,-7.547169811320755,loss,0.004953577000378573,0.14378750899959414,"{""FIFO"": 40, ""LFU"": 300, ""LRU"": 800, ""MRU"": 1301}",20,4153416652889310878,16598305108710322726,6842020507374840286,2a436afb508972a32d4a4c0603f58f9790ebc98623c3d204b3b8c7ca58702e07,0,False
mixed,10,8,FIFO,FIFO,3000,326,2674,0.10866666666666666,0.8913333333333333,-0.6615214994487326,2668,-0.22488755622188905,loss,0.0029445390000546467,0.0,,0,3891037102051981712,8075803143106818046,11392874176746735604,990e351751b685ab4155878431df4485a687eb8487e95d877ada14c6d3502a84,0,False
mixed,10,8,LRU,LRU,3000,332,2668,0.11066666666666666,0.8893333333333333,0.0,2668,0.0,tie,0.0031555770001432393,0.0,,0,3891037102051981712,8075803143106818046,11392874176746735604,990e351751b685ab4155878431df4485a687eb8487e95d877ada14c6d3502a84,0,False
mixed,10,8,LFU,LFU,3000,313,2687,0.10433333333333333,0.8956666666666667,-2.094818081587678,2668,-0.712143928035982,loss,0.003931024999474175,0.0,,0,3891037102051981712,8075803143106818046,11392874176746735604,990e351751b685ab4155878431df4485a687eb8487e95d877ada14c6d3502a84,0,False
mixed,10,8,MRU,MRU,3000,274,2726,0.09133333333333334,0.9086666666666666,-6.394707828004403,2668,-2.1739130434782608,loss,0.003257590999965032,0.0,,0,3891037102051981712,8075803143106818046,11392874176746735604,990e351751b685ab4155878431df4485a687eb8487e95d877ada14c6d3502a84,0,False
mixed,10,8,OPT,OPT,3000,1239,1761,0.413,0.587,100.0,2668,33.99550224887556,win,0.002763935999610112,0.0,,0,3891037102051981712,8075803143106818046,11392874176746735604,990e351751b685ab4155878431df4485a687eb8487e95d877ada14c6d3502a84,0,False
mixed,10,8,LeCaR-inspired,LeCaR,3000,350,2650,0.11666666666666667,0.8833333333333333,1.984564498346198,2668,0.6746626686656672,win,0.007478888000150619,0.0,,0,3891037102051981712,8075803143106818046,11392874176746735604,990e351751b685ab4155878431df4485a687eb8487e95d877ada14c6d3502a84,0,False
mixed,10,8,RL-Windowed,RL-Adaptive (windowed),3000,667,2333,0.22233333333333333,0.7776666666666666,36.93495038588755,2668,12.556221889055472,win,0.00410258400006569,0.10934106700005941,"{""FIFO"": 4, ""LFU"": 9, ""LRU"": 0, ""MRU"": 47}",9,3891037102051981712,8075803143106818046,11392874176746735604,990e351751b685ab4155878431df4485a687eb8487e95d877ada14c6d3502a84,0,False
mixed,10,8,RL-FixedCommit-20,RL-Adaptive (per-eviction),3000,757,2243,0.25233333333333335,0.7476666666666667,46.8577728776185,2668,15.929535232383808,win,0.004567084999507642,0.15422385199963173,"{""FIFO"": 0, ""LFU"": 260, ""LRU"": 660, ""MRU"": 1313}",21,3891037102051981712,8075803143106818046,11392874176746735604,990e351751b685ab4155878431df4485a687eb8487e95d877ada14c6d3502a84,0,False
mixed,10,9,FIFO,FIFO,3000,303,2697,0.101,0.899,-1.4167650531286906,2231,-20.88749439713133,loss,0.0028595209996638005,0.0,,0,5875192336284552080,10345539874955881770,7712372346208189527,cbf8f9cfe677da565b2ae33e9de338703c7ca60244902fb48ab109eccb40a63b,0,False
mixed,10,9,LRU,LRU,3000,315,2685,0.105,0.895,0.0,2231,-20.349619004930524,loss,0.003102175999629253,0.0,,0,5875192336284552080,10345539874955881770,7712372346208189527,cbf8f9cfe677da565b2ae33e9de338703c7ca60244902fb48ab109eccb40a63b,0,False
mixed,10,9,LFU,LFU,3000,769,2231,0.25633333333333336,0.7436666666666667,53.60094451003542,2231,0.0,tie,0.0032843010003489326,0.0,,0,5875192336284552080,10345539874955881770,7712372346208189527,cbf8f9cfe677da565b2ae33e9de338703c7ca60244902fb48ab109eccb40a63b,0,False
mixed,10,9,MRU,MRU,3000,348,2652,0.116,0.884,3.8961038961038996,2231,-18.870461676378305,loss,0.0030008940002517193,0.0,,0,5875192336284552080,10345539874955881770,7712372346208189527,cbf8f9cfe677da565b2ae33e9de338703c7ca60244902fb48ab109eccb40a63b,0,False
mixed,10,9,OPT,OPT,3000,1162,1838,0.3873333333333333,0.6126666666666667,100.0,2231,17.615419094576424,win,0.003010918000654783,0.0,,0,5875192336284552080,10345539874955881770,7712372346208189527,cbf8f9cfe677da565b2ae33e9de338703c7ca60244902fb48ab109eccb40a63b,0,False
mixed,10,9,LeCaR-inspired,LeCaR,3000,316,2684,0.10533333333333333,0.8946666666666667,0.11806375442737779,2231,-20.304796055580457,loss,0.006177000999741722,0.0,,0,5875192336284552080,10345539874955881770,7712372346208189527,cbf8f9cfe677da565b2ae33e9de338703c7ca60244902fb48ab109eccb40a63b,0,False
mixed,10,9,RL-Windowed,RL-Adaptive (windowed),3000,740,2260,0.24666666666666667,0.7533333333333333,50.17709563164111,2231,-1.2998655311519498,loss,0.003920940000170958,0.11227313699964725,"{""FIFO"": 0, ""LFU"": 15, ""LRU"": 21, ""MRU"": 24}",9,5875192336284552080,10345539874955881770,7712372346208189527,cbf8f9cfe677da565b2ae33e9de338703c7ca60244902fb48ab109eccb40a63b,0,False
mixed,10,9,RL-FixedCommit-20,RL-Adaptive (per-eviction),3000,699,2301,0.233,0.767,45.336481700118064,2231,-3.137606454504706,loss,0.004760685000292142,0.15360503800002334,"{""FIFO"": 300, ""LFU"": 20, ""LRU"": 620, ""MRU"": 1351}",19,5875192336284552080,10345539874955881770,7712372346208189527,cbf8f9cfe677da565b2ae33e9de338703c7ca60244902fb48ab109eccb40a63b,0,False
mixed,20,0,FIFO,FIFO,3000,641,2359,0.21366666666666667,0.7863333333333333,-5.781990521327009,2240,-5.3125,loss,0.005048836000241863,0.0,,0,999999,42,0,93ad6e1c7b84349c4af0d8ff53ca036b2fcce02b93afaa8a1a114c3e7e590343,0,False
mixed,20,0,LRU,LRU,3000,702,2298,0.234,0.766,0.0,2240,-2.5892857142857144,loss,0.005579650000072434,0.0,,0,999999,42,0,93ad6e1c7b84349c4af0d8ff53ca036b2fcce02b93afaa8a1a114c3e7e590343,0,False
mixed,20,0,LFU,LFU,3000,760,2240,0.25333333333333335,0.7466666666666667,5.497630331753549,2240,0.0,tie,0.005196644000534434,0.0,,0,999999,42,0,93ad6e1c7b84349c4af0d8ff53ca036b2fcce02b93afaa8a1a114c3e7e590343,0,False
mixed,20,0,MRU,MRU,3000,638,2362,0.21266666666666667,0.7873333333333333,-6.066350710900468,2240,-5.446428571428571,loss,0.003894851000040944,0.0,,0,999999,42,0,93ad6e1c7b84349c4af0d8ff53ca036b2fcce02b93afaa8a1a114c3e7e590343,0,False
mixed,20,0,OPT,OPT,3000,1757,1243,0.5856666666666667,0.41433333333333333,100.0,2240,44.50892857142857,win,0.005467060999762907,0.0,,0,999999,42,0,93ad6e1c7b84349c4af0d8ff53ca036b2fcce02b93afaa8a1a114c3e7e590343,0,False
mixed,20,0,LeCaR-inspired,LeCaR,3000,726,2274,0.242,0.758,2.27488151658768,2240,-1.5178571428571428,loss,0.00657082499947137,0.0,,0,999999,42,0,93ad6e1c7b84349c4af0d8ff53ca036b2fcce02b93afaa8a1a114c3e7e590343,0,False
mixed,20,0,RL-Windowed,RL-Adaptive (windowed),3000,805,2195,0.2683333333333333,0.7316666666666667,9.763033175355448,2240,2.0089285714285716,win,0.007993870000063907,0.13075314199977583,"{""FIFO"": 16, ""LFU"": 0, ""LRU"": 5, ""MRU"": 39}",9,999999,42,0,93ad6e1c7b84349c4af0d8ff53ca036b2fcce02b93afaa8a1a114c3e7e590343,0,False
mixed,20,0,RL-FixedCommit-20,RL-Adaptive (per-eviction),3000,1199,1801,0.39966666666666667,0.6003333333333334,47.10900473933648,2240,19.598214285714285,win,0.004677730000366864,0.16671524999946996,"{""FIFO"": 300, ""LFU"": 40, ""LRU"": 801, ""MRU"": 640}",15,999999,42,0,93ad6e1c7b84349c4af0d8ff53ca036b2fcce02b93afaa8a1a114c3e7e590343,0,False
mixed,20,1,FIFO,FIFO,3000,701,2299,0.23366666666666666,0.7663333333333333,-8.10502283105021,1729,-32.967032967032964,loss,0.004088994000085222,0.0,,0,7603780415275720334,16209500297135330722,14748072052631952262,523c1c9a73535e2c557eae24579493191ef59d961026564e91c080290958a7b4,0,False
mixed,20,1,LRU,LRU,3000,772,2228,0.25733333333333336,0.7426666666666667,0.0,1729,-28.860613071139387,loss,0.0038386159994843183,0.0,,0,7603780415275720334,16209500297135330722,14748072052631952262,523c1c9a73535e2c557eae24579493191ef59d961026564e91c080290958a7b4,0,False
mixed,20,1,LFU,LFU,3000,1271,1729,0.4236666666666667,0.5763333333333334,56.96347031963469,1729,0.0,tie,0.019610901000305603,0.0,,0,7603780415275720334,16209500297135330722,14748072052631952262,523c1c9a73535e2c557eae24579493191ef59d961026564e91c080290958a7b4,0,False
mixed,20,1,MRU,MRU,3000,733,2267,0.24433333333333335,0.7556666666666667,-4.452054794520551,1729,-31.116252168883747,loss,0.004632332999790378,0.0,,0,7603780415275720334,16209500297135330722,14748072052631952262,523c1c9a73535e2c557eae24579493191ef59d961026564e91c080290958a7b4,0,False
mixed,20,1,OPT,OPT,3000,1648,1352,0.5493333333333333,0.45066666666666666,100.0,1729,21.804511278195488,win,0.004299440999602666,0.0,,0,7603780415275720334,16209500297135330722,14748072052631952262,523c1c9a73535e2c557eae24579493191ef59d961026564e91c080290958a7b4,0,False
mixed,20,1,LeCaR-inspired,LeCaR,3000,832,2168,0.2773333333333333,0.7226666666666667,6.849315068493156,1729,-25.3903990746096,loss,0.006145602999822586,0.0,,0,7603780415275720334,16209500297135330722,14748072052631952262,523c1c9a73535e2c557eae24579493191ef59d961026564e91c080290958a7b4,0,False
mixed,20,1,RL-Windowed,RL-Adaptive (windowed),3000,971,2029,0.32366666666666666,0.6763333333333333,22.716894977168955,1729,-17.35106998264893,loss,0.004872984999565233,0.1255401050002547,"{""FIFO"": 26, ""LFU"": 1, ""LRU"": 5, ""MRU"": 28}",8,7603780415275720334,16209500297135330722,14748072052631952262,523c1c9a73535e2c557eae24579493191ef59d961026564e91c080290958a7b4,0,False
mixed,20,1,RL-FixedCommit-20,RL-Adaptive (per-eviction),3000,1274,1726,0.4246666666666667,0.5753333333333334,57.30593607305935,1729,0.1735106998264893,win,0.0054199490004975814,0.15043834500011144,"{""FIFO"": 0, ""LFU"": 1666, ""LRU"": 20, ""MRU"": 20}",18,7603780415275720334,16209500297135330722,14748072052631952262,523c1c9a73535e2c557eae24579493191ef59d961026564e91c080290958a7b4,0,False
mixed,20,2,FIFO,FIFO,3000,751,2249,0.25033333333333335,0.7496666666666667,18.215069495245054,2249,0.0,tie,0.00352219900014461,0.0,,0,1311293186698117257,11830697930886925429,2017808274605161281,2f80aaf176b1261bf989304226b3bf59c9b9f30f78f3cde881f7f3aa717636df,0,False
mixed,20,2,LRU,LRU,3000,502,2498,0.16733333333333333,0.8326666666666667,0.0,2249,-11.071587372165407,loss,0.0036012789996675565,0.0,,0,1311293186698117257,11830697930886925429,2017808274605161281,2f80aaf176b1261bf989304226b3bf59c9b9f30f78f3cde881f7f3aa717636df,0,False
mixed,20,2,LFU,LFU,3000,718,2282,0.23933333333333334,0.7606666666666667,15.801024140453537,2249,-1.4673188083592708,loss,0.005293999999594234,0.0,,0,1311293186698117257,11830697930886925429,2017808274605161281,2f80aaf176b1261bf989304226b3bf59c9b9f30f78f3cde881f7f3aa717636df,0,False
mixed,20,2,MRU,MRU,3000,608,2392,0.20266666666666666,0.7973333333333333,7.754206291148499,2249,-6.358381502890174,loss,0.003538984000442724,0.0,,0,1311293186698117257,11830697930886925429,2017808274605161281,2f80aaf176b1261bf989304226b3bf59c9b9f30f78f3cde881f7f3aa717636df,0,False
mixed,20,2,OPT,OPT,3000,1869,1131,0.623,0.377,100.0,2249,49.71098265895954,win,0.0033777110002120025,0.0,,0,1311293186698117257,11830697930886925429,2017808274605161281,2f80aaf176b1261bf989304226b3bf59c9b9f30f78f3cde881f7f3aa717636df,0,False
mixed,20,2,LeCaR-inspired,LeCaR,3000,565,2435,0.18833333333333332,0.8116666666666666,4.608632040965623,2249,-8.270342374388617,loss,0.007207603999631829,0.0,,0,1311293186698117257,11830697930886925429,2017808274605161281,2f80aaf176b1261bf989304226b3bf59c9b9f30f78f3cde881f7f3aa717636df,0,False
mixed,20,2,RL-Windowed,RL-Adaptive (windowed),3000,1254,1746,0.418,0.582,55.01097293343088,2249,22.3654957759004,win,0.003862682000544737,0.12315549000049941,"{""FIFO"": 15, ""LFU"": 1, ""LRU"": 17, ""MRU"": 27}",9,1311293186698117257,11830697930886925429,2017808274605161281,2f80aaf176b1261bf989304226b3bf59c9b9f30f78f3cde881f7f3aa717636df,0,False
mixed,20,2,RL-FixedCommit-20,RL-Adaptive (per-eviction),3000,1260,1740,0.42,0.58,55.449890270665705,2249,22.632281013783903,win,0.004067671000484552,0.143461718999788,"{""FIFO"": 660, ""LFU"": 20, ""LRU"": 220, ""MRU"": 820}",22,1311293186698117257,11830697930886925429,2017808274605161281,2f80aaf176b1261bf989304226b3bf59c9b9f30f78f3cde881f7f3aa717636df,0,False
mixed,20,3,FIFO,FIFO,3000,641,2359,0.21366666666666667,0.7863333333333333,11.716842961757537,1725,-36.7536231884058,loss,0.003508658000100695,0.0,,0,6012596622266117738,17495910894054136267,2396255516597462061,257676b5e2cecaf57376355a1b287a4f514e2f3cb4a238aea49e8ded0aa81b23,0,False
mixed,20,3,LRU,LRU,3000,497,2503,0.16566666666666666,0.8343333333333334,0.0,1725,-45.10144927536232,loss,0.00497644200004288,0.0,,0,6012596622266117738,17495910894054136267,2396255516597462061,257676b5e2cecaf57376355a1b287a4f514e2f3cb4a238aea49e8ded0aa81b23,0,False
mixed,20,3,LFU,LFU,3000,1275,1725,0.425,0.575,63.30349877949555,1725,0.0,tie,0.004225890000270738,0.0,,0,6012596622266117738,17495910894054136267,2396255516597462061,257676b5e2cecaf57376355a1b287a4f514e2f3cb4a238aea49e8ded0aa81b23,0,False
mixed,20,3,MRU,MRU,3000,871,2129,0.29033333333333333,0.7096666666666667,30.431244914564694,1725,-23.420289855072465,loss,0.0043675830002030125,0.0,,0,6012596622266117738,17495910894054136267,2396255516597462061,257676b5e2cecaf57376355a1b287a4f514e2f3cb4a238aea49e8ded0aa81b23,0,False
mixed,20,3,OPT,OPT,3000,1726,1274,0.5753333333333334,0.4246666666666667,100.0,1725,26.144927536231883,win,0.0046151570004440146,0.0,,0,6012596622266117738,17495910894054136267,2396255516597462061,257676b5e2cecaf57376355a1b287a4f514e2f3cb4a238aea49e8ded0aa81b23,0,False
mixed,20,3,LeCaR-inspired,LeCaR,3000,562,2438,0.18733333333333332,0.8126666666666666,5.288852725793341,1725,-41.333333333333336,loss,0.00887122200037993,0.0,,0,6012596622266117738,17495910894054136267,2396255516597462061,257676b5e2cecaf57376355a1b287a4f514e2f3cb4a238aea49e8ded0aa81b23,0,False
mixed,20,3,RL-Windowed,RL-Adaptive (windowed),3000,1097,1903,0.36566666666666664,0.6343333333333333,48.82017900732304,1725,-10.318840579710145,loss,0.005476113999975496,0.11246762900009344,"{""FIFO"": 18, ""LFU"": 0, ""LRU"": 4, ""MRU"": 38}",10,6012596622266117738,17495910894054136267,2396255516597462061,257676b5e2cecaf57376355a1b287a4f514e2f3cb4a238aea49e8ded0aa81b23,0,False
mixed,20,3,RL-FixedCommit-20,RL-Adaptive (per-eviction),3000,1254,1746,0.418,0.582,61.59479251423924,1725,-1.2173913043478262,loss,0.00386902199988981,0.13883979099955468,"{""FIFO"": 640, ""LFU"": 0, ""LRU"": 126, ""MRU"": 960}",20,6012596622266117738,17495910894054136267,2396255516597462061,257676b5e2cecaf57376355a1b287a4f514e2f3cb4a238aea49e8ded0aa81b23,0,False
mixed,20,4,FIFO,FIFO,3000,241,2759,0.08033333333333334,0.9196666666666666,-1.8054162487462406,2435,-13.305954825462011,loss,0.004303547999370494,0.0,,0,5408674312521439794,3339676171185130067,6751779647741319001,a5a342e0dcbcc7ba89e908c64fa373ac0709f25eb81fd3abc66cf0d508f84ae9,0,False
mixed,20,4,LRU,LRU,3000,259,2741,0.08633333333333333,0.9136666666666666,0.0,2435,-12.566735112936344,loss,0.0038460369996755617,0.0,,0,5408674312521439794,3339676171185130067,6751779647741319001,a5a342e0dcbcc7ba89e908c64fa373ac0709f25eb81fd3abc66cf0d508f84ae9,0,False
mixed,20,4,LFU,LFU,3000,529,2471,0.17633333333333334,0.8236666666666667,27.081243731193577,2435,-1.4784394250513346,loss,0.005176573000426288,0.0,,0,5408674312521439794,3339676171185130067,6751779647741319001,a5a342e0dcbcc7ba89e908c64fa373ac0709f25eb81fd3abc66cf0d508f84ae9,0,False
mixed,20,4,MRU,MRU,3000,565,2435,0.18833333333333332,0.8116666666666666,30.692076228686062,2435,0.0,tie,0.0037220000003799214,0.0,,0,5408674312521439794,3339676171185130067,6751779647741319001,a5a342e0dcbcc7ba89e908c64fa373ac0709f25eb81fd3abc66cf0d508f84ae9,0,False
mixed,20,4,OPT,OPT,3000,1256,1744,0.4186666666666667,0.5813333333333334,100.0,2435,28.37782340862423,win,0.005051215000094089,0.0,,0,5408674312521439794,3339676171185130067,6751779647741319001,a5a342e0dcbcc7ba89e908c64fa373ac0709f25eb81fd3abc66cf0d508f84ae9,0,False
mixed,20,4,LeCaR-inspired,LeCaR,3000,276,2724,0.092,0.908,1.7051153460380941,2435,-11.868583162217659,loss,0.00760967000042001,0.0,,0,5408674312521439794,3339676171185130067,6751779647741319001,a5a342e0dcbcc7ba89e908c64fa373ac0709f25eb81fd3abc66cf0d508f84ae9,0,False
mixed,20,4,RL-Windowed,RL-Adaptive (windowed),3000,547,2453,0.18233333333333332,0.8176666666666667,28.886659979939814,2435,-0.7392197125256673,loss,0.005192326999349461,0.12314140899979975,"{""FIFO"": 2, ""LFU"": 5, ""LRU"": 8, ""MRU"": 45}",9,5408674312521439794,3339676171185130067,6751779647741319001,a5a342e0dcbcc7ba89e908c64fa373ac0709f25eb81fd3abc66cf0d508f84ae9,0,False
mixed,20,4,RL-FixedCommit-20,RL-Adaptive (per-eviction),3000,547,2453,0.18233333333333332,0.8176666666666667,28.886659979939814,2435,-0.7392197125256673,loss,0.006549442000505223,0.13352551099978882,"{""FIFO"": 120, ""LFU"": 60, ""LRU"": 500, ""MRU"": 1753}",16,5408674312521439794,3339676171185130067,6751779647741319001,a5a342e0dcbcc7ba89e908c64fa373ac0709f25eb81fd3abc66cf0d508f84ae9,0,False
mixed,20,5,FIFO,FIFO,3000,487,2513,0.16233333333333333,0.8376666666666667,4.50819672131147,1872,-34.24145299145299,loss,0.003933578999749443,0.0,,0,14773220918157553241,8377227333358801554,11096794183713103636,131391ebde5e3c900a26744f26e44f3ed29e2ad3e970595a1aa43a2454a528a4,0,False
mixed,20,5,LRU,LRU,3000,432,2568,0.144,0.856,0.0,1872,-37.17948717948718,loss,0.0038347409999914817,0.0,,0,14773220918157553241,8377227333358801554,11096794183713103636,131391ebde5e3c900a26744f26e44f3ed29e2ad3e970595a1aa43a2454a528a4,0,False
mixed,20,5,LFU,LFU,3000,1128,1872,0.376,0.624,57.04918032786884,1872,0.0,tie,0.004201724000267859,0.0,,0,14773220918157553241,8377227333358801554,11096794183713103636,131391ebde5e3c900a26744f26e44f3ed29e2ad3e970595a1aa43a2454a528a4,0,False
mixed,20,5,MRU,MRU,3000,518,2482,0.17266666666666666,0.8273333333333334,7.049180327868839,1872,-32.585470085470085,loss,0.003965367999626324,0.0,,0,14773220918157553241,8377227333358801554,11096794183713103636,131391ebde5e3c900a26744f26e44f3ed29e2ad3e970595a1aa43a2454a528a4,0,False
mixed,20,5,OPT,OPT,3000,1652,1348,0.5506666666666666,0.4493333333333333,100.0,1872,27.99145299145299,win,0.003990425999290892,0.0,,0,14773220918157553241,8377227333358801554,11096794183713103636,131391ebde5e3c900a26744f26e44f3ed29e2ad3e970595a1aa43a2454a528a4,0,False
mixed,20,5,LeCaR-inspired,LeCaR,3000,468,2532,0.156,0.844,2.95081967213115,1872,-35.256410256410255,loss,0.007695951000641799,0.0,,0,14773220918157553241,8377227333358801554,11096794183713103636,131391ebde5e3c900a26744f26e44f3ed29e2ad3e970595a1aa43a2454a528a4,0,False
mixed,20,5,RL-Windowed,RL-Adaptive (windowed),3000,1074,1926,0.358,0.642,52.62295081967212,1872,-2.8846153846153846,loss,0.004375145000267366,0.13760117499987246,"{""FIFO"": 5, ""LFU"": 9, ""LRU"": 7, ""MRU"": 39}",9,14773220918157553241,8377227333358801554,11096794183713103636,131391ebde5e3c900a26744f26e44f3ed29e2ad3e970595a1aa43a2454a528a4,0,False
mixed,20,5,RL-FixedCommit-20,RL-Adaptive (per-eviction),3000,696,2304,0.232,0.768,21.639344262295072,1872,-23.076923076923077,loss,0.0050159610000264365,0.13496727399979136,"{""FIFO"": 380, ""LFU"": 180, ""LRU"": 100, ""MRU"": 1624}",19,14773220918157553241,8377227333358801554,11096794183713103636,131391ebde5e3c900a26744f26e44f3ed29e2ad3e970595a1aa43a2454a528a4,0,False
mixed,20,6,FIFO,FIFO,3000,821,2179,0.27366666666666667,0.7263333333333334,-6.631578947368426,1614,-35.00619578686493,loss,0.003361557000062021,0.0,,0,4178265869039737759,5131820145402808293,17406943955113393110,eaf967542e9cb3239bc3eb4fcd6f13f65765742e0134d695dde212c96aa53320,0,False
mixed,20,6,LRU,LRU,3000,884,2116,0.2946666666666667,0.7053333333333334,0.0,1614,-31.10285006195787,loss,0.0034583229999043397,0.0,,0,4178265869039737759,5131820145402808293,17406943955113393110,eaf967542e9cb3239bc3eb4fcd6f13f65765742e0134d695dde212c96aa53320,0,False
mixed,20,6,LFU,LFU,3000,1386,1614,0.462,0.538,52.84210526315789,1614,0.0,tie,0.0038490919996547746,0.0,,0,4178265869039737759,5131820145402808293,17406943955113393110,eaf967542e9cb3239bc3eb4fcd6f13f65765742e0134d695dde212c96aa53320,0,False
mixed,20,6,MRU,MRU,3000,670,2330,0.22333333333333333,0.7766666666666666,-22.526315789473657,1614,-44.36183395291202,loss,0.004718752999906428,0.0,,0,4178265869039737759,5131820145402808293,17406943955113393110,eaf967542e9cb3239bc3eb4fcd6f13f65765742e0134d695dde212c96aa53320,0,False
mixed,20,6,OPT,OPT,3000,1834,1166,0.6113333333333333,0.38866666666666666,100.0,1614,27.757125154894673,win,0.003866097999889462,0.0,,0,4178265869039737759,5131820145402808293,17406943955113393110,eaf967542e9cb3239bc3eb4fcd6f13f65765742e0134d695dde212c96aa53320,0,False
mixed,20,6,LeCaR-inspired,LeCaR,3000,931,2069,0.31033333333333335,0.6896666666666667,4.947368421052647,1614,-28.1908302354399,loss,0.006060615000023972,0.0,,0,4178265869039737759,5131820145402808293,17406943955113393110,eaf967542e9cb3239bc3eb4fcd6f13f65765742e0134d695dde212c96aa53320,0,False
mixed,20,6,RL-Windowed,RL-Adaptive (windowed),3000,1055,1945,0.3516666666666667,0.6483333333333333,18.000000000000014,1614,-20.50805452292441,loss,0.005109451999487646,0.13778015400021104,"{""FIFO"": 13, ""LFU"": 31, ""LRU"": 8, ""MRU"": 8}",9,4178265869039737759,5131820145402808293,17406943955113393110,eaf967542e9cb3239bc3eb4fcd6f13f65765742e0134d695dde212c96aa53320,0,False
mixed,20,6,RL-FixedCommit-20,RL-Adaptive (per-eviction),3000,1000,2000,0.3333333333333333,0.6666666666666666,12.210526315789496,1614,-23.915737298636927,loss,0.0045069839998177486,0.14477488800002902,"{""FIFO"": 300, ""LFU"": 20, ""LRU"": 1000, ""MRU"": 660}",18,4178265869039737759,5131820145402808293,17406943955113393110,eaf967542e9cb3239bc3eb4fcd6f13f65765742e0134d695dde212c96aa53320,0,False
mixed,20,7,FIFO,FIFO,3000,728,2272,0.24266666666666667,0.7573333333333333,5.475206611570264,1543,-47.24562540505509,loss,0.003457191000052262,0.0,,0,4153416652889310878,16598305108710322726,6842020507374840286,2a436afb508972a32d4a4c0603f58f9790ebc98623c3d204b3b8c7ca58702e07,0,False
mixed,20,7,LRU,LRU,3000,675,2325,0.225,0.775,0.0,1543,-50.68049254698639,loss,0.0034730450006463798,0.0,,0,4153416652889310878,16598305108710322726,6842020507374840286,2a436afb508972a32d4a4c0603f58f9790ebc98623c3d204b3b8c7ca58702e07,0,False
mixed,20,7,LFU,LFU,3000,1457,1543,0.4856666666666667,0.5143333333333333,80.78512396694215,1543,0.0,tie,0.00347754199992778,0.0,,0,4153416652889310878,16598305108710322726,6842020507374840286,2a436afb508972a32d4a4c0603f58f9790ebc98623c3d204b3b8c7ca58702e07,0,False
mixed,20,7,MRU,MRU,3000,769,2231,0.25633333333333336,0.7436666666666667,9.710743801652889,1543,-44.58846403110823,loss,0.003653347000181384,0.0,,0,4153416652889310878,16598305108710322726,6842020507374840286,2a436afb508972a32d4a4c0603f58f9790ebc98623c3d204b3b8c7ca58702e07,0,False
mixed,20,7,OPT,OPT,3000,1643,1357,0.5476666666666666,0.4523333333333333,100.0,1543,12.054439403758911,win,0.004568647000269266,0.0,,0,4153416652889310878,16598305108710322726,6842020507374840286,2a436afb508972a32d4a4c0603f58f9790ebc98623c3d204b3b8c7ca58702e07,0,False
mixed,20,7,LeCaR-inspired,LeCaR,3000,821,2179,0.27366666666666667,0.7263333333333334,15.082644628099162,1543,-41.218405703175634,loss,0.005943619000390754,0.0,,0,4153416652889310878,16598305108710322726,6842020507374840286,2a436afb508972a32d4a4c0603f58f9790ebc98623c3d204b3b8c7ca58702e07,0,False
mixed,20,7,RL-Windowed,RL-Adaptive (windowed),3000,956,2044,0.31866666666666665,0.6813333333333333,29.028925619834713,1543,-32.469215813350615,loss,0.004344457999650331,0.11680668999997579,"{""FIFO"": 0, ""LFU"": 0, ""LRU"": 20, ""MRU"": 40}",9,4153416652889310878,16598305108710322726,6842020507374840286,2a436afb508972a32d4a4c0603f58f9790ebc98623c3d204b3b8c7ca58702e07,0,False
mixed,20,7,RL-FixedCommit-20,RL-Adaptive (per-eviction),3000,1147,1853,0.38233333333333336,0.6176666666666667,48.76033057851239,1543,-20.090732339598187,loss,0.004568106000078842,0.1378926950001187,"{""FIFO"": 20, ""LFU"": 520, ""LRU"": 60, ""MRU"": 1233}",16,4153416652889310878,16598305108710322726,6842020507374840286,2a436afb508972a32d4a4c0603f58f9790ebc98623c3d204b3b8c7ca58702e07,0,False
mixed,20,8,FIFO,FIFO,3000,970,2030,0.3233333333333333,0.6766666666666666,23.190442726633872,2030,0.0,tie,0.003268877000664361,0.0,,0,3891037102051981712,8075803143106818046,11392874176746735604,990e351751b685ab4155878431df4485a687eb8487e95d877ada14c6d3502a84,0,False
mixed,20,8,LRU,LRU,3000,640,2360,0.21333333333333335,0.7866666666666666,0.0,2030,-16.25615763546798,loss,0.0038006479999239673,0.0,,0,3891037102051981712,8075803143106818046,11392874176746735604,990e351751b685ab4155878431df4485a687eb8487e95d877ada14c6d3502a84,0,False
mixed,20,8,LFU,LFU,3000,814,2186,0.2713333333333333,0.7286666666666667,12.227687983134212,2030,-7.684729064039409,loss,0.004753726000672032,0.0,,0,3891037102051981712,8075803143106818046,11392874176746735604,990e351751b685ab4155878431df4485a687eb8487e95d877ada14c6d3502a84,0,False
mixed,20,8,MRU,MRU,3000,489,2511,0.163,0.837,-10.611384399156714,2030,-23.694581280788178,loss,0.004032779000226583,0.0,,0,3891037102051981712,8075803143106818046,11392874176746735604,990e351751b685ab4155878431df4485a687eb8487e95d877ada14c6d3502a84,0,False
mixed,20,8,OPT,OPT,3000,2063,937,0.6876666666666666,0.31233333333333335,100.0,2030,53.8423645320197,win,0.0028271219998714514,0.0,,0,3891037102051981712,8075803143106818046,11392874176746735604,990e351751b685ab4155878431df4485a687eb8487e95d877ada14c6d3502a84,0,False
mixed,20,8,LeCaR-inspired,LeCaR,3000,692,2308,0.23066666666666666,0.7693333333333333,3.6542515811665455,2030,-13.694581280788178,loss,0.00677765599994018,0.0,,0,3891037102051981712,8075803143106818046,11392874176746735604,990e351751b685ab4155878431df4485a687eb8487e95d877ada14c6d3502a84,0,False
mixed,20,8,RL-Windowed,RL-Adaptive (windowed),3000,1516,1484,0.5053333333333333,0.49466666666666664,61.560084328882645,2030,26.896551724137932,win,0.004152138000790728,0.12256947700007004,"{""FIFO"": 4, ""LFU"": 0, ""LRU"": 22, ""MRU"": 34}",9,3891037102051981712,8075803143106818046,11392874176746735604,990e351751b685ab4155878431df4485a687eb8487e95d877ada14c6d3502a84,0,False
mixed,20,8,RL-FixedCommit-20,RL-Adaptive (per-eviction),3000,1152,1848,0.384,0.616,35.980323260716794,2030,8.96551724137931,win,0.004578441000376188,0.1490841229997386,"{""FIFO"": 120, ""LFU"": 548, ""LRU"": 0, ""MRU"": 1160}",19,3891037102051981712,8075803143106818046,11392874176746735604,990e351751b685ab4155878431df4485a687eb8487e95d877ada14c6d3502a84,0,False
mixed,20,9,FIFO,FIFO,3000,534,2466,0.178,0.822,-3.8031319910514325,1475,-67.1864406779661,loss,0.003521458000250277,0.0,,0,5875192336284552080,10345539874955881770,7712372346208189527,cbf8f9cfe677da565b2ae33e9de338703c7ca60244902fb48ab109eccb40a63b,0,False
mixed,20,9,LRU,LRU,3000,585,2415,0.195,0.805,0.0,1475,-63.728813559322035,loss,0.003660137000224495,0.0,,0,5875192336284552080,10345539874955881770,7712372346208189527,cbf8f9cfe677da565b2ae33e9de338703c7ca60244902fb48ab109eccb40a63b,0,False
mixed,20,9,LFU,LFU,3000,1525,1475,0.5083333333333333,0.49166666666666664,70.09694258016407,1475,0.0,tie,0.0037501229999179486,0.0,,0,5875192336284552080,10345539874955881770,7712372346208189527,cbf8f9cfe677da565b2ae33e9de338703c7ca60244902fb48ab109eccb40a63b,0,False
mixed,20,9,MRU,MRU,3000,810,2190,0.27,0.73,16.778523489932898,1475,-48.47457627118644,loss,0.0034287380003661383,0.0,,0,5875192336284552080,10345539874955881770,7712372346208189527,cbf8f9cfe677da565b2ae33e9de338703c7ca60244902fb48ab109eccb40a63b,0,False
mixed,20,9,OPT,OPT,3000,1926,1074,0.642,0.358,100.0,1475,27.1864406779661,win,0.0030616049998570816,0.0,,0,5875192336284552080,10345539874955881770,7712372346208189527,cbf8f9cfe677da565b2ae33e9de338703c7ca60244902fb48ab109eccb40a63b,0,False
mixed,20,9,LeCaR-inspired,LeCaR,3000,619,2381,0.20633333333333334,0.7936666666666666,2.5354213273676542,1475,-61.42372881355932,loss,0.0070343639999919105,0.0,,0,5875192336284552080,10345539874955881770,7712372346208189527,cbf8f9cfe677da565b2ae33e9de338703c7ca60244902fb48ab109eccb40a63b,0,False
mixed,20,9,RL-Windowed,RL-Adaptive (windowed),3000,1495,1505,0.49833333333333335,0.5016666666666667,67.85980611483966,1475,-2.0338983050847457,loss,0.003969102999690222,0.12276661400028388,"{""FIFO"": 0, ""LFU"": 15, ""LRU"": 21, ""MRU"": 24}",9,5875192336284552080,10345539874955881770,7712372346208189527,cbf8f9cfe677da565b2ae33e9de338703c7ca60244902fb48ab109eccb40a63b,0,False
mixed,20,9,RL-FixedCommit-20,RL-Adaptive (per-eviction),3000,1380,1620,0.46,0.54,59.28411633109619,1475,-9.830508474576272,loss,0.0042380779996165074,0.19323004800025956,"{""FIFO"": 0, ""LFU"": 40, ""LRU"": 600, ""MRU"": 960}",17,5875192336284552080,10345539874955881770,7712372346208189527,cbf8f9cfe677da565b2ae33e9de338703c7ca60244902fb48ab109eccb40a63b,0,False
mixed,40,0,FIFO,FIFO,3000,1641,1359,0.547,0.453,-3.4146341463414664,1338,-1.5695067264573992,loss,0.00341049100006785,0.0,,0,999999,42,0,93ad6e1c7b84349c4af0d8ff53ca036b2fcce02b93afaa8a1a114c3e7e590343,0,False
mixed,40,0,LRU,LRU,3000,1662,1338,0.554,0.446,0.0,1338,0.0,tie,0.0032299980002790107,0.0,,0,999999,42,0,93ad6e1c7b84349c4af0d8ff53ca036b2fcce02b93afaa8a1a114c3e7e590343,0,False
mixed,40,0,LFU,LFU,3000,1300,1700,0.43333333333333335,0.5666666666666667,-58.86178861788617,1338,-27.055306427503737,loss,0.006042627999704564,0.0,,0,999999,42,0,93ad6e1c7b84349c4af0d8ff53ca036b2fcce02b93afaa8a1a114c3e7e590343,0,False
mixed,40,0,MRU,MRU,3000,1251,1749,0.417,0.583,-66.8292682926829,1338,-30.717488789237667,loss,0.004170356000031461,0.0,,0,999999,42,0,93ad6e1c7b84349c4af0d8ff53ca036b2fcce02b93afaa8a1a114c3e7e590343,0,False
mixed,40,0,OPT,OPT,3000,2277,723,0.759,0.241,100.0,1338,45.964125560538115,win,0.0038857769995956914,0.0,,0,999999,42,0,93ad6e1c7b84349c4af0d8ff53ca036b2fcce02b93afaa8a1a114c3e7e590343,0,False
mixed,40,0,LeCaR-inspired,LeCaR,3000,1666,1334,0.5553333333333333,0.44466666666666665,0.6504065040650502,1338,0.29895366218236175,win,0.005810507999740366,0.0,,0,999999,42,0,93ad6e1c7b84349c4af0d8ff53ca036b2fcce02b93afaa8a1a114c3e7e590343,0,False
mixed,40,0,RL-Windowed,RL-Adaptive (windowed),3000,1687,1313,0.5623333333333334,0.43766666666666665,4.065040650406517,1338,1.8684603886397608,win,0.004313782000281208,0.11298708199956309,"{""FIFO"": 28, ""LFU"": 0, ""LRU"": 5, ""MRU"": 27}",9,999999,42,0,93ad6e1c7b84349c4af0d8ff53ca036b2fcce02b93afaa8a1a114c3e7e590343,0,False
mixed,40,0,RL-FixedCommit-20,RL-Adaptive (per-eviction),3000,1511,1489,0.5036666666666667,0.49633333333333335,-24.552845528455286,1338,-11.285500747384155,loss,0.005859892999978911,0.12918442799946206,"{""FIFO"": 100, ""LFU"": 529, ""LRU"": 100, ""MRU"": 720}",15,999999,42,0,93ad6e1c7b84349c4af0d8ff53ca036b2fcce02b93afaa8a1a114c3e7e590343,0,False
mixed,40,1,FIFO,FIFO,3000,1436,1564,0.4786666666666667,0.5213333333333333,-11.867088607594921,1092,-43.223443223443226,loss,0.0035966909999842755,0.0,,0,7603780415275720334,16209500297135330722,14748072052631952262,523c1c9a73535e2c557eae24579493191ef59d961026564e91c080290958a7b4,0,False
mixed,40,1,LRU,LRU,3000,1511,1489,0.5036666666666667,0.49633333333333335,0.0,1092,-36.35531135531136,loss,0.0034766110002237838,0.0,,0,7603780415275720334,16209500297135330722,14748072052631952262,523c1c9a73535e2c557eae24579493191ef59d961026564e91c080290958a7b4,0,False
mixed,40,1,LFU,LFU,3000,1908,1092,0.636,0.364,62.816455696202546,1092,0.0,tie,0.004090686000381538,0.0,,0,7603780415275720334,16209500297135330722,14748072052631952262,523c1c9a73535e2c557eae24579493191ef59d961026564e91c080290958a7b4,0,False
mixed,40,1,MRU,MRU,3000,1353,1647,0.451,0.549,-25.00000000000001,1092,-50.824175824175825,loss,0.004038797999783128,0.0,,0,7603780415275720334,16209500297135330722,14748072052631952262,523c1c9a73535e2c557eae24579493191ef59d961026564e91c080290958a7b4,0,False
mixed,40,1,OPT,OPT,3000,2143,857,0.7143333333333334,0.2856666666666667,100.0,1092,21.520146520146522,win,0.0043070820001958054,0.0,,0,7603780415275720334,16209500297135330722,14748072052631952262,523c1c9a73535e2c557eae24579493191ef59d961026564e91c080290958a7b4,0,False
mixed,40,1,LeCaR-inspired,LeCaR,3000,1521,1479,0.507,0.493,1.5822784810126684,1092,-35.43956043956044,loss,0.006270132000281592,0.0,,0,7603780415275720334,16209500297135330722,14748072052631952262,523c1c9a73535e2c557eae24579493191ef59d961026564e91c080290958a7b4,0,False
mixed,40,1,RL-Windowed,RL-Adaptive (windowed),3000,1699,1301,0.5663333333333334,0.43366666666666664,29.746835443037995,1092,-19.13919413919414,loss,0.004274312999768881,0.11443513500034896,"{""FIFO"": 34, ""LFU"": 1, ""LRU"": 5, ""MRU"": 20}",8,7603780415275720334,16209500297135330722,14748072052631952262,523c1c9a73535e2c557eae24579493191ef59d961026564e91c080290958a7b4,0,False
mixed,40,1,RL-FixedCommit-20,RL-Adaptive (per-eviction),3000,1829,1171,0.6096666666666667,0.3903333333333333,50.316455696202546,1092,-7.2344322344322345,loss,0.0041034559999388875,0.1250401809993491,"{""FIFO"": 20, ""LFU"": 151, ""LRU"": 300, ""MRU"": 660}",14,7603780415275720334,16209500297135330722,14748072052631952262,523c1c9a73535e2c557eae24579493191ef59d961026564e91c080290958a7b4,0,False
mixed,40,2,FIFO,FIFO,3000,1895,1105,0.6316666666666667,0.36833333333333335,-9.401709401709397,1061,-4.147031102733271,loss,0.0027887039996130625,0.0,,0,1311293186698117257,11830697930886925429,2017808274605161281,2f80aaf176b1261bf989304226b3bf59c9b9f30f78f3cde881f7f3aa717636df,0,False
mixed,40,2,LRU,LRU,3000,1939,1061,0.6463333333333333,0.3536666666666667,0.0,1061,0.0,tie,0.002738307999607059,0.0,,0,1311293186698117257,11830697930886925429,2017808274605161281,2f80aaf176b1261bf989304226b3bf59c9b9f30f78f3cde881f7f3aa717636df,0,False
mixed,40,2,LFU,LFU,3000,1473,1527,0.491,0.509,-99.57264957264955,1061,-43.92082940622055,loss,0.005411797000306251,0.0,,0,1311293186698117257,11830697930886925429,2017808274605161281,2f80aaf176b1261bf989304226b3bf59c9b9f30f78f3cde881f7f3aa717636df,0,False
mixed,40,2,MRU,MRU,3000,1239,1761,0.413,0.587,-149.5726495726495,1061,-65.97549481621112,loss,0.004117898000004061,0.0,,0,1311293186698117257,11830697930886925429,2017808274605161281,2f80aaf176b1261bf989304226b3bf59c9b9f30f78f3cde881f7f3aa717636df,0,False
mixed,40,2,OPT,OPT,3000,2407,593,0.8023333333333333,0.19766666666666666,100.0,1061,44.10933081998115,win,0.0031369979997180053,0.0,,0,1311293186698117257,11830697930886925429,2017808274605161281,2f80aaf176b1261bf989304226b3bf59c9b9f30f78f3cde881f7f3aa717636df,0,False
mixed,40,2,LeCaR-inspired,LeCaR,3000,1940,1060,0.6466666666666666,0.35333333333333333,0.2136752136752257,1061,0.0942507068803016,win,0.0045089870000083465,0.0,,0,1311293186698117257,11830697930886925429,2017808274605161281,2f80aaf176b1261bf989304226b3bf59c9b9f30f78f3cde881f7f3aa717636df,0,False
mixed,40,2,RL-Windowed,RL-Adaptive (windowed),3000,1856,1144,0.6186666666666667,0.38133333333333336,-17.735042735042736,1061,-7.822808671065033,loss,0.004404889999932493,0.12280594300045777,"{""FIFO"": 7, ""LFU"": 9, ""LRU"": 17, ""MRU"": 27}",9,1311293186698117257,11830697930886925429,2017808274605161281,2f80aaf176b1261bf989304226b3bf59c9b9f30f78f3cde881f7f3aa717636df,0,False
mixed,40,2,RL-FixedCommit-20,RL-Adaptive (per-eviction),3000,1524,1476,0.508,0.492,-88.67521367521366,1061,-39.114043355325165,loss,0.00468478199945821,0.1287098020002304,"{""FIFO"": 0, ""LFU"": 80, ""LRU"": 496, ""MRU"": 860}",18,1311293186698117257,11830697930886925429,2017808274605161281,2f80aaf176b1261bf989304226b3bf59c9b9f30f78f3cde881f7f3aa717636df,0,False
mixed,40,3,FIFO,FIFO,3000,1662,1338,0.554,0.446,-9.566787003610107,986,-35.699797160243406,loss,0.003481768000710872,0.0,,0,6012596622266117738,17495910894054136267,2396255516597462061,257676b5e2cecaf57376355a1b287a4f514e2f3cb4a238aea49e8ded0aa81b23,0,False
mixed,40,3,LRU,LRU,3000,1715,1285,0.5716666666666667,0.42833333333333334,0.0,986,-30.324543610547668,loss,0.003079482000430289,0.0,,0,6012596622266117738,17495910894054136267,2396255516597462061,257676b5e2cecaf57376355a1b287a4f514e2f3cb4a238aea49e8ded0aa81b23,0,False
mixed,40,3,LFU,LFU,3000,2014,986,0.6713333333333333,0.32866666666666666,53.97111913357401,986,0.0,tie,0.0037288300000000163,0.0,,0,6012596622266117738,17495910894054136267,2396255516597462061,257676b5e2cecaf57376355a1b287a4f514e2f3cb4a238aea49e8ded0aa81b23,0,False
mixed,40,3,MRU,MRU,3000,1557,1443,0.519,0.481,-28.519855595667853,986,-46.34888438133874,loss,0.0035277379993203795,0.0,,0,6012596622266117738,17495910894054136267,2396255516597462061,257676b5e2cecaf57376355a1b287a4f514e2f3cb4a238aea49e8ded0aa81b23,0,False
mixed,40,3,OPT,OPT,3000,2269,731,0.7563333333333333,0.24366666666666667,100.0,986,25.862068965517242,win,0.003668239999569778,0.0,,0,6012596622266117738,17495910894054136267,2396255516597462061,257676b5e2cecaf57376355a1b287a4f514e2f3cb4a238aea49e8ded0aa81b23,0,False
mixed,40,3,LeCaR-inspired,LeCaR,3000,1729,1271,0.5763333333333334,0.4236666666666667,2.5270758122743606,986,-28.904665314401623,loss,0.0053237940001054085,0.0,,0,6012596622266117738,17495910894054136267,2396255516597462061,257676b5e2cecaf57376355a1b287a4f514e2f3cb4a238aea49e8ded0aa81b23,0,False
mixed,40,3,RL-Windowed,RL-Adaptive (windowed),3000,1784,1216,0.5946666666666667,0.4053333333333333,12.454873646209396,986,-23.32657200811359,loss,0.004062442999384075,0.11043922199951339,"{""FIFO"": 18, ""LFU"": 0, ""LRU"": 24, ""MRU"": 18}",10,6012596622266117738,17495910894054136267,2396255516597462061,257676b5e2cecaf57376355a1b287a4f514e2f3cb4a238aea49e8ded0aa81b23,0,False
mixed,40,3,RL-FixedCommit-20,RL-Adaptive (per-eviction),3000,1791,1209,0.597,0.403,13.718411552346563,986,-22.616632860040568,loss,0.0040208310001617065,0.13680001800003083,"{""FIFO"": 320, ""LFU"": 129, ""LRU"": 20, ""MRU"": 700}",14,6012596622266117738,17495910894054136267,2396255516597462061,257676b5e2cecaf57376355a1b287a4f514e2f3cb4a238aea49e8ded0aa81b23,0,False
mixed,40,4,FIFO,FIFO,3000,1074,1926,0.358,0.642,-2.2941970310391535,1807,-6.585500830105147,loss,0.004564290000416804,0.0,,0,5408674312521439794,3339676171185130067,6751779647741319001,a5a342e0dcbcc7ba89e908c64fa373ac0709f25eb81fd3abc66cf0d508f84ae9,0,False
mixed,40,4,LRU,LRU,3000,1091,1909,0.3636666666666667,0.6363333333333333,0.0,1807,-5.644714997232983,loss,0.004381494999506685,0.0,,0,5408674312521439794,3339676171185130067,6751779647741319001,a5a342e0dcbcc7ba89e908c64fa373ac0709f25eb81fd3abc66cf0d508f84ae9,0,False
mixed,40,4,LFU,LFU,3000,1094,1906,0.36466666666666664,0.6353333333333333,0.4048582995951421,1807,-5.478693967902601,loss,0.006920181000168668,0.0,,0,5408674312521439794,3339676171185130067,6751779647741319001,a5a342e0dcbcc7ba89e908c64fa373ac0709f25eb81fd3abc66cf0d508f84ae9,0,False
mixed,40,4,MRU,MRU,3000,1193,1807,0.39766666666666667,0.6023333333333334,13.765182186234783,1807,0.0,tie,0.004287733000637672,0.0,,0,5408674312521439794,3339676171185130067,6751779647741319001,a5a342e0dcbcc7ba89e908c64fa373ac0709f25eb81fd3abc66cf0d508f84ae9,0,False
mixed,40,4,OPT,OPT,3000,1832,1168,0.6106666666666667,0.3893333333333333,100.0,1807,35.36247924737133,win,0.006504924999717332,0.0,,0,5408674312521439794,3339676171185130067,6751779647741319001,a5a342e0dcbcc7ba89e908c64fa373ac0709f25eb81fd3abc66cf0d508f84ae9,0,False
mixed,40,4,LeCaR-inspired,LeCaR,3000,1085,1915,0.3616666666666667,0.6383333333333333,-0.8097165991902842,1807,-5.976757055893747,loss,0.0078275890000441,0.0,,0,5408674312521439794,3339676171185130067,6751779647741319001,a5a342e0dcbcc7ba89e908c64fa373ac0709f25eb81fd3abc66cf0d508f84ae9,0,False
mixed,40,4,RL-Windowed,RL-Adaptive (windowed),3000,1424,1576,0.4746666666666667,0.5253333333333333,44.939271255060724,1807,12.783619258439403,win,0.0052268280005591805,0.11450427999989188,"{""FIFO"": 2, ""LFU"": 5, ""LRU"": 19, ""MRU"": 34}",9,5408674312521439794,3339676171185130067,6751779647741319001,a5a342e0dcbcc7ba89e908c64fa373ac0709f25eb81fd3abc66cf0d508f84ae9,0,False
mixed,40,4,RL-FixedCommit-20,RL-Adaptive (per-eviction),3000,1102,1898,0.36733333333333335,0.6326666666666667,1.4844804318488243,1807,-5.0359712230215825,loss,0.00591353399977379,0.11650524499964376,"{""FIFO"": 360, ""LFU"": 0, ""LRU"": 60, ""MRU"": 1438}",16,5408674312521439794,3339676171185130067,6751779647741319001,a5a342e0dcbcc7ba89e908c64fa373ac0709f25eb81fd3abc66cf0d508f84ae9,0,False
mixed,40,5,FIFO,FIFO,3000,1603,1397,0.5343333333333333,0.4656666666666667,-6.595365418894847,1076,-29.83271375464684,loss,0.0033094180007537943,0.0,,0,14773220918157553241,8377227333358801554,11096794183713103636,131391ebde5e3c900a26744f26e44f3ed29e2ad3e970595a1aa43a2454a528a4,0,False
mixed,40,5,LRU,LRU,3000,1640,1360,0.5466666666666666,0.4533333333333333,0.0,1076,-26.394052044609666,loss,0.003410029999940889,0.0,,0,14773220918157553241,8377227333358801554,11096794183713103636,131391ebde5e3c900a26744f26e44f3ed29e2ad3e970595a1aa43a2454a528a4,0,False
mixed,40,5,LFU,LFU,3000,1924,1076,0.6413333333333333,0.3586666666666667,50.623885918003545,1076,0.0,tie,0.0041513969999869005,0.0,,0,14773220918157553241,8377227333358801554,11096794183713103636,131391ebde5e3c900a26744f26e44f3ed29e2ad3e970595a1aa43a2454a528a4,0,False
mixed,40,5,MRU,MRU,3000,1418,1582,0.4726666666666667,0.5273333333333333,-39.57219251336899,1076,-47.026022304832715,loss,0.003969424000388244,0.0,,0,14773220918157553241,8377227333358801554,11096794183713103636,131391ebde5e3c900a26744f26e44f3ed29e2ad3e970595a1aa43a2454a528a4,0,False
mixed,40,5,OPT,OPT,3000,2201,799,0.7336666666666667,0.2663333333333333,100.0,1076,25.743494423791823,win,0.004168874000242795,0.0,,0,14773220918157553241,8377227333358801554,11096794183713103636,131391ebde5e3c900a26744f26e44f3ed29e2ad3e970595a1aa43a2454a528a4,0,False
mixed,40,5,LeCaR-inspired,LeCaR,3000,1666,1334,0.5553333333333333,0.44466666666666665,4.634581105169334,1076,-23.977695167286246,loss,0.005951039999672503,0.0,,0,14773220918157553241,8377227333358801554,11096794183713103636,131391ebde5e3c900a26744f26e44f3ed29e2ad3e970595a1aa43a2454a528a4,0,False
mixed,40,5,RL-Windowed,RL-Adaptive (windowed),3000,1877,1123,0.6256666666666667,0.37433333333333335,42.24598930481282,1076,-4.368029739776952,loss,0.004384357999697386,0.1355479200001355,"{""FIFO"": 5, ""LFU"": 8, ""LRU"": 27, ""MRU"": 20}",9,14773220918157553241,8377227333358801554,11096794183713103636,131391ebde5e3c900a26744f26e44f3ed29e2ad3e970595a1aa43a2454a528a4,0,False
mixed,40,5,RL-FixedCommit-20,RL-Adaptive (per-eviction),3000,1600,1400,0.5333333333333333,0.4666666666666667,-7.130124777183617,1076,-30.111524163568774,loss,0.004296966999390861,0.12952021399996738,"{""FIFO"": 60, ""LFU"": 40, ""LRU"": 300, ""MRU"": 960}",16,14773220918157553241,8377227333358801554,11096794183713103636,131391ebde5e3c900a26744f26e44f3ed29e2ad3e970595a1aa43a2454a528a4,0,False
mixed,40,6,FIFO,FIFO,3000,1644,1356,0.548,0.452,-16.66666666666667,1099,-23.38489535941765,loss,0.0032522219999009394,0.0,,0,4178265869039737759,5131820145402808293,17406943955113393110,eaf967542e9cb3239bc3eb4fcd6f13f65765742e0134d695dde212c96aa53320,0,False
mixed,40,6,LRU,LRU,3000,1742,1258,0.5806666666666667,0.41933333333333334,0.0,1099,-14.467697907188352,loss,0.0030130820005069836,0.0,,0,4178265869039737759,5131820145402808293,17406943955113393110,eaf967542e9cb3239bc3eb4fcd6f13f65765742e0134d695dde212c96aa53320,0,False
mixed,40,6,LFU,LFU,3000,1901,1099,0.6336666666666667,0.36633333333333334,27.04081632653061,1099,0.0,tie,0.004367763999653107,0.0,,0,4178265869039737759,5131820145402808293,17406943955113393110,eaf967542e9cb3239bc3eb4fcd6f13f65765742e0134d695dde212c96aa53320,0,False
mixed,40,6,MRU,MRU,3000,1324,1676,0.44133333333333336,0.5586666666666666,-71.08843537414965,1099,-52.50227479526843,loss,0.003962371999477909,0.0,,0,4178265869039737759,5131820145402808293,17406943955113393110,eaf967542e9cb3239bc3eb4fcd6f13f65765742e0134d695dde212c96aa53320,0,False
mixed,40,6,OPT,OPT,3000,2330,670,0.7766666666666666,0.22333333333333333,100.0,1099,39.03548680618744,win,0.003752265999537485,0.0,,0,4178265869039737759,5131820145402808293,17406943955113393110,eaf967542e9cb3239bc3eb4fcd6f13f65765742e0134d695dde212c96aa53320,0,False
mixed,40,6,LeCaR-inspired,LeCaR,3000,1741,1259,0.5803333333333334,0.4196666666666667,-0.17006802721089392,1099,-14.558689717925386,loss,0.00702547000037157,0.0,,0,4178265869039737759,5131820145402808293,17406943955113393110,eaf967542e9cb3239bc3eb4fcd6f13f65765742e0134d695dde212c96aa53320,0,False
mixed,40,6,RL-Windowed,RL-Adaptive (windowed),3000,1723,1277,0.5743333333333334,0.4256666666666667,-3.2312925170068145,1099,-16.196542311191994,loss,0.0051706240001294645,0.15409656900010305,"{""FIFO"": 13, ""LFU"": 31, ""LRU"": 8, ""MRU"": 8}",9,4178265869039737759,5131820145402808293,17406943955113393110,eaf967542e9cb3239bc3eb4fcd6f13f65765742e0134d695dde212c96aa53320,0,False
mixed,40,6,RL-FixedCommit-20,RL-Adaptive (per-eviction),3000,1652,1348,0.5506666666666666,0.4493333333333333,-15.306122448979576,1099,-22.656960873521385,loss,0.004558530999929644,0.12485358999947493,"{""FIFO"": 0, ""LFU"": 208, ""LRU"": 580, ""MRU"": 520}",16,4178265869039737759,5131820145402808293,17406943955113393110,eaf967542e9cb3239bc3eb4fcd6f13f65765742e0134d695dde212c96aa53320,0,False
mixed,40,7,FIFO,FIFO,3000,1519,1481,0.5063333333333333,0.49366666666666664,-9.847198641765695,1121,-32.114183764495984,loss,0.003538152999681188,0.0,,0,4153416652889310878,16598305108710322726,6842020507374840286,2a436afb508972a32d4a4c0603f58f9790ebc98623c3d204b3b8c7ca58702e07,0,False
mixed,40,7,LRU,LRU,3000,1577,1423,0.5256666666666666,0.47433333333333333,0.0,1121,-26.94023193577163,loss,0.0033558690001882496,0.0,,0,4153416652889310878,16598305108710322726,6842020507374840286,2a436afb508972a32d4a4c0603f58f9790ebc98623c3d204b3b8c7ca58702e07,0,False
mixed,40,7,LFU,LFU,3000,1879,1121,0.6263333333333333,0.37366666666666665,51.27334465195248,1121,0.0,tie,0.0045436489999701735,0.0,,0,4153416652889310878,16598305108710322726,6842020507374840286,2a436afb508972a32d4a4c0603f58f9790ebc98623c3d204b3b8c7ca58702e07,0,False
mixed,40,7,MRU,MRU,3000,1340,1660,0.44666666666666666,0.5533333333333333,-40.237691001697804,1121,-48.08206958073149,loss,0.004339660999903572,0.0,,0,4153416652889310878,16598305108710322726,6842020507374840286,2a436afb508972a32d4a4c0603f58f9790ebc98623c3d204b3b8c7ca58702e07,0,False
mixed,40,7,OPT,OPT,3000,2166,834,0.722,0.278,100.0,1121,25.6021409455843,win,0.004519131999586534,0.0,,0,4153416652889310878,16598305108710322726,6842020507374840286,2a436afb508972a32d4a4c0603f58f9790ebc98623c3d204b3b8c7ca58702e07,0,False
mixed,40,7,LeCaR-inspired,LeCaR,3000,1618,1382,0.5393333333333333,0.46066666666666667,6.960950764006789,1121,-23.28278322925959,loss,0.005754353999691375,0.0,,0,4153416652889310878,16598305108710322726,6842020507374840286,2a436afb508972a32d4a4c0603f58f9790ebc98623c3d204b3b8c7ca58702e07,0,False
mixed,40,7,RL-Windowed,RL-Adaptive (windowed),3000,1691,1309,0.5636666666666666,0.43633333333333335,19.35483870967741,1121,-16.770740410347905,loss,0.005402994000178296,0.1389842700000372,"{""FIFO"": 0, ""LFU"": 31, ""LRU"": 20, ""MRU"": 9}",9,4153416652889310878,16598305108710322726,6842020507374840286,2a436afb508972a32d4a4c0603f58f9790ebc98623c3d204b3b8c7ca58702e07,0,False
mixed,40,7,RL-FixedCommit-20,RL-Adaptive (per-eviction),3000,1507,1493,0.5023333333333333,0.49766666666666665,-11.884550084889636,1121,-33.184656556645855,loss,0.004545120999864594,0.13697338800011494,"{""FIFO"": 360, ""LFU"": 0, ""LRU"": 893, ""MRU"": 200}",16,4153416652889310878,16598305108710322726,6842020507374840286,2a436afb508972a32d4a4c0603f58f9790ebc98623c3d204b3b8c7ca58702e07,0,False
mixed,40,8,FIFO,FIFO,3000,2199,801,0.733,0.267,-15.315315315315331,684,-17.105263157894736,loss,0.0021487889998752507,0.0,,0,3891037102051981712,8075803143106818046,11392874176746735604,990e351751b685ab4155878431df4485a687eb8487e95d877ada14c6d3502a84,0,False
mixed,40,8,LRU,LRU,3000,2250,750,0.75,0.25,0.0,684,-9.649122807017545,loss,0.0019738949995371513,0.0,,0,3891037102051981712,8075803143106818046,11392874176746735604,990e351751b685ab4155878431df4485a687eb8487e95d877ada14c6d3502a84,0,False
mixed,40,8,LFU,LFU,3000,2316,684,0.772,0.228,19.819819819819813,684,0.0,tie,0.002740070000072592,0.0,,0,3891037102051981712,8075803143106818046,11392874176746735604,990e351751b685ab4155878431df4485a687eb8487e95d877ada14c6d3502a84,0,False
mixed,40,8,MRU,MRU,3000,1023,1977,0.341,0.659,-368.46846846846853,684,-189.03508771929825,loss,0.004597951000505418,0.0,,0,3891037102051981712,8075803143106818046,11392874176746735604,990e351751b685ab4155878431df4485a687eb8487e95d877ada14c6d3502a84,0,False
mixed,40,8,OPT,OPT,3000,2583,417,0.861,0.139,100.0,684,39.03508771929825,win,0.003044649000003119,0.0,,0,3891037102051981712,8075803143106818046,11392874176746735604,990e351751b685ab4155878431df4485a687eb8487e95d877ada14c6d3502a84,0,False
mixed,40,8,LeCaR-inspired,LeCaR,3000,2234,766,0.7446666666666667,0.25533333333333336,-4.804804804804826,684,-11.988304093567251,loss,0.00435183900026459,0.0,,0,3891037102051981712,8075803143106818046,11392874176746735604,990e351751b685ab4155878431df4485a687eb8487e95d877ada14c6d3502a84,0,False
mixed,40,8,RL-Windowed,RL-Adaptive (windowed),3000,2188,812,0.7293333333333333,0.27066666666666667,-18.61861861861862,684,-18.71345029239766,loss,0.003284440000243194,0.11879489700004342,"{""FIFO"": 32, ""LFU"": 1, ""LRU"": 22, ""MRU"": 5}",9,3891037102051981712,8075803143106818046,11392874176746735604,990e351751b685ab4155878431df4485a687eb8487e95d877ada14c6d3502a84,0,False
mixed,40,8,RL-FixedCommit-20,RL-Adaptive (per-eviction),3000,2070,930,0.69,0.31,-54.054054054054056,684,-35.96491228070175,loss,0.0031238890005624853,0.1222747329993581,"{""FIFO"": 0, ""LFU"": 0, ""LRU"": 510, ""MRU"": 380}",17,3891037102051981712,8075803143106818046,11392874176746735604,990e351751b685ab4155878431df4485a687eb8487e95d877ada14c6d3502a84,0,False
mixed,40,9,FIFO,FIFO,3000,1952,1048,0.6506666666666666,0.34933333333333333,-13.657407407407407,762,-37.53280839895013,loss,0.0027163939994352404,0.0,,0,5875192336284552080,10345539874955881770,7712372346208189527,cbf8f9cfe677da565b2ae33e9de338703c7ca60244902fb48ab109eccb40a63b,0,False
mixed,40,9,LRU,LRU,3000,2011,989,0.6703333333333333,0.32966666666666666,0.0,762,-29.79002624671916,loss,0.0026613919999363134,0.0,,0,5875192336284552080,10345539874955881770,7712372346208189527,cbf8f9cfe677da565b2ae33e9de338703c7ca60244902fb48ab109eccb40a63b,0,False
mixed,40,9,LFU,LFU,3000,2238,762,0.746,0.254,52.54629629629629,762,0.0,tie,0.0030581099999835715,0.0,,0,5875192336284552080,10345539874955881770,7712372346208189527,cbf8f9cfe677da565b2ae33e9de338703c7ca60244902fb48ab109eccb40a63b,0,False
mixed,40,9,MRU,MRU,3000,1416,1584,0.472,0.528,-137.73148148148152,762,-107.8740157480315,loss,0.003959358000429347,0.0,,0,5875192336284552080,10345539874955881770,7712372346208189527,cbf8f9cfe677da565b2ae33e9de338703c7ca60244902fb48ab109eccb40a63b,0,False
mixed,40,9,OPT,OPT,3000,2443,557,0.8143333333333334,0.18566666666666667,100.0,762,26.902887139107612,win,0.0029185899993535713,0.0,,0,5875192336284552080,10345539874955881770,7712372346208189527,cbf8f9cfe677da565b2ae33e9de338703c7ca60244902fb48ab109eccb40a63b,0,False
mixed,40,9,LeCaR-inspired,LeCaR,3000,2019,981,0.673,0.327,1.8518518518518405,762,-28.74015748031496,loss,0.004942671000208065,0.0,,0,5875192336284552080,10345539874955881770,7712372346208189527,cbf8f9cfe677da565b2ae33e9de338703c7ca60244902fb48ab109eccb40a63b,0,False
mixed,40,9,RL-Windowed,RL-Adaptive (windowed),3000,2178,822,0.726,0.274,38.6574074074074,762,-7.874015748031496,loss,0.004027690999464539,0.14315533699937077,"{""FIFO"": 0, ""LFU"": 39, ""LRU"": 21, ""MRU"": 0}",9,5875192336284552080,10345539874955881770,7712372346208189527,cbf8f9cfe677da565b2ae33e9de338703c7ca60244902fb48ab109eccb40a63b,0,False
mixed,40,9,RL-FixedCommit-20,RL-Adaptive (per-eviction),3000,2024,976,0.6746666666666666,0.3253333333333333,3.009259259259275,762,-28.083989501312335,loss,0.003715339999871503,0.14987603699955798,"{""FIFO"": 60, ""LFU"": 460, ""LRU"": 416, ""MRU"": 0}",18,5875192336284552080,10345539874955881770,7712372346208189527,cbf8f9cfe677da565b2ae33e9de338703c7ca60244902fb48ab109eccb40a63b,0,False
